{
  "dataset": "lobster",
  "model": "ESGG",
  "rbf_degree_mean": 0.08945115508303883,
  "rbf_degree_std": 0.005055893416493374,
  "rbf_clustering_mean": 0.0,
  "rbf_clustering_std": 0.0,
  "rbf_orbit_mean": 0.2248550392910146,
  "rbf_orbit_std": 0.014526951794027023,
  "rbf_spectral_mean": 0.07052098230462152,
  "rbf_spectral_std": 0.005446442843285719,
  "gtv_degree_mean": 0.006423334803961756,
  "gtv_degree_std": 0.0004194211511448859,
  "gtv_clustering_mean": 0.0,
  "gtv_clustering_std": 0.0,
  "gtv_orbit_mean": 0.06474317022198509,
  "gtv_orbit_std": 0.0037294050961774496,
  "gtv_spectral_mean": 0.0106384702664436,
  "gtv_spectral_std": 0.000696041966619832,
  "umve_degree_mean": 0.08858202288506417,
  "umve_degree_std": 0.004994538652015564,
  "umve_clustering_mean": 0.0,
  "umve_clustering_std": 0.0,
  "umve_orbit_mean": 0.2241749557581989,
  "umve_orbit_std": 0.014510933535681343,
  "umve_spectral_mean": 0.06964849132462805,
  "umve_spectral_std": 0.005450276409519533
}