{
  "dataset": "lobster",
  "model": "DIGRESS",
  "rbf_degree_mean": 0.0021207933306931276,
  "rbf_degree_std": 0.0002611493960931731,
  "rbf_clustering_mean": 1.0417183481226112e-05,
  "rbf_clustering_std": 5.455475119647156e-06,
  "rbf_orbit_mean": 0.002302391251581589,
  "rbf_orbit_std": 0.0005577142034444385,
  "rbf_spectral_mean": 0.0020304206585989404,
  "rbf_spectral_std": 0.00023592772619348797,
  "gtv_degree_mean": 5.1684404495944134e-05,
  "gtv_degree_std": 1.793194742508409e-05,
  "gtv_clustering_mean": 1.5254453420654458e-06,
  "gtv_clustering_std": 9.07088563333794e-07,
  "gtv_orbit_mean": 0.00033845993078982504,
  "gtv_orbit_std": 0.00016006564481523997,
  "gtv_spectral_mean": 0.00021707397819268338,
  "gtv_spectral_std": 5.9572562480303537e-05,
  "umve_degree_mean": 0.0005081856925146398,
  "umve_degree_std": 0.0004829619281218903,
  "umve_clustering_mean": 5.3396992099497e-06,
  "umve_clustering_std": 3.79296684490843e-06,
  "umve_orbit_mean": 0.0007114709449144617,
  "umve_orbit_std": 0.000626910990593721,
  "umve_spectral_mean": 0.0002743677555934215,
  "umve_spectral_std": 0.00040764618832010295
}