{
  "dataset": "lobster",
  "model": "GRAN",
  "rbf_degree_mean": 0.3042556413853292,
  "rbf_degree_std": 0.00929639917381022,
  "rbf_clustering_mean": 0.007728448557113921,
  "rbf_clustering_std": 0.0011742113869468945,
  "rbf_orbit_mean": 0.16192956021024468,
  "rbf_orbit_std": 0.007680369226455407,
  "rbf_spectral_mean": 0.23675709144784896,
  "rbf_spectral_std": 0.005750834968372581,
  "gtv_degree_mean": 0.011793581999427283,
  "gtv_degree_std": 0.000509163165584756,
  "gtv_clustering_mean": 0.0032781821939427804,
  "gtv_clustering_std": 0.00046500307822117034,
  "gtv_orbit_mean": 0.19048100562405618,
  "gtv_orbit_std": 0.006328698094056784,
  "gtv_spectral_mean": 0.023306689157977865,
  "gtv_spectral_std": 0.0006921830573953488,
  "umve_degree_mean": 0.3032267708729478,
  "umve_degree_std": 0.00930472984011899,
  "umve_clustering_mean": 0.0075662050999335765,
  "umve_clustering_std": 0.001162613046275617,
  "umve_orbit_mean": 0.16075661528836985,
  "umve_orbit_std": 0.007664660854926675,
  "umve_spectral_mean": 0.23560548294241843,
  "umve_spectral_std": 0.005756296380933797
}