{
  "dataset": "lobster",
  "model": "AUTOGRAPH",
  "rbf_degree_mean": 0.007492135319903781,
  "rbf_degree_std": 0.0019996059033959446,
  "rbf_clustering_mean": 6.176366600472161e-05,
  "rbf_clustering_std": 4.34920591965613e-05,
  "rbf_orbit_mean": 0.008102022687239563,
  "rbf_orbit_std": 0.0025066218414940473,
  "rbf_spectral_mean": 0.008109686643621194,
  "rbf_spectral_std": 0.0019145507578580594,
  "gtv_degree_mean": 0.00034001548855637774,
  "gtv_degree_std": 9.500942472848937e-05,
  "gtv_clustering_mean": 4.858525993123308e-06,
  "gtv_clustering_std": 3.2669902060503274e-06,
  "gtv_orbit_mean": 0.0052352858258896354,
  "gtv_orbit_std": 0.0014594578385666438,
  "gtv_spectral_mean": 0.00094353739425721,
  "gtv_spectral_std": 0.000173523596651692,
  "umve_degree_mean": 0.006480542927954247,
  "umve_degree_std": 0.0020488038119173867,
  "umve_clustering_mean": 4.9489560420057366e-05,
  "umve_clustering_std": 3.8998205266280605e-05,
  "umve_orbit_mean": 0.007371793445007491,
  "umve_orbit_std": 0.0025470213181385,
  "umve_spectral_mean": 0.007145923905011675,
  "umve_spectral_std": 0.0019187938164089604
}