{
  "dataset": "planar",
  "model": "ESGG",
  "rbf_degree_mean": 0.0031516689994769906,
  "rbf_degree_std": 0.0006404082626830503,
  "rbf_clustering_mean": 0.0059621396777713494,
  "rbf_clustering_std": 0.0011083529498146529,
  "rbf_orbit_mean": 0.03160328924255398,
  "rbf_orbit_std": 0.004137336178245425,
  "rbf_spectral_mean": 0.0023163247572371925,
  "rbf_spectral_std": 0.0001045336163134323,
  "gtv_degree_mean": 1.8963706226471368e-05,
  "gtv_degree_std": 1.0944499714852767e-05,
  "gtv_clustering_mean": 0.005787283959416601,
  "gtv_clustering_std": 0.0009099940711813737,
  "gtv_orbit_mean": 0.0013329059929716891,
  "gtv_orbit_std": 0.0003331675682520751,
  "gtv_spectral_mean": 0.0008016153828283912,
  "gtv_spectral_std": 8.58539725250551e-05,
  "umve_degree_mean": 0.0016067390867166437,
  "umve_degree_std": 0.0007005964930534589,
  "umve_clustering_mean": 0.00490083876467885,
  "umve_clustering_std": 0.001110225321294758,
  "umve_orbit_mean": 0.030553435694372067,
  "umve_orbit_std": 0.0041468500937379155,
  "umve_spectral_mean": 0.0008360821152844089,
  "umve_spectral_std": 0.0001416790106748319
}