{
  "dataset": "planar",
  "model": "AUTOGRAPH",
  "rbf_degree_mean": 0.0029433800553215093,
  "rbf_degree_std": 0.0007042166270122697,
  "rbf_clustering_mean": 0.0021386634412698885,
  "rbf_clustering_std": 0.00029307573347076265,
  "rbf_orbit_mean": 0.003914542010397723,
  "rbf_orbit_std": 0.0011794410810333493,
  "rbf_spectral_mean": 0.002509374994162755,
  "rbf_spectral_std": 6.14205928971801e-05,
  "gtv_degree_mean": 6.541269698174812e-05,
  "gtv_degree_std": 2.4122145702964803e-05,
  "gtv_clustering_mean": 0.0022392512071979344,
  "gtv_clustering_std": 0.00045787955752344387,
  "gtv_orbit_mean": 0.00012189230493313552,
  "gtv_orbit_std": 5.646903602410822e-05,
  "gtv_spectral_mean": 0.0009893789587653412,
  "gtv_spectral_std": 7.279675177757331e-05,
  "umve_degree_mean": 0.0015819029988390076,
  "umve_degree_std": 0.000765293994716094,
  "umve_clustering_mean": 0.0005773839903425726,
  "umve_clustering_std": 0.0003849309909389706,
  "umve_orbit_mean": 0.002539375849071601,
  "umve_orbit_std": 0.0013271810474616297,
  "umve_spectral_mean": 0.001085832448228563,
  "umve_spectral_std": 8.243691864410045e-05
}