{
  "dataset": "planar",
  "model": "DIGRESS",
  "rbf_degree_mean": 0.015281233262473558,
  "rbf_degree_std": 0.001631649671568858,
  "rbf_clustering_mean": 0.015199331871730637,
  "rbf_clustering_std": 0.0020093716776980403,
  "rbf_orbit_mean": 0.03474602307149642,
  "rbf_orbit_std": 0.005527532662357436,
  "rbf_spectral_mean": 0.0029455388203608822,
  "rbf_spectral_std": 0.00012575137870331497,
  "gtv_degree_mean": 0.0005520943984476557,
  "gtv_degree_std": 4.866516998916925e-05,
  "gtv_clustering_mean": 0.015036364687627712,
  "gtv_clustering_std": 0.001855258177294245,
  "gtv_orbit_mean": 0.0037811194486371048,
  "gtv_orbit_std": 0.0003749289965605997,
  "gtv_spectral_mean": 0.0013647191100415236,
  "gtv_spectral_std": 0.00011231719473530464,
  "umve_degree_mean": 0.0142629311872835,
  "umve_degree_std": 0.0016021687767033084,
  "umve_clustering_mean": 0.014184455049373957,
  "umve_clustering_std": 0.002011042503184854,
  "umve_orbit_mean": 0.03373233394015686,
  "umve_orbit_std": 0.005417564754621012,
  "umve_spectral_mean": 0.0016675924025943978,
  "umve_spectral_std": 0.00016758334256066631
}