{
  "dataset": "planar",
  "model": "GRAN",
  "rbf_degree_mean": 0.009742546081542968,
  "rbf_degree_std": 8.839670978019611e-05,
  "rbf_clustering_mean": 0.009833463390455589,
  "rbf_clustering_std": 0.00010316116314503708,
  "rbf_orbit_mean": 0.010785879298559578,
  "rbf_orbit_std": 0.0006315857043132294,
  "rbf_spectral_mean": 0.009752298939186596,
  "rbf_spectral_std": 9.332300632361053e-05,
  "gtv_degree_mean": 7.045858209613343e-05,
  "gtv_degree_std": 2.9373643082787042e-05,
  "gtv_clustering_mean": 0.004876365736901533,
  "gtv_clustering_std": 0.0012078320395015273,
  "gtv_orbit_mean": 0.0005323678169954604,
  "gtv_orbit_std": 0.00018259541721431702,
  "gtv_spectral_mean": 0.0013320378560845113,
  "gtv_spectral_std": 0.00012960905888868656,
  "umve_degree_mean": 0.007801303143478143,
  "umve_degree_std": 8.409801852463981e-05,
  "umve_clustering_mean": 0.007888595171458542,
  "umve_clustering_std": 0.00010325748493247268,
  "umve_orbit_mean": 0.008946728610357554,
  "umve_orbit_std": 0.000759937227950809,
  "umve_spectral_mean": 0.007807002052599081,
  "umve_spectral_std": 9.350340816276833e-05
}