{
  "dataset": "proteins",
  "model": "GRAN",
  "rbf_degree_mean": 0.36521186789593474,
  "rbf_degree_std": 0.08576207280374237,
  "rbf_clustering_mean": 0.29128851626031227,
  "rbf_clustering_std": 0.039950098199493134,
  "rbf_orbit_mean": 0.4155982907475463,
  "rbf_orbit_std": 0.08411197342763813,
  "rbf_spectral_mean": 0.07697493598489222,
  "rbf_spectral_std": 0.010111110065224346,
  "gtv_degree_mean": 0.035257163046614706,
  "gtv_degree_std": 0.00921843274419085,
  "gtv_clustering_mean": 0.14253128806993695,
  "gtv_clustering_std": 0.01437427927649947,
  "gtv_orbit_mean": 0.32394643091728426,
  "gtv_orbit_std": 0.06636086191337817,
  "gtv_spectral_mean": 0.011993652071802762,
  "gtv_spectral_std": 0.0018285448120996047,
  "umve_degree_mean": 0.34403912609273923,
  "umve_degree_std": 0.08525424284034115,
  "umve_clustering_mean": 0.2642226054585513,
  "umve_clustering_std": 0.04053038731100773,
  "umve_orbit_mean": 0.39834923228388014,
  "umve_orbit_std": 0.0837337374802661,
  "umve_spectral_mean": 0.0500350022324433,
  "umve_spectral_std": 0.010005104342512927
}