{
  "dataset": "proteins",
  "model": "AUTOGRAPH",
  "rbf_degree_mean": 0.0517758506906139,
  "rbf_degree_std": 0.007610925279760669,
  "rbf_clustering_mean": 0.06716497297616433,
  "rbf_clustering_std": 0.01570552365044829,
  "rbf_orbit_mean": 0.02368825857958421,
  "rbf_orbit_std": 0.0044915299810741865,
  "rbf_spectral_mean": 0.05062643322002543,
  "rbf_spectral_std": 0.004687488579691595,
  "gtv_degree_mean": 0.003936052449039407,
  "gtv_degree_std": 0.0018290958372337246,
  "gtv_clustering_mean": 0.058767861241754406,
  "gtv_clustering_std": 0.007322507248067858,
  "gtv_orbit_mean": 0.02459934319428698,
  "gtv_orbit_std": 0.005919134990519544,
  "gtv_spectral_mean": 0.00482420720069352,
  "gtv_spectral_std": 0.0009308883218052556,
  "umve_degree_mean": 0.018880942533023058,
  "umve_degree_std": 0.0064625041966094275,
  "umve_clustering_mean": 0.03905585658232763,
  "umve_clustering_std": 0.017922029983121947,
  "umve_orbit_mean": 0.011353331329709348,
  "umve_orbit_std": 0.00386829825297036,
  "umve_spectral_mean": 0.01544381529759467,
  "umve_spectral_std": 0.005010944072878088
}