{
  "dataset": "proteins",
  "model": "DIGRESS",
  "rbf_degree_mean": 0.05235681929943795,
  "rbf_degree_std": 0.007499356101468243,
  "rbf_clustering_mean": 0.05145785502041835,
  "rbf_clustering_std": 0.006230867986769148,
  "rbf_orbit_mean": 0.06807972907531809,
  "rbf_orbit_std": 0.027136051087759353,
  "rbf_spectral_mean": 0.043598734680203324,
  "rbf_spectral_std": 0.00020976890580572352,
  "gtv_degree_mean": 0.0006364112239114928,
  "gtv_degree_std": 0.0005157878428455506,
  "gtv_clustering_mean": 0.050961002815027544,
  "gtv_clustering_std": 0.006024891548886446,
  "gtv_orbit_mean": 0.016096698800185872,
  "gtv_orbit_std": 0.007680233689111419,
  "gtv_spectral_mean": 0.0028069553703223837,
  "gtv_spectral_std": 0.0004655188731504984,
  "umve_degree_mean": 0.017181325586482887,
  "umve_degree_std": 0.009129539740320184,
  "umve_clustering_mean": 0.017400778847835238,
  "umve_clustering_std": 0.008326587293157743,
  "umve_orbit_mean": 0.03311909798102795,
  "umve_orbit_std": 0.02998760357372713,
  "umve_spectral_mean": 0.001600746387833054,
  "umve_spectral_std": 0.001710923677363167
}