{
  "dataset": "proteins",
  "model": "ESGG",
  "rbf_degree_mean": 0.11295269250381361,
  "rbf_degree_std": 0.027398764072166678,
  "rbf_clustering_mean": 0.10981611577550965,
  "rbf_clustering_std": 0.02652139256126914,
  "rbf_orbit_mean": 0.08221969547496813,
  "rbf_orbit_std": 0.02511152975412365,
  "rbf_spectral_mean": 0.04360098236338883,
  "rbf_spectral_std": 0.00017783558170941788,
  "gtv_degree_mean": 0.0025085992515094134,
  "gtv_degree_std": 0.0010153832640409424,
  "gtv_clustering_mean": 0.08185904341722569,
  "gtv_clustering_std": 0.01219016176126896,
  "gtv_orbit_mean": 0.013821071942229457,
  "gtv_orbit_std": 0.009627897456059607,
  "gtv_spectral_mean": 0.003543244103785215,
  "gtv_spectral_std": 0.0003263643332486742,
  "umve_degree_mean": 0.0835809228221406,
  "umve_degree_std": 0.02763444398577709,
  "umve_clustering_mean": 0.08125348576245464,
  "umve_clustering_std": 0.02758942649564802,
  "umve_orbit_mean": 0.0460696849295823,
  "umve_orbit_std": 0.027869928706122562,
  "umve_spectral_mean": 0.0042343122248007185,
  "umve_spectral_std": 0.0014429621328305073
}