{
  "dataset": "sbm",
  "model": "AUTOGRAPH",
  "rbf_degree_mean": 0.0021736118789323303,
  "rbf_degree_std": 0.00026509255647715453,
  "rbf_clustering_mean": 0.002113938041219481,
  "rbf_clustering_std": 0.00018873816952663072,
  "rbf_orbit_mean": 0.0023447490062928856,
  "rbf_orbit_std": 0.000615628883322898,
  "rbf_spectral_mean": 0.0019794072803523514,
  "rbf_spectral_std": 2.0484643923517926e-05,
  "gtv_degree_mean": 0.00013961395003134758,
  "gtv_degree_std": 7.416838565741404e-05,
  "gtv_clustering_mean": 0.0020001488237752106,
  "gtv_clustering_std": 3.2152528884673856e-05,
  "gtv_orbit_mean": 0.001892836456739351,
  "gtv_orbit_std": 0.00042690423865571393,
  "gtv_spectral_mean": 0.00025000079302348597,
  "gtv_spectral_std": 3.213496980566284e-05,
  "umve_degree_mean": 0.0005238712767114921,
  "umve_degree_std": 0.00045154215769981244,
  "umve_clustering_mean": 0.0004473644214942063,
  "umve_clustering_std": 0.0002888653225725378,
  "umve_orbit_mean": 0.0006822030035337979,
  "umve_orbit_std": 0.0008766362157597699,
  "umve_spectral_mean": 0.00018647045075744772,
  "umve_spectral_std": 8.580969784146175e-05
}