{
  "dataset": "sbm",
  "model": "DIGRESS",
  "rbf_degree_mean": 0.004814101204920279,
  "rbf_degree_std": 0.0010545003685923763,
  "rbf_clustering_mean": 0.0030907982670097035,
  "rbf_clustering_std": 0.00040497578492243994,
  "rbf_orbit_mean": 0.005155314392019069,
  "rbf_orbit_std": 0.0016409963619599187,
  "rbf_spectral_mean": 0.0019588497261813767,
  "rbf_spectral_std": 6.6355091615303755e-06,
  "gtv_degree_mean": 0.0007301794690406816,
  "gtv_degree_std": 0.0002199761621670101,
  "gtv_clustering_mean": 0.0020517648825917854,
  "gtv_clustering_std": 2.7060562457901047e-05,
  "gtv_orbit_mean": 0.0031050553805751836,
  "gtv_orbit_std": 0.00047841330220404316,
  "gtv_spectral_mean": 0.00032036660229806113,
  "gtv_spectral_std": 4.2094126788022776e-05,
  "umve_degree_mean": 0.0037628394718165594,
  "umve_degree_std": 0.001100443651089172,
  "umve_clustering_mean": 0.0019113081078225736,
  "umve_clustering_std": 0.00047198232843926333,
  "umve_orbit_mean": 0.0042637121282189435,
  "umve_orbit_std": 0.0016463935234612025,
  "umve_spectral_mean": 0.00023679679123901344,
  "umve_spectral_std": 6.207776275936073e-05
}