{
  "dataset": "sbm",
  "model": "GRAN",
  "rbf_degree_mean": 0.05168038738193729,
  "rbf_degree_std": 0.0027696729324580486,
  "rbf_clustering_mean": 0.045555268352314396,
  "rbf_clustering_std": 0.0013821017183135726,
  "rbf_orbit_mean": 0.03685209543795352,
  "rbf_orbit_std": 0.005084326480389963,
  "rbf_spectral_mean": 0.005609652309810476,
  "rbf_spectral_std": 0.0005368404056921842,
  "gtv_degree_mean": 0.00983147845937531,
  "gtv_degree_std": 0.00043219496107177344,
  "gtv_clustering_mean": 0.003996012819416457,
  "gtv_clustering_std": 0.00015696213500372672,
  "gtv_orbit_mean": 0.013918042228318656,
  "gtv_orbit_std": 0.0012252569042510073,
  "gtv_spectral_mean": 0.0012543239991199995,
  "gtv_spectral_std": 7.86065090873886e-05,
  "umve_degree_mean": 0.050711139203188225,
  "umve_degree_std": 0.0027707715082376945,
  "umve_clustering_mean": 0.04453936594770479,
  "umve_clustering_std": 0.0013807304676567878,
  "umve_orbit_mean": 0.03574768461981459,
  "umve_orbit_std": 0.005070939417125879,
  "umve_spectral_mean": 0.004043185470371596,
  "umve_spectral_std": 0.0005349732512195038
}