{
  "dataset": "sbm",
  "model": "ESGG",
  "rbf_degree_mean": 0.033472699162022654,
  "rbf_degree_std": 0.0023016441612494667,
  "rbf_clustering_mean": 0.0560840872557973,
  "rbf_clustering_std": 0.0022537416206202584,
  "rbf_orbit_mean": 0.08110250640920405,
  "rbf_orbit_std": 0.008034014829567566,
  "rbf_spectral_mean": 0.0492578916058226,
  "rbf_spectral_std": 0.0008572585771893827,
  "gtv_degree_mean": 0.003441966228335147,
  "gtv_degree_std": 0.0003865622326869628,
  "gtv_clustering_mean": 0.00681567029860988,
  "gtv_clustering_std": 0.00021118363543408614,
  "gtv_orbit_mean": 0.04540933259985171,
  "gtv_orbit_std": 0.002479183519073105,
  "gtv_spectral_mean": 0.02764679033496098,
  "gtv_spectral_std": 0.0004144192218868447,
  "umve_degree_mean": 0.03196068351609085,
  "umve_degree_std": 0.0023024681188030063,
  "umve_clustering_mean": 0.05450268568551144,
  "umve_clustering_std": 0.0022561103226586823,
  "umve_orbit_mean": 0.08003597721803542,
  "umve_orbit_std": 0.00805329791792618,
  "umve_spectral_mean": 0.04764610255964004,
  "umve_spectral_std": 0.0008581695709768858
}