{
  "dataset": "lobster",
  "model": "AUTOGRAPH",
  "pgs_mean": 0.16437363624572754,
  "pgs_std": 0.017287802184627967,
  "orbit4_mean": 0.14527198299765587,
  "orbit4_std": 0.024103972709098594,
  "orbit5_mean": 0.16437363624572754,
  "orbit5_std": 0.017287802184627967,
  "clustering_mean": 0.05176917593926191,
  "clustering_std": 0.010061923424329353,
  "degree_mean": 0.11018096804618835,
  "degree_std": 0.014762510525034325,
  "spectral_mean": 0.11845173165202141,
  "spectral_std": 0.01951481217885679,
  "gin_mean": 0.1290271982550621,
  "gin_std": 0.016165936037567278
}