{
  "dataset": "lobster",
  "model": "DIGRESS",
  "pgs_mean": 0.03924143249168992,
  "pgs_std": 0.03248220386514514,
  "orbit4_mean": 0.04995175795629621,
  "orbit4_std": 0.024885534994626167,
  "orbit5_mean": 0.050926321744918825,
  "orbit5_std": 0.02357967953083333,
  "clustering_mean": 0.016706612706184388,
  "clustering_std": 0.004488445390345783,
  "degree_mean": 0.014297981141135096,
  "degree_std": 0.015430760923627345,
  "spectral_mean": 0.005989086907356977,
  "spectral_std": 0.010614406100534943,
  "gin_mean": 0.024800696596503257,
  "gin_std": 0.02176272479714452
}