{
  "dataset": "lobster",
  "model": "ESGG",
  "pgs_mean": 0.698813134431839,
  "pgs_std": 0.005537660779248421,
  "orbit4_mean": 0.6599069535732269,
  "orbit4_std": 0.005783069997386865,
  "orbit5_mean": 0.698813134431839,
  "orbit5_std": 0.005537660779248421,
  "clustering_mean": 1.698643816450651e-05,
  "clustering_std": 3.3881317890172014e-21,
  "degree_mean": 0.6339545130729676,
  "degree_std": 0.010798493482026992,
  "spectral_mean": 0.5172623813152313,
  "spectral_std": 0.018179504903126743,
  "gin_mean": 0.6680329263210296,
  "gin_std": 0.010141860047031315
}