{
  "dataset": "lobster",
  "model": "GRAN",
  "pgs_mean": 0.8569836378097534,
  "pgs_std": 0.006847157252343821,
  "orbit4_mean": 0.854152399301529,
  "orbit4_std": 0.007766885195977423,
  "orbit5_mean": 0.8575773894786834,
  "orbit5_std": 0.007715452928739608,
  "clustering_mean": 0.2138247936964035,
  "clustering_std": 0.005922085227739064,
  "degree_mean": 0.7649931669235229,
  "degree_std": 0.00781597212841665,
  "spectral_mean": 0.699478703737259,
  "spectral_std": 0.012002905506601626,
  "gin_mean": 0.795848423242569,
  "gin_std": 0.008782916949955909
}