{
  "dataset": "lobster",
  "model": "AUTOGRAPH",
  "pgs_mean": 0.1644517958164215,
  "pgs_std": 0.01765200642487145,
  "orbit4_mean": 0.145256344974041,
  "orbit4_std": 0.024203446965870228,
  "orbit5_mean": 0.1644517958164215,
  "orbit5_std": 0.01765200642487145,
  "clustering_mean": 0.05170006677508354,
  "clustering_std": 0.010065082665626895,
  "degree_mean": 0.110224137455225,
  "degree_std": 0.014598828096033809,
  "spectral_mean": 0.11826909780502319,
  "spectral_std": 0.01928626927827194,
  "gin_mean": 0.1256614074110985,
  "gin_std": 0.014048414787934569
}