{
  "dataset": "planar",
  "model": "GRAN",
  "pgs_mean": 0.99256631731987,
  "pgs_std": 0.01055756221907774,
  "orbit4_mean": 0.9887974202632904,
  "orbit4_std": 0.009097709304288864,
  "orbit5_mean": 0.99256631731987,
  "orbit5_std": 0.01055756221907774,
  "clustering_mean": 0.9913299143314361,
  "clustering_std": 0.004059051004498437,
  "degree_mean": 0.9815228283405304,
  "degree_std": 0.007073035371257021,
  "spectral_mean": 0.9822031199932099,
  "spectral_std": 0.006060415199736669,
  "gin_mean": 0.9807814955711365,
  "gin_std": 0.007590579780905048
}