{
  "dataset": "planar",
  "model": "AUTOGRAPH",
  "pgs_mean": 0.33451210260391234,
  "pgs_std": 0.013120188126471774,
  "orbit4_mean": 0.280972558259964,
  "orbit4_std": 0.011221844662679009,
  "orbit5_mean": 0.33451210260391234,
  "orbit5_std": 0.013120188126471774,
  "clustering_mean": 0.06061497256159783,
  "clustering_std": 0.03672866081705355,
  "degree_mean": 0.08162694461643696,
  "degree_std": 0.019016679802856182,
  "spectral_mean": 0.2763736128807068,
  "spectral_std": 0.022319249817004377,
  "gin_mean": 0.08425862677395343,
  "gin_std": 0.017640048812274448
}