{
  "dataset": "planar",
  "model": "DIGRESS",
  "pgs_mean": 0.45390724539756777,
  "pgs_std": 0.01780284620640042,
  "orbit4_mean": 0.41055178046226504,
  "orbit4_std": 0.017830851133590852,
  "orbit5_mean": 0.45390724539756777,
  "orbit5_std": 0.01780284620640042,
  "clustering_mean": 0.2395790696144104,
  "clustering_std": 0.022445381492399503,
  "degree_mean": 0.23660758137702942,
  "degree_std": 0.019061310170201035,
  "spectral_mean": 0.3937803715467453,
  "spectral_std": 0.019046587041308585,
  "gin_mean": 0.29272063374519347,
  "gin_std": 0.02107265987475287
}