{
  "dataset": "planar",
  "model": "ESGG",
  "pgs_mean": 0.4501197934150696,
  "pgs_std": 0.013877549774192238,
  "orbit4_mean": 0.4275707721710205,
  "orbit4_std": 0.01844366205647199,
  "orbit5_mean": 0.4501197934150696,
  "orbit5_std": 0.013877549774192238,
  "clustering_mean": 0.1087577186524868,
  "clustering_std": 0.03172366503849265,
  "degree_mean": 0.21723143607378007,
  "degree_std": 0.02983722971923421,
  "spectral_mean": 0.2960225701332092,
  "spectral_std": 0.017011187316637845,
  "gin_mean": 0.3286922097206116,
  "gin_std": 0.02129629141123785
}