{
  "dataset": "proteins",
  "model": "ESGG",
  "pgs_mean": 0.7776440143585205,
  "pgs_std": 0.05148523938278687,
  "orbit4_mean": 0.729397201538086,
  "orbit4_std": 0.06494188140685758,
  "orbit5_mean": 0.7900026857852935,
  "orbit5_std": 0.03611449401785532,
  "clustering_mean": 0.5598728597164154,
  "clustering_std": 0.08794579934688163,
  "degree_mean": 0.5310781210660934,
  "degree_std": 0.0781457469447473,
  "spectral_mean": 0.2955268308520317,
  "spectral_std": 0.1106904697404601,
  "gin_mean": 0.48112153708934785,
  "gin_std": 0.10111223322761731
}