{
  "dataset": "proteins",
  "model": "AUTOGRAPH",
  "pgs_mean": 0.5530804321169853,
  "pgs_std": 0.12023298911316875,
  "orbit4_mean": 0.41355215609073637,
  "orbit4_std": 0.07093017268754992,
  "orbit5_mean": 0.5929258853197098,
  "orbit5_std": 0.0571316011610825,
  "clustering_mean": 0.39194381460547445,
  "clustering_std": 0.14625172585015644,
  "degree_mean": 0.28456920981407163,
  "degree_std": 0.06780408542164987,
  "spectral_mean": 0.48768029659986495,
  "spectral_std": 0.11348500916773693,
  "gin_mean": 0.4334182947874069,
  "gin_std": 0.07227047050622887
}