{
  "dataset": "proteins",
  "model": "DIGRESS",
  "pgs_mean": 0.8678147435188294,
  "pgs_std": 0.029019410085963114,
  "orbit4_mean": 0.5758063465356826,
  "orbit4_std": 0.055036298075215706,
  "orbit5_mean": 0.8678147435188294,
  "orbit5_std": 0.029019410085963114,
  "clustering_mean": 0.2886597789824009,
  "clustering_std": 0.09041068060811813,
  "degree_mean": 0.1449437089264393,
  "degree_std": 0.11150320721599809,
  "spectral_mean": 0.2652949784882367,
  "spectral_std": 0.09677198049892824,
  "gin_mean": 0.09210056643933058,
  "gin_std": 0.08543799244076415
}