{
  "dataset": "proteins",
  "model": "GRAN",
  "pgs_mean": 0.860624372959137,
  "pgs_std": 0.07231941610364573,
  "orbit4_mean": 0.8660283744335174,
  "orbit4_std": 0.03698829580304876,
  "orbit5_mean": 0.8908800661563874,
  "orbit5_std": 0.04388359699330607,
  "clustering_mean": 0.8051695883274078,
  "clustering_std": 0.0642984945438695,
  "degree_mean": 0.6824586808681488,
  "degree_std": 0.08332277122171118,
  "spectral_mean": 0.6786557197570801,
  "spectral_std": 0.05411577260978389,
  "gin_mean": 0.6531546950340271,
  "gin_std": 0.07201408400257822
}