{
  "dataset": "sbm",
  "model": "ESGG",
  "pgs_mean": 0.9937696039676667,
  "pgs_std": 0.002147706099405409,
  "orbit4_mean": 0.8915896952152252,
  "orbit4_std": 0.007373964028220971,
  "orbit5_mean": 0.9677061975002289,
  "orbit5_std": 0.0037122351669749806,
  "clustering_mean": 0.978789895772934,
  "clustering_std": 0.0045733630758028245,
  "degree_mean": 0.974606329202652,
  "degree_std": 0.0063131647044229544,
  "spectral_mean": 0.9937696039676667,
  "spectral_std": 0.002147706099405409,
  "gin_mean": 0.9830412030220032,
  "gin_std": 0.003987691042089542
}