{
  "dataset": "sbm",
  "model": "AUTOGRAPH",
  "pgs_mean": 0.05840279497206211,
  "pgs_std": 0.012135827346156891,
  "orbit4_mean": 0.02428391333669424,
  "orbit4_std": 0.02684729319539293,
  "orbit5_mean": 0.0298163328319788,
  "orbit5_std": 0.02182585016742897,
  "clustering_mean": 0.008842809218913316,
  "clustering_std": 0.011849251347102938,
  "degree_mean": 0.05884070843458176,
  "degree_std": 0.014665181547514427,
  "spectral_mean": 0.044284033216536046,
  "spectral_std": 0.021576716770175742,
  "gin_mean": 0.060586947947740555,
  "gin_std": 0.015782061211839563
}