{
  "dataset": "sbm",
  "model": "DIGRESS",
  "pgs_mean": 0.16697803884744644,
  "pgs_std": 0.017236165080640808,
  "orbit4_mean": 0.14700370654463768,
  "orbit4_std": 0.017508564030494663,
  "orbit5_mean": 0.16697803884744644,
  "orbit5_std": 0.017236165080640808,
  "clustering_mean": 0.05317193679511547,
  "clustering_std": 0.032624929775425346,
  "degree_mean": 0.1006348580121994,
  "degree_std": 0.024992949644855975,
  "spectral_mean": 0.07568384818732739,
  "spectral_std": 0.03165982559521878,
  "gin_mean": 0.14347104281187056,
  "gin_std": 0.01751442334573614
}