{
  "dataset": "sbm",
  "model": "GRAN",
  "pgs_mean": 0.6877518713474273,
  "pgs_std": 0.011109317118594331,
  "orbit4_mean": 0.6226763784885406,
  "orbit4_std": 0.015124185671911391,
  "orbit5_mean": 0.65572310090065,
  "orbit5_std": 0.013974353565991032,
  "clustering_mean": 0.49555176198482515,
  "clustering_std": 0.017891553696035595,
  "degree_mean": 0.5784126877784729,
  "degree_std": 0.017723652428519115,
  "spectral_mean": 0.5396673202514648,
  "spectral_std": 0.014927895052554482,
  "gin_mean": 0.69082310795784,
  "gin_std": 0.010214705627142164
}