{
  "dataset": "lobster",
  "model": "DIGRESS",
  "subsample_size": 64,
  "descriptor": "orbit4",
  "variant": "umve",
  "num_bootstrap": 100,
  "mmd_mean": 0.007470081606674517,
  "mmd_std": 0.009840230841202547,
  "mmd_low": -0.00013892782811716908,
  "mmd_high": 0.0364168505470035,
  "mmd_runtime_seconds": 3.192341,
  "mmd_runtime_perf_seconds": 3.192341
}