{
  "dataset": "planar",
  "model": "ESGG",
  "subsample_size": 256,
  "descriptor": "orbit4",
  "variant": "biased",
  "num_bootstrap": 100,
  "mmd_mean": 0.03671744020640463,
  "mmd_std": 0.010083174231557555,
  "mmd_low": 0.021901667722402107,
  "mmd_high": 0.06028984943246753,
  "mmd_runtime_seconds": 4.551479,
  "mmd_runtime_perf_seconds": 4.551479
}