{
  "dataset": "lobster",
  "model": "GRAN",
  "subsample_size": 4096,
  "descriptor": "spectral",
  "variant": "biased",
  "num_bootstrap": 100,
  "mmd_mean": 0.23731476699640563,
  "mmd_std": 0.005603638836236389,
  "mmd_low": 0.2273642130175902,
  "mmd_high": 0.24763529177308288,
  "mmd_runtime_seconds": 722.751523,
  "mmd_runtime_perf_seconds": 722.751523
}