{
  "dataset": "sbm",
  "model": "GRAN",
  "subsample_size": 4096,
  "descriptor": "orbit5",
  "variant": "biased",
  "num_bootstrap": 100,
  "mmd_mean": 0.037142881059684295,
  "mmd_std": 0.00281576906931466,
  "mmd_low": 0.03110674615233648,
  "mmd_high": 0.04278798380603267,
  "mmd_runtime_seconds": 696.489338,
  "mmd_runtime_perf_seconds": 696.489338
}