{
  "dataset": "lobster",
  "model": "DIGRESS",
  "subsample_size": 128,
  "descriptor": "gin",
  "variant": "umve",
  "num_bootstrap": 100,
  "mmd_mean": 0.004355520132546551,
  "mmd_std": 0.006090891027605518,
  "mmd_low": -6.95508268533318e-05,
  "mmd_high": 0.01821349898873393,
  "mmd_runtime_seconds": 21.027122,
  "mmd_runtime_perf_seconds": 21.027122
}