{
  "dataset": "sbm",
  "model": "ESGG",
  "subsample_size": 256,
  "descriptor": "clustering",
  "variant": "umve",
  "num_bootstrap": 100,
  "mmd_mean": 0.051765630168349584,
  "mmd_std": 0.0052295711189950305,
  "mmd_low": 0.04104745336518062,
  "mmd_high": 0.06221500053222195,
  "mmd_runtime_seconds": 14.69818,
  "mmd_runtime_perf_seconds": 14.69818
}