{
  "dataset": "sbm",
  "model": "ESGG",
  "subsample_size": 1024,
  "descriptor": "orbit5",
  "variant": "umve",
  "num_bootstrap": 100,
  "mmd_mean": 0.10306336899295639,
  "mmd_std": 0.006040042058249828,
  "mmd_low": 0.09127328942086396,
  "mmd_high": 0.11487772088956091,
  "mmd_runtime_seconds": 63.434952,
  "mmd_runtime_perf_seconds": 63.434952
}