{
  "dataset": "planar",
  "model": "ESGG",
  "subsample_size": 1024,
  "descriptor": "orbit4",
  "variant": "biased",
  "num_bootstrap": 100,
  "mmd_mean": 0.03159767540307175,
  "mmd_std": 0.004057657651508698,
  "mmd_low": 0.024484918942859188,
  "mmd_high": 0.04008227169217476,
  "mmd_runtime_seconds": 51.316187,
  "mmd_runtime_perf_seconds": 51.316187
}