{
  "dataset": "lobster",
  "model": "AUTOGRAPH",
  "subsample_size": 8,
  "descriptor": "degree",
  "variant": "umve",
  "num_bootstrap": 100,
  "mmd_mean": 0.04864373286169164,
  "mmd_std": 0.060226525645191584,
  "mmd_low": -8.715284978663144e-117,
  "mmd_high": 0.18410435791017538,
  "mmd_runtime_seconds": 3.445701,
  "mmd_runtime_perf_seconds": 3.445701
}