{
  "dataset": "lobster",
  "model": "ESGG",
  "subsample_size": 512,
  "descriptor": "orbit4",
  "variant": "umve",
  "num_bootstrap": 100,
  "mmd_mean": 0.2276494516969108,
  "mmd_std": 0.021076063856543606,
  "mmd_low": 0.18708738049500503,
  "mmd_high": 0.26556770119528744,
  "mmd_runtime_seconds": 13.379801,
  "mmd_runtime_perf_seconds": 13.379801
}