{
  "dataset": "sbm",
  "model": "DIGRESS",
  "subsample_size": 64,
  "descriptor": "gin",
  "variant": "umve",
  "num_bootstrap": 100,
  "mmd_mean": 0.009234903804677787,
  "mmd_std": 0.009794209867414942,
  "mmd_low": -9.148830006817097e-05,
  "mmd_high": 0.03287567531460642,
  "mmd_runtime_seconds": 187.691903,
  "mmd_runtime_perf_seconds": 187.691903
}