{
  "dataset": "planar",
  "model": "AUTOGRAPH",
  "subsample_size": 8,
  "descriptor": "clustering",
  "variant": "umve",
  "num_bootstrap": 100,
  "mmd_mean": 0.025331709457923658,
  "mmd_std": 0.04101380498738149,
  "mmd_low": -4.3049227760339786e-94,
  "mmd_high": 0.11197314875844906,
  "mmd_runtime_seconds": 8.980408,
  "mmd_runtime_perf_seconds": 8.980408
}