{
  "dataset": "sbm",
  "model": "DIGRESS",
  "subsample_size": 2048,
  "descriptor": "spectral",
  "variant": "umve",
  "num_bootstrap": 100,
  "mmd_mean": 0.0003192056777916502,
  "mmd_std": 8.499794901246934e-05,
  "mmd_low": 0.00018807136109897098,
  "mmd_high": 0.0005301025991125234,
  "mmd_runtime_seconds": 305.093701,
  "mmd_runtime_perf_seconds": 305.093701
}