{
  "dataset": "sbm",
  "model": "test",
  "subsample_size": 8,
  "descriptor": "orbit4",
  "variant": "umve",
  "num_bootstrap": 100,
  "mmd_mean": 0.06727606336531049,
  "mmd_std": 0.06193108960571776,
  "mmd_low": -0.00048161694245435813,
  "mmd_high": 0.18693251671652156,
  "mmd_runtime_seconds": 0.094113,
  "mmd_runtime_perf_seconds": 0.094113
}