{
  "dataset": "sbm",
  "model": "test",
  "subsample_size": 64,
  "descriptor": "orbit4",
  "variant": "umve",
  "num_bootstrap": 100,
  "mmd_mean": 0.010674694744868332,
  "mmd_std": 0.013403896297198814,
  "mmd_low": -0.0001477299377726615,
  "mmd_high": 0.0499107391311278,
  "mmd_runtime_seconds": 0.717453,
  "mmd_runtime_perf_seconds": 0.717453
}