{
  "dataset": "planar",
  "model": "AUTOGRAPH",
  "subsample_size": 2048,
  "descriptor": "orbit5",
  "variant": "biased",
  "num_bootstrap": 100,
  "mmd_mean": 0.0031496088114491764,
  "mmd_std": 0.0009439816795031312,
  "mmd_low": 0.0017125237220744058,
  "mmd_high": 0.0051823076767865675,
  "mmd_runtime_seconds": 230.74999,
  "mmd_runtime_perf_seconds": 230.74999
}