{
  "dataset": "planar",
  "model": "ESGG",
  "subsample_size": 64,
  "descriptor": "orbit5",
  "variant": "umve",
  "num_bootstrap": 100,
  "mmd_mean": 0.025864716465286538,
  "mmd_std": 0.017217732347318864,
  "mmd_low": 0.0022857742894077317,
  "mmd_high": 0.06637367123156869,
  "mmd_runtime_seconds": 2.839438,
  "mmd_runtime_perf_seconds": 2.839438
}