{
  "dataset": "lobster",
  "model": "test",
  "subsample_size": 64,
  "descriptor": "gin",
  "variant": "biased",
  "num_bootstrap": 100,
  "mmd_mean": 0.03383996095715825,
  "mmd_std": 0.004055884498817904,
  "mmd_low": 0.031236531817505984,
  "mmd_high": 0.04619936734870607,
  "mmd_runtime_seconds": 2.703464,
  "mmd_runtime_perf_seconds": 2.703464
}