{
  "dataset": "lobster",
  "model": "test",
  "subsample_size": 256,
  "descriptor": "degree",
  "variant": "biased",
  "num_bootstrap": 100,
  "mmd_mean": 0.008609981964001591,
  "mmd_std": 0.0009244674212036846,
  "mmd_low": 0.007720055307806615,
  "mmd_high": 0.01067589339848005,
  "mmd_runtime_seconds": 5.904967,
  "mmd_runtime_perf_seconds": 5.904967
}