{
  "dataset": "planar",
  "model": "DIGRESS",
  "subsample_size": 2048,
  "descriptor": "degree",
  "variant": "umve",
  "num_bootstrap": 100,
  "mmd_mean": 0.013829406371414943,
  "mmd_std": 0.001671227908974879,
  "mmd_low": 0.010312561428033672,
  "mmd_high": 0.017158398367792285,
  "mmd_runtime_seconds": 226.632117,
  "mmd_runtime_perf_seconds": 226.632117
}