{
  "dataset": "sbm",
  "model": "ESGG",
  "subsample_size": 1024,
  "descriptor": "degree",
  "variant": "biased",
  "num_bootstrap": 100,
  "mmd_mean": 0.03346023817641535,
  "mmd_std": 0.0031946996913756603,
  "mmd_low": 0.027416813109789422,
  "mmd_high": 0.040960081034151635,
  "mmd_runtime_seconds": 50.365178,
  "mmd_runtime_perf_seconds": 50.365178
}