{
  "dataset": "sbm",
  "model": "GRAN",
  "subsample_size": 8,
  "descriptor": "spectral",
  "variant": "biased",
  "num_bootstrap": 100,
  "mmd_mean": 0.2510471723536974,
  "mmd_std": 0.002625718216394444,
  "mmd_low": 0.25,
  "mmd_high": 0.26011222412461266,
  "mmd_runtime_seconds": 25.539525,
  "mmd_runtime_perf_seconds": 25.539525
}