{
  "dataset": "planar",
  "model": "ESGG",
  "subsample_size": 2048,
  "descriptor": "clustering",
  "variant": "umve",
  "num_bootstrap": 100,
  "mmd_mean": 0.0037283580569156247,
  "mmd_std": 0.0008464468677710073,
  "mmd_low": 0.0022521729161920525,
  "mmd_high": 0.00529716021122626,
  "mmd_runtime_seconds": 210.129012,
  "mmd_runtime_perf_seconds": 210.129012
}