{
  "dataset": "planar",
  "model": "AUTOGRAPH",
  "subsample_size": 2048,
  "descriptor": "clustering",
  "variant": "umve",
  "num_bootstrap": 100,
  "mmd_mean": 0.0004954142953394626,
  "mmd_std": 0.0003305917970533356,
  "mmd_low": 9.071113812708193e-06,
  "mmd_high": 0.0011899470123650066,
  "mmd_runtime_seconds": 257.10311,
  "mmd_runtime_perf_seconds": 257.10311
}