{
  "dataset": "sbm",
  "model": "test",
  "subsample_size": 8,
  "descriptor": "spectral",
  "variant": "biased",
  "num_bootstrap": 100,
  "mmd_mean": 0.2501045353886613,
  "mmd_std": 0.0003500749856379459,
  "mmd_low": 0.25,
  "mmd_high": 0.2514891170311511,
  "mmd_runtime_seconds": 0.289585,
  "mmd_runtime_perf_seconds": 0.289585
}