{
  "dataset": "lobster",
  "model": "DIGRESS",
  "subsample_size": 4096,
  "descriptor": "spectral",
  "variant": "umve",
  "num_bootstrap": 100,
  "mmd_mean": 0.0002618059434539642,
  "mmd_std": 0.00020711967222922524,
  "mmd_low": 2.087092778599587e-05,
  "mmd_high": 0.0007079261459437044,
  "mmd_runtime_seconds": 959.07145,
  "mmd_runtime_perf_seconds": 959.07145
}