{
  "dataset": "sbm",
  "model": "GRAN",
  "subsample_size": 16,
  "descriptor": "degree",
  "variant": "biased",
  "num_bootstrap": 100,
  "mmd_mean": 0.14907190917512195,
  "mmd_std": 0.028585451942772816,
  "mmd_low": 0.125,
  "mmd_high": 0.2165489652232164,
  "mmd_runtime_seconds": 3.161752,
  "mmd_runtime_perf_seconds": 3.161752
}