{
  "dataset": "lobster",
  "model": "DIGRESS",
  "subsample_size": 64,
  "descriptor": "spectral",
  "variant": "biased",
  "num_bootstrap": 100,
  "mmd_mean": 0.03202739047384886,
  "mmd_std": 0.002092272331060615,
  "mmd_low": 0.03125,
  "mmd_high": 0.037949131940096956,
  "mmd_runtime_seconds": 17.461472,
  "mmd_runtime_perf_seconds": 17.461472
}