{
  "dataset": "planar",
  "model": "test",
  "subsample_size": 128,
  "descriptor": "spectral",
  "variant": "umve",
  "num_bootstrap": 100,
  "mmd_mean": 0.0001734680318518377,
  "mmd_std": 0.0002910758379765928,
  "mmd_low": 0.0,
  "mmd_high": 0.00106326337125164,
  "mmd_runtime_seconds": 3.031336,
  "mmd_runtime_perf_seconds": 3.031336
}