{
  "dataset": "planar",
  "model": "test",
  "subsample_size": 32,
  "descriptor": "clustering",
  "variant": "biased",
  "num_bootstrap": 100,
  "mmd_mean": 0.06905098768500575,
  "mmd_std": 0.009294609737133913,
  "mmd_low": 0.0625,
  "mmd_high": 0.0962104130263034,
  "mmd_runtime_seconds": 0.377156,
  "mmd_runtime_perf_seconds": 0.377156
}