{
  "dataset": "planar",
  "model": "GRAN",
  "subsample_size": 8,
  "descriptor": "gin",
  "variant": "umve",
  "num_bootstrap": 100,
  "mmd_mean": 0.07083263114596657,
  "mmd_std": 0.09433201516682099,
  "mmd_low": -0.001045010925809661,
  "mmd_high": 0.3425302107040749,
  "mmd_runtime_seconds": 39.4418,
  "mmd_runtime_perf_seconds": 39.4418
}