{
  "dataset": "lobster",
  "model": "AUTOGRAPH",
  "subsample_size": 4096,
  "descriptor": "spectral",
  "variant": "umve",
  "num_bootstrap": 100,
  "mmd_mean": 0.007786895131275455,
  "mmd_std": 0.0011812898271897825,
  "mmd_low": 0.0058097337641607235,
  "mmd_high": 0.010276786066099464,
  "mmd_runtime_seconds": 952.046351,
  "mmd_runtime_perf_seconds": 952.046351
}