{
  "dataset": "planar",
  "model": "DIGRESS",
  "subsample_size": 2048,
  "descriptor": "clustering",
  "variant": "biased",
  "num_bootstrap": 100,
  "mmd_mean": 0.0143909521597925,
  "mmd_std": 0.0016547083636494046,
  "mmd_low": 0.011489205342431322,
  "mmd_high": 0.0178183513328608,
  "mmd_runtime_seconds": 207.640139,
  "mmd_runtime_perf_seconds": 207.640139
}