{
  "dataset": "lobster",
  "model": "AUTOGRAPH",
  "subsample_size": 128,
  "descriptor": "orbit4",
  "variant": "umve",
  "num_bootstrap": 100,
  "mmd_mean": 0.009492117161583604,
  "mmd_std": 0.009733302912859343,
  "mmd_low": 2.4054488389824348e-06,
  "mmd_high": 0.0363322039404274,
  "mmd_runtime_seconds": 3.913362,
  "mmd_runtime_perf_seconds": 3.913362
}