{
  "dataset": "sbm",
  "model": "test",
  "subsample_size": 2048,
  "descriptor": "clustering",
  "variant": "biased",
  "num_bootstrap": 100,
  "mmd_mean": 0.0009783352683882065,
  "mmd_std": 5.683088912974778e-06,
  "mmd_low": 0.0009765625,
  "mmd_high": 0.0009893579714098447,
  "mmd_runtime_seconds": 222.297752,
  "mmd_runtime_perf_seconds": 222.297752
}