{
  "dataset": "lobster",
  "model": "DIGRESS",
  "subsample_size": 128,
  "descriptor": "orbit4",
  "variant": "umve",
  "num_bootstrap": 100,
  "mmd_mean": 0.004064829295001801,
  "mmd_std": 0.005848089107353582,
  "mmd_low": -6.48398029400976e-05,
  "mmd_high": 0.0181240632202655,
  "mmd_runtime_seconds": 4.128755,
  "mmd_runtime_perf_seconds": 4.128755
}