{
  "dataset": "lobster",
  "model": "DIGRESS",
  "subsample_size": 8,
  "descriptor": "gin",
  "variant": "biased",
  "num_bootstrap": 100,
  "mmd_mean": 0.27604604415172673,
  "mmd_std": 0.04258618551587022,
  "mmd_low": 0.24999642025367516,
  "mmd_high": 0.3710232653279397,
  "mmd_runtime_seconds": 15.318542,
  "mmd_runtime_perf_seconds": 15.318542
}