{
  "dataset": "planar",
  "model": "GRAN",
  "subsample_size": 1024,
  "descriptor": "gin",
  "variant": "umve",
  "num_bootstrap": 100,
  "mmd_mean": 0.009905528529016699,
  "mmd_std": 0.0019197326782233446,
  "mmd_low": 0.007751825915990058,
  "mmd_high": 0.015082676370143627,
  "mmd_runtime_seconds": 158.383379,
  "mmd_runtime_perf_seconds": 158.383379
}