{
  "dataset": "planar",
  "model": "ESGG",
  "subsample_size": 2048,
  "descriptor": "clustering",
  "variant": "biased",
  "num_bootstrap": 100,
  "mmd_mean": 0.004239481625661366,
  "mmd_std": 0.000842945121556522,
  "mmd_low": 0.002762861935217906,
  "mmd_high": 0.005807119155357099,
  "mmd_runtime_seconds": 208.837044,
  "mmd_runtime_perf_seconds": 208.837044
}