{
  "dataset": "lobster",
  "model": "DIGRESS",
  "subsample_size": 16,
  "descriptor": "orbit4",
  "variant": "biased",
  "num_bootstrap": 100,
  "mmd_mean": 0.14085183440607088,
  "mmd_std": 0.03599889105968687,
  "mmd_low": 0.11955382142407354,
  "mmd_high": 0.26063248538171924,
  "mmd_runtime_seconds": 2.754806,
  "mmd_runtime_perf_seconds": 2.754806
}