{
  "dataset": "lobster",
  "model": "ESGG",
  "subsample_size": 64,
  "descriptor": "orbit5",
  "variant": "biased",
  "num_bootstrap": 100,
  "mmd_mean": 0.21600884973956092,
  "mmd_std": 0.057973161747110764,
  "mmd_low": 0.1235940455541821,
  "mmd_high": 0.3425797925119638,
  "mmd_runtime_seconds": 1.406503,
  "mmd_runtime_perf_seconds": 1.406503
}