{
  "dataset": "planar",
  "model": "DIGRESS",
  "subsample_size": 128,
  "descriptor": "degree",
  "variant": "umve",
  "num_bootstrap": 100,
  "mmd_mean": 0.01551157140281354,
  "mmd_std": 0.009104967809814925,
  "mmd_low": 0.0033708734587609896,
  "mmd_high": 0.03517297992422876,
  "mmd_runtime_seconds": 3.76421,
  "mmd_runtime_perf_seconds": 3.76421
}