{
  "dataset": "sbm",
  "model": "AUTOGRAPH",
  "subsample_size": 1024,
  "descriptor": "clustering",
  "variant": "biased",
  "num_bootstrap": 100,
  "mmd_mean": 0.002032799807768862,
  "mmd_std": 0.0001351834526188067,
  "mmd_low": 0.001953125,
  "mmd_high": 0.0023384419605926824,
  "mmd_runtime_seconds": 84.26494,
  "mmd_runtime_perf_seconds": 84.26494
}