{
  "dataset": "planar",
  "model": "ESGG",
  "subsample_size": 2048,
  "descriptor": "gin",
  "variant": "biased",
  "num_bootstrap": 100,
  "mmd_mean": 0.03228335338692135,
  "mmd_std": 0.0035751796448878904,
  "mmd_low": 0.026365990587773388,
  "mmd_high": 0.03938061977065152,
  "mmd_runtime_seconds": 356.673058,
  "mmd_runtime_perf_seconds": 356.673058
}