{
  "dataset": "sbm",
  "model": "AUTOGRAPH",
  "subsample_size": 2048,
  "descriptor": "orbit5",
  "variant": "biased",
  "num_bootstrap": 100,
  "mmd_mean": 0.0012485479060564883,
  "mmd_std": 0.00029669694279219825,
  "mmd_low": 0.0009738186138928619,
  "mmd_high": 0.0019645965871263084,
  "mmd_runtime_seconds": 272.430523,
  "mmd_runtime_perf_seconds": 272.430523
}