{
  "dataset": "planar",
  "model": "ESGG",
  "subsample_size": 128,
  "descriptor": "clustering",
  "variant": "biased",
  "num_bootstrap": 100,
  "mmd_mean": 0.018067993596233834,
  "mmd_std": 0.004057508159499239,
  "mmd_low": 0.015560913085937501,
  "mmd_high": 0.0308006641390004,
  "mmd_runtime_seconds": 5.954836,
  "mmd_runtime_perf_seconds": 5.954836
}