{
  "dataset": "planar",
  "model": "DIGRESS",
  "subsample_size": 64,
  "descriptor": "orbit5",
  "variant": "biased",
  "num_bootstrap": 100,
  "mmd_mean": 0.06796834649264205,
  "mmd_std": 0.030359345055845924,
  "mmd_low": 0.032487584778554485,
  "mmd_high": 0.1511084119057717,
  "mmd_runtime_seconds": 5.630275,
  "mmd_runtime_perf_seconds": 5.630275
}