{
  "dataset": "lobster",
  "model": "ESGG",
  "subsample_size": 512,
  "descriptor": "gin",
  "variant": "umve",
  "num_bootstrap": 100,
  "mmd_mean": 0.03267066265589934,
  "mmd_std": 0.005205837246330451,
  "mmd_low": 0.023727404993979143,
  "mmd_high": 0.044398538726142744,
  "mmd_runtime_seconds": 33.585576,
  "mmd_runtime_perf_seconds": 33.585576
}