{
  "dataset": "planar",
  "model": "AUTOGRAPH",
  "subsample_size": 128,
  "descriptor": "orbit5",
  "variant": "biased",
  "num_bootstrap": 100,
  "mmd_mean": 0.018505384821862036,
  "mmd_std": 0.005615110843561958,
  "mmd_low": 0.015624913195875103,
  "mmd_high": 0.02730444807940303,
  "mmd_runtime_seconds": 6.317084,
  "mmd_runtime_perf_seconds": 6.317084
}