{
  "dataset": "lobster",
  "model": "GRAN",
  "subsample_size": 8,
  "descriptor": "degree",
  "variant": "biased",
  "num_bootstrap": 100,
  "mmd_mean": 0.4506349047965579,
  "mmd_std": 0.13575684004305233,
  "mmd_low": 0.252726340939439,
  "mmd_high": 0.7748413537374693,
  "mmd_runtime_seconds": 2.513481,
  "mmd_runtime_perf_seconds": 2.513481
}