{
  "dataset": "planar",
  "model": "test",
  "subsample_size": 1024,
  "descriptor": "clustering",
  "variant": "biased",
  "num_bootstrap": 100,
  "mmd_mean": 0.002057421109538857,
  "mmd_std": 0.00020022696711183136,
  "mmd_low": 0.0019435882568359375,
  "mmd_high": 0.0026292132738143874,
  "mmd_runtime_seconds": 53.278171,
  "mmd_runtime_perf_seconds": 53.278171
}