{
  "dataset": "sbm",
  "model": "ESGG",
  "subsample_size": 32,
  "descriptor": "spectral",
  "variant": "umve",
  "num_bootstrap": 100,
  "mmd_mean": 0.04741489834119668,
  "mmd_std": 0.013492771901516454,
  "mmd_low": 0.026940497348640957,
  "mmd_high": 0.08014517526061898,
  "mmd_runtime_seconds": 10.246206,
  "mmd_runtime_perf_seconds": 10.246206
}