{
  "dataset": "planar",
  "model": "AUTOGRAPH",
  "subsample_size": 128,
  "descriptor": "degree",
  "variant": "umve",
  "num_bootstrap": 100,
  "mmd_mean": 0.0029496307529684124,
  "mmd_std": 0.0036053153210102063,
  "mmd_low": -3.55514484236818e-05,
  "mmd_high": 0.012043409089624701,
  "mmd_runtime_seconds": 3.191039,
  "mmd_runtime_perf_seconds": 3.191039
}