{
  "dataset": "lobster",
  "model": "ESGG",
  "subsample_size": 32,
  "descriptor": "gin",
  "variant": "umve",
  "num_bootstrap": 100,
  "mmd_mean": 0.04368002502368769,
  "mmd_std": 0.03532279591468854,
  "mmd_low": 0.003191501269375734,
  "mmd_high": 0.1331815853324593,
  "mmd_runtime_seconds": 8.898144,
  "mmd_runtime_perf_seconds": 8.898144
}