{
  "dataset": "planar",
  "model": "AUTOGRAPH",
  "subsample_size": 256,
  "descriptor": "orbit5",
  "variant": "umve",
  "num_bootstrap": 100,
  "mmd_mean": 0.0034981586695430828,
  "mmd_std": 0.0034097603425293998,
  "mmd_low": -3.529227624737741e-08,
  "mmd_high": 0.011433766147431286,
  "mmd_runtime_seconds": 7.999677,
  "mmd_runtime_perf_seconds": 7.999677
}