{
  "dataset": "sbm",
  "model": "DIGRESS",
  "subsample_size": 8,
  "descriptor": "orbit5",
  "variant": "biased",
  "num_bootstrap": 100,
  "mmd_mean": 0.2772610260033444,
  "mmd_std": 0.05074950967581696,
  "mmd_low": 0.24933363487811314,
  "mmd_high": 0.4421326089591415,
  "mmd_runtime_seconds": 20.043985,
  "mmd_runtime_perf_seconds": 20.043985
}