{
  "dataset": "lobster",
  "model": "GRAN",
  "subsample_size": 256,
  "descriptor": "orbit5",
  "variant": "biased",
  "num_bootstrap": 100,
  "mmd_mean": 0.18027083573629205,
  "mmd_std": 0.024756235486756338,
  "mmd_low": 0.14024482148272988,
  "mmd_high": 0.23880561177237533,
  "mmd_runtime_seconds": 4.781659,
  "mmd_runtime_perf_seconds": 4.781659
}