{
  "dataset": "planar",
  "model": "AUTOGRAPH",
  "subsample_size": 4096,
  "descriptor": "degree",
  "variant": "umve",
  "num_bootstrap": 100,
  "mmd_mean": 0.0013319147518095177,
  "mmd_std": 0.00037627545330707306,
  "mmd_low": 0.0006919026344812924,
  "mmd_high": 0.002025619134895459,
  "mmd_runtime_seconds": 886.598393,
  "mmd_runtime_perf_seconds": 886.598393
}