{
  "dataset": "lobster",
  "model": "DIGRESS",
  "subsample_size": 128,
  "descriptor": "clustering",
  "variant": "biased",
  "num_bootstrap": 100,
  "mmd_mean": 4.564543822815459e-05,
  "mmd_std": 8.053730086573148e-05,
  "mmd_low": 0.0,
  "mmd_high": 0.0002502441406249979,
  "mmd_runtime_seconds": 6.275594,
  "mmd_runtime_perf_seconds": 6.275594
}