{
  "dataset": "planar",
  "model": "GRAN",
  "subsample_size": 2048,
  "descriptor": "gin",
  "variant": "biased",
  "num_bootstrap": 100,
  "mmd_mean": 0.010268169809208224,
  "mmd_std": 0.0011223339438037278,
  "mmd_low": 0.008873463225767512,
  "mmd_high": 0.012663362249777353,
  "mmd_runtime_seconds": 367.726377,
  "mmd_runtime_perf_seconds": 367.726377
}