{
  "dataset": "planar",
  "model": "AUTOGRAPH",
  "subsample_size": 1024,
  "descriptor": "orbit4",
  "variant": "biased",
  "num_bootstrap": 100,
  "mmd_mean": 0.004024143318526998,
  "mmd_std": 0.0012380608589809786,
  "mmd_low": 0.0021896552553247075,
  "mmd_high": 0.007207913051200951,
  "mmd_runtime_seconds": 64.695198,
  "mmd_runtime_perf_seconds": 64.695198
}