{
  "dataset": "lobster",
  "model": "ESGG",
  "subsample_size": 2048,
  "descriptor": "orbit5",
  "variant": "umve",
  "num_bootstrap": 100,
  "mmd_mean": 0.20630666040592044,
  "mmd_std": 0.007948863567965009,
  "mmd_low": 0.19066392654424025,
  "mmd_high": 0.2228801653034813,
  "mmd_runtime_seconds": 174.910142,
  "mmd_runtime_perf_seconds": 174.910142
}