{
  "dataset": "planar",
  "model": "DIGRESS",
  "subsample_size": 2048,
  "descriptor": "orbit5",
  "variant": "umve",
  "num_bootstrap": 100,
  "mmd_mean": 0.0394912452472117,
  "mmd_std": 0.0037696742996888417,
  "mmd_low": 0.032865567272874666,
  "mmd_high": 0.04725475470934277,
  "mmd_runtime_seconds": 238.108743,
  "mmd_runtime_perf_seconds": 238.108743
}