{
  "dataset": "lobster",
  "model": "AUTOGRAPH",
  "subsample_size": 2048,
  "descriptor": "degree",
  "variant": "umve",
  "num_bootstrap": 100,
  "mmd_mean": 0.008112041844339309,
  "mmd_std": 0.001736377455930608,
  "mmd_low": 0.0053491754761356095,
  "mmd_high": 0.011529667225545203,
  "mmd_runtime_seconds": 229.905759,
  "mmd_runtime_perf_seconds": 229.905759
}