{
  "dataset": "lobster",
  "model": "AUTOGRAPH",
  "subsample_size": 32,
  "descriptor": "clustering",
  "variant": "umve",
  "num_bootstrap": 100,
  "mmd_mean": 2.03374641610643e-05,
  "mmd_std": 0.0002023552134276022,
  "mmd_low": 0.0,
  "mmd_high": 8.881784197001252e-16,
  "mmd_runtime_seconds": 5.919158,
  "mmd_runtime_perf_seconds": 5.919158
}