{
  "dataset": "lobster",
  "model": "DIGRESS",
  "subsample_size": 128,
  "descriptor": "degree",
  "variant": "umve",
  "num_bootstrap": 100,
  "mmd_mean": 0.0021749110716571506,
  "mmd_std": 0.0030560274264279795,
  "mmd_low": -4.249479258390252e-05,
  "mmd_high": 0.011010109791841059,
  "mmd_runtime_seconds": 4.134462,
  "mmd_runtime_perf_seconds": 4.134462
}