{
  "dataset": "sbm",
  "model": "AUTOGRAPH",
  "subsample_size": 32,
  "descriptor": "orbit4",
  "variant": "biased",
  "num_bootstrap": 100,
  "mmd_mean": 0.06972359533169414,
  "mmd_std": 0.013658831352764446,
  "mmd_low": 0.06182605399390779,
  "mmd_high": 0.11347966483594403,
  "mmd_runtime_seconds": 7.040644,
  "mmd_runtime_perf_seconds": 7.040644
}