{
  "dataset": "lobster",
  "model": "AUTOGRAPH",
  "subsample_size": 4096,
  "descriptor": "degree",
  "variant": "biased",
  "num_bootstrap": 100,
  "mmd_mean": 0.0077313070120090255,
  "mmd_std": 0.0011936640498650202,
  "mmd_low": 0.005703020837749817,
  "mmd_high": 0.010293856828244796,
  "mmd_runtime_seconds": 894.06054,
  "mmd_runtime_perf_seconds": 894.06054
}