{
  "dataset": "planar",
  "model": "GRAN",
  "subsample_size": 128,
  "descriptor": "orbit5",
  "variant": "umve",
  "num_bootstrap": 100,
  "mmd_mean": 0.010658692796826814,
  "mmd_std": 0.004246022942758886,
  "mmd_low": 0.006643704295945379,
  "mmd_high": 0.021779358482646827,
  "mmd_runtime_seconds": 5.753298,
  "mmd_runtime_perf_seconds": 5.753298
}