{
  "dataset": "lobster",
  "model": "GRAN",
  "subsample_size": 512,
  "descriptor": "degree",
  "variant": "biased",
  "num_bootstrap": 100,
  "mmd_mean": 0.30123468472109594,
  "mmd_std": 0.016268109747875507,
  "mmd_low": 0.26970699016096505,
  "mmd_high": 0.33117624271893664,
  "mmd_runtime_seconds": 13.076936,
  "mmd_runtime_perf_seconds": 13.076936
}