{
  "dataset": "lobster",
  "model": "GRAN",
  "subsample_size": 128,
  "descriptor": "gin",
  "variant": "biased",
  "num_bootstrap": 100,
  "mmd_mean": 0.14812543506178125,
  "mmd_std": 0.030919009037273213,
  "mmd_low": 0.09602381287176985,
  "mmd_high": 0.20499414975848443,
  "mmd_runtime_seconds": 18.115335,
  "mmd_runtime_perf_seconds": 18.115335
}