{
  "dataset": "sbm",
  "model": "DIGRESS",
  "subsample_size": 2048,
  "descriptor": "degree",
  "variant": "biased",
  "num_bootstrap": 100,
  "mmd_mean": 0.004578299751536003,
  "mmd_std": 0.001098115239108889,
  "mmd_low": 0.0026232155437325997,
  "mmd_high": 0.00668942583292244,
  "mmd_runtime_seconds": 275.534976,
  "mmd_runtime_perf_seconds": 275.534976
}