{
  "dataset": "sbm",
  "model": "GRAN",
  "subsample_size": 16,
  "descriptor": "spectral",
  "variant": "biased",
  "num_bootstrap": 100,
  "mmd_mean": 0.12654976377379384,
  "mmd_std": 0.005370599213061758,
  "mmd_low": 0.125,
  "mmd_high": 0.13786324657059226,
  "mmd_runtime_seconds": 26.178133,
  "mmd_runtime_perf_seconds": 26.178133
}