{
  "dataset": "planar",
  "model": "DIGRESS",
  "subsample_size": 512,
  "descriptor": "gin",
  "variant": "umve",
  "num_bootstrap": 100,
  "mmd_mean": 0.027571869628268325,
  "mmd_std": 0.006803248123786693,
  "mmd_low": 0.01705893985578592,
  "mmd_high": 0.04218499974597995,
  "mmd_runtime_seconds": 88.488192,
  "mmd_runtime_perf_seconds": 88.488192
}