{
  "dataset": "planar",
  "model": "DIGRESS",
  "subsample_size": 8,
  "descriptor": "clustering",
  "variant": "umve",
  "num_bootstrap": 100,
  "mmd_mean": 0.044701945515940845,
  "mmd_std": 0.059038561586033565,
  "mmd_low": -1.8459045423027325e-161,
  "mmd_high": 0.20499034259806453,
  "mmd_runtime_seconds": 9.481791,
  "mmd_runtime_perf_seconds": 9.481791
}