{
  "dataset": "sbm",
  "model": "GRAN",
  "subsample_size": 256,
  "descriptor": "gin",
  "variant": "umve",
  "num_bootstrap": 100,
  "mmd_mean": 0.05789450922652645,
  "mmd_std": 0.009848552887744078,
  "mmd_low": 0.038711451377747036,
  "mmd_high": 0.07394271324937984,
  "mmd_runtime_seconds": 149.599674,
  "mmd_runtime_perf_seconds": 149.599674
}