{
  "dataset": "planar",
  "model": "AUTOGRAPH",
  "subsample_size": 4096,
  "descriptor": "spectral",
  "variant": "umve",
  "num_bootstrap": 100,
  "mmd_mean": 0.000956808680416239,
  "mmd_std": 5.606751583808943e-05,
  "mmd_low": 0.0008481031810672474,
  "mmd_high": 0.0010780730297346385,
  "mmd_runtime_seconds": 963.359465,
  "mmd_runtime_perf_seconds": 963.359465
}