{
  "dataset": "lobster",
  "model": "AUTOGRAPH",
  "subsample_size": 256,
  "descriptor": "clustering",
  "variant": "umve",
  "num_bootstrap": 100,
  "mmd_mean": 3.480888363590395e-05,
  "mmd_std": 5.232938246855084e-05,
  "mmd_low": 0.0,
  "mmd_high": 0.00015492333081342183,
  "mmd_runtime_seconds": 7.795402,
  "mmd_runtime_perf_seconds": 7.795402
}