{
  "dataset": "planar",
  "model": "ESGG",
  "subsample_size": 2048,
  "descriptor": "degree",
  "variant": "biased",
  "num_bootstrap": 100,
  "mmd_mean": 0.0022960139607390456,
  "mmd_std": 0.0004898159578883645,
  "mmd_low": 0.0015430084863415254,
  "mmd_high": 0.003571341154248518,
  "mmd_runtime_seconds": 188.097959,
  "mmd_runtime_perf_seconds": 188.097959
}