{
  "dataset": "planar",
  "model": "test",
  "subsample_size": 256,
  "descriptor": "spectral",
  "variant": "biased",
  "num_bootstrap": 100,
  "mmd_mean": 0.007814775425882613,
  "mmd_std": 2.981865463062574e-06,
  "mmd_low": 0.0078125,
  "mmd_high": 0.00782114491032691,
  "mmd_runtime_seconds": 6.092927,
  "mmd_runtime_perf_seconds": 6.092927
}