{
  "dataset": "sbm",
  "model": "DIGRESS",
  "subsample_size": 1024,
  "descriptor": "orbit5",
  "variant": "biased",
  "num_bootstrap": 100,
  "mmd_mean": 0.004106934795199314,
  "mmd_std": 0.0015773702067696106,
  "mmd_low": 0.0020016930923644886,
  "mmd_high": 0.007928815329399945,
  "mmd_runtime_seconds": 95.819922,
  "mmd_runtime_perf_seconds": 95.819922
}