{
  "dataset": "sbm",
  "model": "DIGRESS",
  "subsample_size": 2048,
  "descriptor": "spectral",
  "variant": "biased",
  "num_bootstrap": 100,
  "mmd_mean": 0.0010911088036956132,
  "mmd_std": 8.441651386791393e-05,
  "mmd_low": 0.0009802397014079395,
  "mmd_high": 0.0013147273203584185,
  "mmd_runtime_seconds": 305.025501,
  "mmd_runtime_perf_seconds": 305.025501
}