{
  "dataset": "planar",
  "model": "AUTOGRAPH",
  "subsample_size": 1024,
  "descriptor": "orbit5",
  "variant": "umve",
  "num_bootstrap": 100,
  "mmd_mean": 0.002778978128225332,
  "mmd_std": 0.0013169910234493373,
  "mmd_low": 0.0009562480194411972,
  "mmd_high": 0.005760467733870621,
  "mmd_runtime_seconds": 67.788006,
  "mmd_runtime_perf_seconds": 67.788006
}