{
  "dataset": "planar",
  "model": "GRAN",
  "subsample_size": 64,
  "descriptor": "gin",
  "variant": "umve",
  "num_bootstrap": 100,
  "mmd_mean": 0.017428625061476317,
  "mmd_std": 0.013818912633025367,
  "mmd_low": 0.0053726952842123666,
  "mmd_high": 0.06303754245424474,
  "mmd_runtime_seconds": 46.009666,
  "mmd_runtime_perf_seconds": 46.009666
}