{
  "dataset": "lobster",
  "model": "AUTOGRAPH",
  "subsample_size": 256,
  "descriptor": "degree",
  "variant": "umve",
  "num_bootstrap": 100,
  "mmd_mean": 0.009041679310482702,
  "mmd_std": 0.005670292966851021,
  "mmd_low": 0.00042008963993973793,
  "mmd_high": 0.021314463218473582,
  "mmd_runtime_seconds": 6.047493,
  "mmd_runtime_perf_seconds": 6.047493
}