{
  "dataset": "sbm",
  "model": "test",
  "subsample_size": 512,
  "descriptor": "orbit4",
  "variant": "biased",
  "num_bootstrap": 100,
  "mmd_mean": 0.004537529459157846,
  "mmd_std": 0.0012131099574968168,
  "mmd_low": 0.003872523205338676,
  "mmd_high": 0.007966930869916117,
  "mmd_runtime_seconds": 13.784515,
  "mmd_runtime_perf_seconds": 13.784515
}