{
  "dataset": "planar",
  "model": "DIGRESS",
  "subsample_size": 2048,
  "descriptor": "spectral",
  "variant": "umve",
  "num_bootstrap": 100,
  "mmd_mean": 0.0017240229272499031,
  "mmd_std": 0.00012829528031529068,
  "mmd_low": 0.0014656730171093452,
  "mmd_high": 0.0019539160603378844,
  "mmd_runtime_seconds": 267.654317,
  "mmd_runtime_perf_seconds": 267.654317
}