{
  "dataset": "planar",
  "model": "test",
  "subsample_size": 32,
  "descriptor": "gin",
  "variant": "biased",
  "num_bootstrap": 100,
  "mmd_mean": 0.0732602634174913,
  "mmd_std": 0.01873971363577114,
  "mmd_low": 0.060587125969999024,
  "mmd_high": 0.1233577080998288,
  "mmd_runtime_seconds": 3.201866,
  "mmd_runtime_perf_seconds": 3.201866
}