{
  "dataset": "planar",
  "model": "GRAN",
  "subsample_size": 8,
  "descriptor": "orbit5",
  "variant": "biased",
  "num_bootstrap": 100,
  "mmd_mean": 0.2787216379680298,
  "mmd_std": 0.04396791967994335,
  "mmd_low": 0.25,
  "mmd_high": 0.3723194434337582,
  "mmd_runtime_seconds": 4.440518,
  "mmd_runtime_perf_seconds": 4.440518
}