{
  "dataset": "planar",
  "model": "GRAN",
  "subsample_size": 8,
  "descriptor": "clustering",
  "variant": "biased",
  "num_bootstrap": 100,
  "mmd_mean": 0.2642685705714467,
  "mmd_std": 0.020821058351353165,
  "mmd_low": 0.25,
  "mmd_high": 0.31122165263722135,
  "mmd_runtime_seconds": 7.866381,
  "mmd_runtime_perf_seconds": 7.866381
}