{
  "dataset": "sbm",
  "model": "test",
  "subsample_size": 512,
  "descriptor": "orbit5",
  "variant": "umve",
  "num_bootstrap": 100,
  "mmd_mean": 0.001681744277888383,
  "mmd_std": 0.0018003673236553358,
  "mmd_low": -1.206432092031643e-05,
  "mmd_high": 0.006955246673289792,
  "mmd_runtime_seconds": 19.097472,
  "mmd_runtime_perf_seconds": 19.097472
}