{
  "dataset": "lobster",
  "model": "ESGG",
  "subsample_size": 256,
  "descriptor": "spectral",
  "variant": "umve",
  "num_bootstrap": 100,
  "mmd_mean": 0.07529467344319517,
  "mmd_std": 0.013016114567301139,
  "mmd_low": 0.05219309813512989,
  "mmd_high": 0.10314233619445537,
  "mmd_runtime_seconds": 11.873579,
  "mmd_runtime_perf_seconds": 11.873579
}