{
  "dataset": "lobster",
  "model": "DIGRESS",
  "subsample_size": 4096,
  "descriptor": "orbit4",
  "variant": "umve",
  "num_bootstrap": 100,
  "mmd_mean": 0.000660832349144152,
  "mmd_std": 0.0003612999926369774,
  "mmd_low": 0.00011524132186847006,
  "mmd_high": 0.0014192728158570196,
  "mmd_runtime_seconds": 931.175013,
  "mmd_runtime_perf_seconds": 931.175013
}