{
  "dataset": "lobster",
  "model": "test",
  "subsample_size": 4096,
  "descriptor": "gin",
  "variant": "umve",
  "num_bootstrap": 100,
  "mmd_mean": 3.038367461911529e-05,
  "mmd_std": 4.934147191392572e-05,
  "mmd_low": -1.6105847397140936e-06,
  "mmd_high": 0.0001625338232777447,
  "mmd_runtime_seconds": 866.697238,
  "mmd_runtime_perf_seconds": 866.697238
}