{
  "dataset": "lobster",
  "model": "DIGRESS",
  "subsample_size": 512,
  "descriptor": "orbit4",
  "variant": "umve",
  "num_bootstrap": 100,
  "mmd_mean": 0.0015030981457177677,
  "mmd_std": 0.0017138900428749803,
  "mmd_low": -1.5790150556882485e-05,
  "mmd_high": 0.005763856810811548,
  "mmd_runtime_seconds": 16.940836,
  "mmd_runtime_perf_seconds": 16.940836
}