{
  "dataset": "planar",
  "model": "test",
  "subsample_size": 64,
  "descriptor": "gin",
  "variant": "umve",
  "num_bootstrap": 100,
  "mmd_mean": 0.009100513526527562,
  "mmd_std": 0.011064346299335377,
  "mmd_low": -0.0001355227401846126,
  "mmd_high": 0.0352484903189135,
  "mmd_runtime_seconds": 6.396364,
  "mmd_runtime_perf_seconds": 6.396364
}