{
  "dataset": "sbm",
  "model": "AUTOGRAPH",
  "subsample_size": 4096,
  "descriptor": "gin",
  "variant": "umve",
  "num_bootstrap": 100,
  "mmd_mean": 0.0005268104728053019,
  "mmd_std": 0.00031819557659068976,
  "mmd_low": 9.880841621551795e-05,
  "mmd_high": 0.001007898235540652,
  "mmd_runtime_seconds": 1733.215171,
  "mmd_runtime_perf_seconds": 1733.215171
}