{
  "dataset": "planar",
  "model": "DIGRESS",
  "subsample_size": 2048,
  "descriptor": "clustering",
  "variant": "umve",
  "num_bootstrap": 100,
  "mmd_mean": 0.013883283217360898,
  "mmd_std": 0.0016555540918847165,
  "mmd_low": 0.010980125703057887,
  "mmd_high": 0.01731260386656318,
  "mmd_runtime_seconds": 211.768038,
  "mmd_runtime_perf_seconds": 211.768038
}