{
  "dataset": "lobster",
  "model": "DIGRESS",
  "subsample_size": 8,
  "descriptor": "gin",
  "variant": "umve",
  "num_bootstrap": 100,
  "mmd_mean": 0.05761654717819118,
  "mmd_std": 0.06925763407698154,
  "mmd_low": -2.3704555993325104e-06,
  "mmd_high": 0.20797171438805162,
  "mmd_runtime_seconds": 15.960386,
  "mmd_runtime_perf_seconds": 15.960386
}