{
  "dataset": "planar",
  "model": "ESGG",
  "subsample_size": 16,
  "descriptor": "degree",
  "variant": "biased",
  "num_bootstrap": 100,
  "mmd_mean": 0.13242838705665413,
  "mmd_std": 0.014083900445635972,
  "mmd_low": 0.125,
  "mmd_high": 0.17490744648982967,
  "mmd_runtime_seconds": 1.836815,
  "mmd_runtime_perf_seconds": 1.836815
}