{
  "dataset": "sbm",
  "model": "ESGG",
  "subsample_size": 16,
  "descriptor": "clustering",
  "variant": "umve",
  "num_bootstrap": 100,
  "mmd_mean": 0.060477550866103985,
  "mmd_std": 0.028596420007881568,
  "mmd_low": 0.010008061544523083,
  "mmd_high": 0.11860426587955408,
  "mmd_runtime_seconds": 6.81803,
  "mmd_runtime_perf_seconds": 6.81803
}