{
  "dataset": "lobster",
  "model": "ESGG",
  "subsample_size": 4096,
  "descriptor": "gin",
  "variant": "umve",
  "num_bootstrap": 100,
  "mmd_mean": 0.032101767334953596,
  "mmd_std": 0.0012453851996485034,
  "mmd_low": 0.0299241806619631,
  "mmd_high": 0.03482942710003175,
  "mmd_runtime_seconds": 786.330475,
  "mmd_runtime_perf_seconds": 786.330475
}