{
  "dataset": "planar",
  "model": "ESGG",
  "subsample_size": 32,
  "descriptor": "degree",
  "variant": "biased",
  "num_bootstrap": 100,
  "mmd_mean": 0.06674875459297339,
  "mmd_std": 0.008156749716830494,
  "mmd_low": 0.0625,
  "mmd_high": 0.08378893619394885,
  "mmd_runtime_seconds": 1.872031,
  "mmd_runtime_perf_seconds": 1.872031
}