{
  "dataset": "sbm",
  "model": "GRAN",
  "subsample_size": 512,
  "descriptor": "orbit5",
  "variant": "biased",
  "num_bootstrap": 100,
  "mmd_mean": 0.038068942771226195,
  "mmd_std": 0.008681676998297225,
  "mmd_low": 0.02289686678557275,
  "mmd_high": 0.05536783256099866,
  "mmd_runtime_seconds": 29.665298,
  "mmd_runtime_perf_seconds": 29.665298
}