{
  "dataset": "planar",
  "model": "ESGG",
  "subsample_size": 64,
  "descriptor": "orbit5",
  "variant": "biased",
  "num_bootstrap": 100,
  "mmd_mean": 0.045682820430555236,
  "mmd_std": 0.014675444784135632,
  "mmd_low": 0.03125000000319093,
  "mmd_high": 0.08345152579921775,
  "mmd_runtime_seconds": 2.755444,
  "mmd_runtime_perf_seconds": 2.755444
}