{
  "dataset": "planar",
  "model": "DIGRESS",
  "subsample_size": 256,
  "descriptor": "orbit4",
  "variant": "biased",
  "num_bootstrap": 100,
  "mmd_mean": 0.03620688354246371,
  "mmd_std": 0.010297579763512959,
  "mmd_low": 0.018773534100839824,
  "mmd_high": 0.05733782550704897,
  "mmd_runtime_seconds": 6.150563,
  "mmd_runtime_perf_seconds": 6.150563
}