{
  "dataset": "lobster",
  "model": "GRAN",
  "subsample_size": 64,
  "descriptor": "spectral",
  "variant": "umve",
  "num_bootstrap": 100,
  "mmd_mean": 0.2385691192126641,
  "mmd_std": 0.056197118001574564,
  "mmd_low": 0.1413760097406335,
  "mmd_high": 0.35463951515147624,
  "mmd_runtime_seconds": 14.247329,
  "mmd_runtime_perf_seconds": 14.247329
}