{
  "dataset": "planar",
  "model": "DIGRESS",
  "subsample_size": 8,
  "descriptor": "spectral",
  "variant": "biased",
  "num_bootstrap": 100,
  "mmd_mean": 0.25001733953000305,
  "mmd_std": 5.615365855201996e-05,
  "mmd_low": 0.25,
  "mmd_high": 0.2501848039932451,
  "mmd_runtime_seconds": 17.110917,
  "mmd_runtime_perf_seconds": 17.110917
}