{
  "dataset": "planar",
  "model": "test",
  "subsample_size": 2048,
  "descriptor": "orbit5",
  "variant": "biased",
  "num_bootstrap": 100,
  "mmd_mean": 0.0010064155753410774,
  "mmd_std": 0.000109019630628786,
  "mmd_low": 0.0009765306711252713,
  "mmd_high": 0.0013094598732905384,
  "mmd_runtime_seconds": 170.160964,
  "mmd_runtime_perf_seconds": 170.160964
}