{
  "dataset": "planar",
  "model": "test",
  "subsample_size": 512,
  "descriptor": "degree",
  "variant": "biased",
  "num_bootstrap": 100,
  "mmd_mean": 0.003971274914944115,
  "mmd_std": 0.00013606851101474995,
  "mmd_low": 0.0038604736328125,
  "mmd_high": 0.0043438013882412425,
  "mmd_runtime_seconds": 13.699274,
  "mmd_runtime_perf_seconds": 13.699274
}