{
  "dataset": "sbm",
  "model": "GRAN",
  "subsample_size": 16,
  "descriptor": "spectral",
  "variant": "umve",
  "num_bootstrap": 100,
  "mmd_mean": 0.007194767077699643,
  "mmd_std": 0.0108799907172852,
  "mmd_low": 0.0,
  "mmd_high": 0.036620120977759345,
  "mmd_runtime_seconds": 25.146862,
  "mmd_runtime_perf_seconds": 25.146862
}