{
  "dataset": "sbm",
  "model": "test",
  "subsample_size": 512,
  "descriptor": "gin",
  "variant": "umve",
  "num_bootstrap": 100,
  "mmd_mean": 0.0011676295053204514,
  "mmd_std": 0.0015458736308870166,
  "mmd_low": -1.4126168095957013e-05,
  "mmd_high": 0.005447037862638447,
  "mmd_runtime_seconds": 126.30624,
  "mmd_runtime_perf_seconds": 126.30624
}