{
  "dataset": "planar",
  "model": "AUTOGRAPH",
  "subsample_size": 8,
  "descriptor": "orbit4",
  "variant": "umve",
  "num_bootstrap": 100,
  "mmd_mean": 0.05488677634751013,
  "mmd_std": 0.07684145603080376,
  "mmd_low": -1.8233813359293508e-13,
  "mmd_high": 0.26910056727974124,
  "mmd_runtime_seconds": 3.749233,
  "mmd_runtime_perf_seconds": 3.749233
}