{
  "dataset": "planar",
  "model": "AUTOGRAPH",
  "subsample_size": 256,
  "descriptor": "clustering",
  "variant": "umve",
  "num_bootstrap": 100,
  "mmd_mean": 0.0010654827139336678,
  "mmd_std": 0.001454751515847479,
  "mmd_low": -8.835435121218305e-06,
  "mmd_high": 0.004486593584574512,
  "mmd_runtime_seconds": 14.066846,
  "mmd_runtime_perf_seconds": 14.066846
}