{
  "dataset": "sbm",
  "model": "ESGG",
  "subsample_size": 512,
  "descriptor": "orbit4",
  "variant": "umve",
  "num_bootstrap": 100,
  "mmd_mean": 0.07761576731761011,
  "mmd_std": 0.012334281106336342,
  "mmd_low": 0.05559368383804321,
  "mmd_high": 0.10335375038104679,
  "mmd_runtime_seconds": 15.954431,
  "mmd_runtime_perf_seconds": 15.954431
}