{
  "dataset": "sbm",
  "model": "AUTOGRAPH",
  "subsample_size": 32,
  "descriptor": "degree",
  "variant": "umve",
  "num_bootstrap": 100,
  "mmd_mean": 0.007237762269725664,
  "mmd_std": 0.010334964399581368,
  "mmd_low": -2.5599294565105938e-129,
  "mmd_high": 0.03604864761895706,
  "mmd_runtime_seconds": 3.079235,
  "mmd_runtime_perf_seconds": 3.079235
}