{
  "dataset": "sbm",
  "model": "GRAN",
  "subsample_size": 128,
  "descriptor": "clustering",
  "variant": "biased",
  "num_bootstrap": 100,
  "mmd_mean": 0.058829529765544,
  "mmd_std": 0.01123969783051503,
  "mmd_low": 0.03849468110631347,
  "mmd_high": 0.07956618361222469,
  "mmd_runtime_seconds": 22.932995,
  "mmd_runtime_perf_seconds": 22.932995
}