{
  "dataset": "planar",
  "model": "test",
  "subsample_size": 2048,
  "descriptor": "orbit5",
  "variant": "umve",
  "num_bootstrap": 100,
  "mmd_mean": 0.00015971642987423683,
  "mmd_std": 0.00023595981294989452,
  "mmd_low": -2.30693037232276e-08,
  "mmd_high": 0.0008123904295186612,
  "mmd_runtime_seconds": 173.841008,
  "mmd_runtime_perf_seconds": 173.841008
}