{
  "dataset": "lobster",
  "model": "DIGRESS",
  "subsample_size": 256,
  "descriptor": "clustering",
  "variant": "biased",
  "num_bootstrap": 100,
  "mmd_mean": 2.256189743555792e-05,
  "mmd_std": 3.4454994521716274e-05,
  "mmd_low": 0.0,
  "mmd_high": 9.692172630667564e-05,
  "mmd_runtime_seconds": 9.323726,
  "mmd_runtime_perf_seconds": 9.323726
}