{
  "dataset": "lobster",
  "model": "GRAN",
  "subsample_size": 512,
  "descriptor": "orbit4",
  "variant": "umve",
  "num_bootstrap": 100,
  "mmd_mean": 0.16402305157261135,
  "mmd_std": 0.015668713556356656,
  "mmd_low": 0.1348624530468007,
  "mmd_high": 0.1924406619671183,
  "mmd_runtime_seconds": 11.50288,
  "mmd_runtime_perf_seconds": 11.50288
}