{
  "dataset": "lobster",
  "model": "AUTOGRAPH",
  "subsample_size": 8,
  "descriptor": "orbit5",
  "variant": "umve",
  "num_bootstrap": 100,
  "mmd_mean": 0.06483990945024702,
  "mmd_std": 0.08528795897099337,
  "mmd_low": -0.0004459841085670765,
  "mmd_high": 0.298253967574828,
  "mmd_runtime_seconds": 3.586635,
  "mmd_runtime_perf_seconds": 3.586635
}