{
  "dataset": "lobster",
  "model": "GRAN",
  "subsample_size": 256,
  "descriptor": "degree",
  "variant": "umve",
  "num_bootstrap": 100,
  "mmd_mean": 0.29959537152890564,
  "mmd_std": 0.02551892772367958,
  "mmd_low": 0.2614986664614759,
  "mmd_high": 0.3517305864195242,
  "mmd_runtime_seconds": 5.767936,
  "mmd_runtime_perf_seconds": 5.767936
}