{
  "dataset": "lobster",
  "model": "ESGG",
  "subsample_size": 2048,
  "descriptor": "gin",
  "variant": "biased",
  "num_bootstrap": 100,
  "mmd_mean": 0.03234038557240982,
  "mmd_std": 0.001753405783118486,
  "mmd_low": 0.029267496657485927,
  "mmd_high": 0.035520788862475436,
  "mmd_runtime_seconds": 233.618799,
  "mmd_runtime_perf_seconds": 233.618799
}