{
  "dataset": "planar",
  "model": "ESGG",
  "subsample_size": 4096,
  "descriptor": "spectral",
  "variant": "biased",
  "num_bootstrap": 100,
  "mmd_mean": 0.001073425033324955,
  "mmd_std": 4.191956886092386e-05,
  "mmd_low": 0.000990772473045723,
  "mmd_high": 0.0011461844128043686,
  "mmd_runtime_seconds": 797.074721,
  "mmd_runtime_perf_seconds": 797.074721
}