{
  "dataset": "sbm",
  "model": "GRAN",
  "subsample_size": 8,
  "descriptor": "orbit4",
  "variant": "biased",
  "num_bootstrap": 100,
  "mmd_mean": 0.2973574032504525,
  "mmd_std": 0.07546025731554434,
  "mmd_low": 0.24654587692222044,
  "mmd_high": 0.5177199255527554,
  "mmd_runtime_seconds": 5.252145,
  "mmd_runtime_perf_seconds": 5.252145
}