{
  "dataset": "sbm",
  "model": "test",
  "subsample_size": 1024,
  "descriptor": "degree",
  "variant": "umve",
  "num_bootstrap": 100,
  "mmd_mean": 0.0003491906636056441,
  "mmd_std": 0.00040094091300238725,
  "mmd_low": -3.3633485256495564e-55,
  "mmd_high": 0.0012994584464596133,
  "mmd_runtime_seconds": 45.344622,
  "mmd_runtime_perf_seconds": 45.344622
}