{
  "dataset": "sbm",
  "model": "test",
  "subsample_size": 1024,
  "descriptor": "gin",
  "variant": "biased",
  "num_bootstrap": 100,
  "mmd_mean": 0.002092054091134086,
  "mmd_std": 0.00030788513349130984,
  "mmd_low": 0.0019255793209965474,
  "mmd_high": 0.0029353578832826354,
  "mmd_runtime_seconds": 276.02071,
  "mmd_runtime_perf_seconds": 276.02071
}