{
  "dataset": "sbm",
  "model": "test",
  "subsample_size": 8,
  "descriptor": "spectral",
  "variant": "umve",
  "num_bootstrap": 100,
  "mmd_mean": 0.004100336697789209,
  "mmd_std": 0.0063723125965703216,
  "mmd_low": 0.0,
  "mmd_high": 0.023279310948970414,
  "mmd_runtime_seconds": 0.290665,
  "mmd_runtime_perf_seconds": 0.290665
}