{
  "dataset": "sbm",
  "model": "test",
  "subsample_size": 128,
  "descriptor": "clustering",
  "variant": "umve",
  "num_bootstrap": 100,
  "mmd_mean": 0.001077437034925101,
  "mmd_std": 0.0011980604162989345,
  "mmd_low": 0.0,
  "mmd_high": 0.0037981435427585013,
  "mmd_runtime_seconds": 3.835263,
  "mmd_runtime_perf_seconds": 3.835263
}