{
  "dataset": "sbm",
  "model": "ESGG",
  "subsample_size": 2048,
  "descriptor": "degree",
  "variant": "biased",
  "num_bootstrap": 100,
  "mmd_mean": 0.03283563368297591,
  "mmd_std": 0.002514201378824675,
  "mmd_low": 0.029062254519185215,
  "mmd_high": 0.03822164329419323,
  "mmd_runtime_seconds": 190.956167,
  "mmd_runtime_perf_seconds": 190.956167
}