{
  "dataset": "planar",
  "model": "test",
  "subsample_size": 32,
  "descriptor": "degree",
  "variant": "biased",
  "num_bootstrap": 100,
  "mmd_mean": 0.09814401427322714,
  "mmd_std": 0.023169732457408374,
  "mmd_low": 0.06378073838671547,
  "mmd_high": 0.14219659049594055,
  "mmd_runtime_seconds": 1.817528,
  "mmd_runtime_perf_seconds": 1.817528
}