{
  "dataset": "planar",
  "model": "GRAN",
  "subsample_size": 256,
  "descriptor": "orbit5",
  "variant": "umve",
  "num_bootstrap": 100,
  "mmd_mean": 0.011029910437319088,
  "mmd_std": 0.004499652917217465,
  "mmd_low": 0.00735189584209695,
  "mmd_high": 0.024681230939112776,
  "mmd_runtime_seconds": 6.574194,
  "mmd_runtime_perf_seconds": 6.574194
}