{
  "dataset": "sbm",
  "model": "test",
  "subsample_size": 2048,
  "descriptor": "degree",
  "variant": "biased",
  "num_bootstrap": 100,
  "mmd_mean": 0.0009841776802168266,
  "mmd_std": 3.0577024991887095e-05,
  "mmd_low": 0.0009765625,
  "mmd_high": 0.0010209053260168092,
  "mmd_runtime_seconds": 170.248038,
  "mmd_runtime_perf_seconds": 170.248038
}