{
  "dataset": "lobster",
  "model": "test",
  "subsample_size": 256,
  "descriptor": "gin",
  "variant": "umve",
  "num_bootstrap": 100,
  "mmd_mean": 0.0012962021490799836,
  "mmd_std": 0.001795193047556247,
  "mmd_low": -2.807010757688119e-05,
  "mmd_high": 0.005874564889577212,
  "mmd_runtime_seconds": 11.589329,
  "mmd_runtime_perf_seconds": 11.589329
}