{
  "dataset": "sbm",
  "model": "test",
  "subsample_size": 4096,
  "descriptor": "gin",
  "variant": "umve",
  "num_bootstrap": 100,
  "mmd_mean": 0.0001302058251604672,
  "mmd_std": 0.00012614867298262213,
  "mmd_low": -5.655333298170551e-07,
  "mmd_high": 0.0004156613615350462,
  "mmd_runtime_seconds": 1604.656729,
  "mmd_runtime_perf_seconds": 1604.656729
}