{
  "dataset": "lobster",
  "model": "GRAN",
  "subsample_size": 2048,
  "descriptor": "gin",
  "variant": "biased",
  "num_bootstrap": 100,
  "mmd_mean": 0.13477614234314472,
  "mmd_std": 0.004946617415179565,
  "mmd_low": 0.12686788940720706,
  "mmd_high": 0.1443639300900795,
  "mmd_runtime_seconds": 214.825746,
  "mmd_runtime_perf_seconds": 214.825746
}