{
  "dataset": "planar",
  "model": "test",
  "subsample_size": 128,
  "descriptor": "degree",
  "variant": "biased",
  "num_bootstrap": 100,
  "mmd_mean": 0.01645705735207118,
  "mmd_std": 0.0015564977510733214,
  "mmd_low": 0.0155029296875,
  "mmd_high": 0.021167596308792308,
  "mmd_runtime_seconds": 2.384659,
  "mmd_runtime_perf_seconds": 2.384659
}