{
  "dataset": "lobster",
  "model": "DIGRESS",
  "subsample_size": 2048,
  "descriptor": "orbit4",
  "variant": "umve",
  "num_bootstrap": 100,
  "mmd_mean": 0.0006405324413283511,
  "mmd_std": 0.0005818348383436394,
  "mmd_low": 8.17129735799717e-06,
  "mmd_high": 0.002005016427684849,
  "mmd_runtime_seconds": 232.6461,
  "mmd_runtime_perf_seconds": 232.6461
}