{
  "dataset": "planar",
  "model": "DIGRESS",
  "subsample_size": 64,
  "descriptor": "orbit4",
  "variant": "umve",
  "num_bootstrap": 100,
  "mmd_mean": 0.042618048992077814,
  "mmd_std": 0.029849197390977193,
  "mmd_low": 0.006371111572905191,
  "mmd_high": 0.12138762135931448,
  "mmd_runtime_seconds": 4.185282,
  "mmd_runtime_perf_seconds": 4.185282
}