{
  "dataset": "sbm",
  "model": "AUTOGRAPH",
  "subsample_size": 64,
  "descriptor": "clustering",
  "variant": "umve",
  "num_bootstrap": 100,
  "mmd_mean": 0.0014845319154513726,
  "mmd_std": 0.001973640200719187,
  "mmd_low": 0.0,
  "mmd_high": 0.006842250417871728,
  "mmd_runtime_seconds": 23.30461,
  "mmd_runtime_perf_seconds": 23.30461
}