{
  "dataset": "sbm",
  "model": "DIGRESS",
  "subsample_size": 256,
  "descriptor": "gin",
  "variant": "biased",
  "num_bootstrap": 100,
  "mmd_mean": 0.010915937652206298,
  "mmd_std": 0.003924712885374889,
  "mmd_low": 0.00775107770804759,
  "mmd_high": 0.02007425207606463,
  "mmd_runtime_seconds": 157.314833,
  "mmd_runtime_perf_seconds": 157.314833
}