{
  "dataset": "sbm",
  "model": "ESGG",
  "subsample_size": 64,
  "descriptor": "gin",
  "variant": "umve",
  "num_bootstrap": 100,
  "mmd_mean": 0.4310761656504895,
  "mmd_std": 0.06628066515596685,
  "mmd_low": 0.3120400932998915,
  "mmd_high": 0.5631984392541796,
  "mmd_runtime_seconds": 45.144366,
  "mmd_runtime_perf_seconds": 45.144366
}