{
  "dataset": "planar",
  "model": "GRAN",
  "subsample_size": 2048,
  "descriptor": "degree",
  "variant": "umve",
  "num_bootstrap": 100,
  "mmd_mean": 0.00775918086150288,
  "mmd_std": 8.730441061322851e-05,
  "mmd_low": 0.007624472858967522,
  "mmd_high": 0.007889616029345238,
  "mmd_runtime_seconds": 167.843621,
  "mmd_runtime_perf_seconds": 167.843621
}