{
  "dataset": "lobster",
  "model": "GRAN",
  "subsample_size": 128,
  "descriptor": "orbit4",
  "variant": "umve",
  "num_bootstrap": 100,
  "mmd_mean": 0.1669784464514978,
  "mmd_std": 0.03121696561747122,
  "mmd_low": 0.11600138157596267,
  "mmd_high": 0.2360288792682147,
  "mmd_runtime_seconds": 2.439719,
  "mmd_runtime_perf_seconds": 2.439719
}