{
  "dataset": "lobster",
  "model": "test",
  "subsample_size": 256,
  "descriptor": "spectral",
  "variant": "biased",
  "num_bootstrap": 100,
  "mmd_mean": 0.007813578456224882,
  "mmd_std": 4.3329501513695276e-05,
  "mmd_low": 0.007722197158876408,
  "mmd_high": 0.007877154882456841,
  "mmd_runtime_seconds": 6.361581,
  "mmd_runtime_perf_seconds": 6.361581
}