{
  "dataset": "sbm",
  "model": "ESGG",
  "subsample_size": 1024,
  "descriptor": "degree",
  "variant": "umve",
  "num_bootstrap": 100,
  "mmd_mean": 0.031948269517850035,
  "mmd_std": 0.003197225852330912,
  "mmd_low": 0.025896164552782656,
  "mmd_high": 0.039453854580596366,
  "mmd_runtime_seconds": 50.297429,
  "mmd_runtime_perf_seconds": 50.297429
}