{
  "dataset": "sbm",
  "model": "ESGG",
  "subsample_size": 1024,
  "descriptor": "spectral",
  "variant": "biased",
  "num_bootstrap": 100,
  "mmd_mean": 0.048209328015331676,
  "mmd_std": 0.002230752201481642,
  "mmd_low": 0.04406312133488027,
  "mmd_high": 0.05262376396112809,
  "mmd_runtime_seconds": 79.914821,
  "mmd_runtime_perf_seconds": 79.914821
}