{
  "dataset": "lobster",
  "model": "test",
  "subsample_size": 64,
  "descriptor": "orbit5",
  "variant": "umve",
  "num_bootstrap": 100,
  "mmd_mean": 0.0038258363093986066,
  "mmd_std": 0.005935268427231874,
  "mmd_low": -9.813175667110544e-05,
  "mmd_high": 0.01829980510778581,
  "mmd_runtime_seconds": 0.365943,
  "mmd_runtime_perf_seconds": 0.365943
}