{
  "dataset": "sbm",
  "model": "DIGRESS",
  "subsample_size": 32,
  "descriptor": "orbit5",
  "variant": "biased",
  "num_bootstrap": 100,
  "mmd_mean": 0.0726726814705514,
  "mmd_std": 0.021857497192715094,
  "mmd_low": 0.061890258856820424,
  "mmd_high": 0.13422806544732505,
  "mmd_runtime_seconds": 19.08509,
  "mmd_runtime_perf_seconds": 19.08509
}