{
  "dataset": "sbm",
  "model": "GRAN",
  "subsample_size": 128,
  "descriptor": "clustering",
  "variant": "umve",
  "num_bootstrap": 100,
  "mmd_mean": 0.050664617085526664,
  "mmd_std": 0.011373570473078914,
  "mmd_low": 0.029676951724524097,
  "mmd_high": 0.0717073842881047,
  "mmd_runtime_seconds": 22.638236,
  "mmd_runtime_perf_seconds": 22.638236
}