{
  "dataset": "lobster",
  "model": "GRAN",
  "subsample_size": 32,
  "descriptor": "spectral",
  "variant": "umve",
  "num_bootstrap": 100,
  "mmd_mean": 0.22006242587089087,
  "mmd_std": 0.08575693693853516,
  "mmd_low": 0.09010515893290082,
  "mmd_high": 0.42746584217860695,
  "mmd_runtime_seconds": 13.688826,
  "mmd_runtime_perf_seconds": 13.688826
}