{
  "dataset": "lobster",
  "model": "AUTOGRAPH",
  "subsample_size": 32,
  "descriptor": "spectral",
  "variant": "biased",
  "num_bootstrap": 100,
  "mmd_mean": 0.06543885778329059,
  "mmd_std": 0.007541965062289858,
  "mmd_low": 0.0625,
  "mmd_high": 0.08510114920452325,
  "mmd_runtime_seconds": 16.293536,
  "mmd_runtime_perf_seconds": 16.293536
}