{
  "dataset": "sbm",
  "model": "AUTOGRAPH",
  "subsample_size": 16,
  "descriptor": "spectral",
  "variant": "biased",
  "num_bootstrap": 100,
  "mmd_mean": 0.1252169544423778,
  "mmd_std": 0.0005377491736443952,
  "mmd_low": 0.125,
  "mmd_high": 0.12688414817135202,
  "mmd_runtime_seconds": 26.729747,
  "mmd_runtime_perf_seconds": 26.729747
}