{
  "dataset": "sbm",
  "model": "ESGG",
  "subsample_size": 128,
  "descriptor": "orbit4",
  "variant": "biased",
  "num_bootstrap": 100,
  "mmd_mean": 0.09760162143501926,
  "mmd_std": 0.02440183393076632,
  "mmd_low": 0.057463497715391304,
  "mmd_high": 0.1531183003363788,
  "mmd_runtime_seconds": 3.41638,
  "mmd_runtime_perf_seconds": 3.41638
}