{
  "dataset": "sbm",
  "model": "GRAN",
  "subsample_size": 4096,
  "descriptor": "clustering",
  "variant": "biased",
  "num_bootstrap": 100,
  "mmd_mean": 0.04410664590216801,
  "mmd_std": 0.001303316127581259,
  "mmd_low": 0.04171397641704674,
  "mmd_high": 0.04653849817638319,
  "mmd_runtime_seconds": 767.856708,
  "mmd_runtime_perf_seconds": 767.856708
}