{
  "dataset": "lobster",
  "model": "ESGG",
  "subsample_size": 128,
  "descriptor": "degree",
  "variant": "umve",
  "num_bootstrap": 100,
  "mmd_mean": 0.09538031262716046,
  "mmd_std": 0.023188946504135846,
  "mmd_low": 0.05357784420432278,
  "mmd_high": 0.1428140771335223,
  "mmd_runtime_seconds": 3.145375,
  "mmd_runtime_perf_seconds": 3.145375
}