{
  "dataset": "planar",
  "model": "AUTOGRAPH",
  "subsample_size": 128,
  "descriptor": "spectral",
  "variant": "biased",
  "num_bootstrap": 100,
  "mmd_mean": 0.015636525761169938,
  "mmd_std": 6.097793518777661e-05,
  "mmd_low": 0.015625,
  "mmd_high": 0.015650308438113505,
  "mmd_runtime_seconds": 20.775617,
  "mmd_runtime_perf_seconds": 20.775617
}