{
  "dataset": "sbm",
  "model": "ESGG",
  "subsample_size": 512,
  "descriptor": "gin",
  "variant": "umve",
  "num_bootstrap": 100,
  "mmd_mean": 0.42341920182664516,
  "mmd_std": 0.023370332550501742,
  "mmd_low": 0.36990330377642067,
  "mmd_high": 0.468695803407979,
  "mmd_runtime_seconds": 150.340293,
  "mmd_runtime_perf_seconds": 150.340293
}