{
  "dataset": "lobster",
  "model": "AUTOGRAPH",
  "subsample_size": 2048,
  "descriptor": "spectral",
  "variant": "biased",
  "num_bootstrap": 100,
  "mmd_mean": 0.008898795379661387,
  "mmd_std": 0.001649771172485977,
  "mmd_low": 0.006078035154130773,
  "mmd_high": 0.012238383848780347,
  "mmd_runtime_seconds": 265.246152,
  "mmd_runtime_perf_seconds": 265.246152
}