{
  "dataset": "planar",
  "model": "DIGRESS",
  "subsample_size": 1024,
  "descriptor": "gin",
  "variant": "umve",
  "num_bootstrap": 100,
  "mmd_mean": 0.026096315967159306,
  "mmd_std": 0.004820688145145701,
  "mmd_low": 0.01814688597224599,
  "mmd_high": 0.03688417546785298,
  "mmd_runtime_seconds": 161.080746,
  "mmd_runtime_perf_seconds": 161.080746
}