{
  "dataset": "sbm",
  "model": "ESGG",
  "subsample_size": 16,
  "descriptor": "degree",
  "variant": "biased",
  "num_bootstrap": 100,
  "mmd_mean": 0.13628405505424143,
  "mmd_std": 0.016002288379014275,
  "mmd_low": 0.125,
  "mmd_high": 0.1890497788625362,
  "mmd_runtime_seconds": 1.978602,
  "mmd_runtime_perf_seconds": 1.978602
}