{
  "dataset": "sbm",
  "model": "test",
  "subsample_size": 256,
  "descriptor": "orbit4",
  "variant": "umve",
  "num_bootstrap": 100,
  "mmd_mean": 0.0013040264226261027,
  "mmd_std": 0.0016788483703134866,
  "mmd_low": -7.158767123223205e-06,
  "mmd_high": 0.005052569527446824,
  "mmd_runtime_seconds": 4.346646,
  "mmd_runtime_perf_seconds": 4.346646
}