{
  "dataset": "lobster",
  "model": "DIGRESS",
  "subsample_size": 4096,
  "descriptor": "orbit5",
  "variant": "umve",
  "num_bootstrap": 100,
  "mmd_mean": 0.00047368735848241306,
  "mmd_std": 0.0002626551990608006,
  "mmd_low": 7.103632351298382e-05,
  "mmd_high": 0.0010434136337020158,
  "mmd_runtime_seconds": 876.331436,
  "mmd_runtime_perf_seconds": 876.331436
}