{
  "dataset": "sbm",
  "model": "GRAN",
  "subsample_size": 1024,
  "descriptor": "spectral",
  "variant": "umve",
  "num_bootstrap": 100,
  "mmd_mean": 0.003699426335391401,
  "mmd_std": 0.0007361732976346799,
  "mmd_low": 0.0025651069911248174,
  "mmd_high": 0.005177753265682256,
  "mmd_runtime_seconds": 88.593226,
  "mmd_runtime_perf_seconds": 88.593226
}