{
  "dataset": "planar",
  "model": "GRAN",
  "subsample_size": 512,
  "descriptor": "degree",
  "variant": "biased",
  "num_bootstrap": 100,
  "mmd_mean": 0.011803053219811536,
  "mmd_std": 0.00044410510764643135,
  "mmd_low": 0.011287117004394531,
  "mmd_high": 0.012617895632965353,
  "mmd_runtime_seconds": 12.98827,
  "mmd_runtime_perf_seconds": 12.98827
}