{
  "dataset": "sbm",
  "model": "AUTOGRAPH",
  "subsample_size": 64,
  "descriptor": "orbit5",
  "variant": "umve",
  "num_bootstrap": 100,
  "mmd_mean": 0.008379372561541098,
  "mmd_std": 0.01258661323320417,
  "mmd_low": -0.00012112663563681069,
  "mmd_high": 0.04549063475115305,
  "mmd_runtime_seconds": 19.552242,
  "mmd_runtime_perf_seconds": 19.552242
}