{
  "dataset": "sbm",
  "model": "GRAN",
  "subsample_size": 32,
  "descriptor": "gin",
  "variant": "biased",
  "num_bootstrap": 100,
  "mmd_mean": 0.10480171871920177,
  "mmd_std": 0.031062948946084638,
  "mmd_low": 0.06404648780065256,
  "mmd_high": 0.17487928125330993,
  "mmd_runtime_seconds": 103.873903,
  "mmd_runtime_perf_seconds": 103.873903
}