{
  "dataset": "lobster",
  "model": "DIGRESS",
  "subsample_size": 512,
  "descriptor": "degree",
  "variant": "biased",
  "num_bootstrap": 100,
  "mmd_mean": 0.004119729704343958,
  "mmd_std": 0.0005018751770758545,
  "mmd_low": 0.003868103027343751,
  "mmd_high": 0.005780879632343768,
  "mmd_runtime_seconds": 18.391452,
  "mmd_runtime_perf_seconds": 18.391452
}