{
  "dataset": "planar",
  "model": "AUTOGRAPH",
  "subsample_size": 128,
  "descriptor": "gin",
  "variant": "umve",
  "num_bootstrap": 100,
  "mmd_mean": 0.006152061828201688,
  "mmd_std": 0.0073802251589960635,
  "mmd_low": -6.587528307563928e-05,
  "mmd_high": 0.0272599352450045,
  "mmd_runtime_seconds": 46.039485,
  "mmd_runtime_perf_seconds": 46.039485
}