{
  "dataset": "lobster",
  "model": "GRAN",
  "subsample_size": 64,
  "descriptor": "clustering",
  "variant": "umve",
  "num_bootstrap": 100,
  "mmd_mean": 0.007572381359799394,
  "mmd_std": 0.006283714122600309,
  "mmd_low": 1.7763568394002505e-15,
  "mmd_high": 0.024965304277998084,
  "mmd_runtime_seconds": 4.112318,
  "mmd_runtime_perf_seconds": 4.112318
}