{
  "dataset": "sbm",
  "model": "ESGG",
  "subsample_size": 32,
  "descriptor": "clustering",
  "variant": "umve",
  "num_bootstrap": 100,
  "mmd_mean": 0.05302409351453323,
  "mmd_std": 0.01602730485754624,
  "mmd_low": 0.029055046806061642,
  "mmd_high": 0.09093332841317334,
  "mmd_runtime_seconds": 7.425255,
  "mmd_runtime_perf_seconds": 7.425255
}