{
  "dataset": "lobster",
  "model": "GRAN",
  "subsample_size": 2048,
  "descriptor": "orbit4",
  "variant": "umve",
  "num_bootstrap": 100,
  "mmd_mean": 0.16171536690401397,
  "mmd_std": 0.008797637152129278,
  "mmd_low": 0.14506388685348984,
  "mmd_high": 0.17881551372400215,
  "mmd_runtime_seconds": 145.89703,
  "mmd_runtime_perf_seconds": 145.89703
}