{
  "dataset": "planar",
  "model": "AUTOGRAPH",
  "subsample_size": 512,
  "descriptor": "orbit4",
  "variant": "umve",
  "num_bootstrap": 100,
  "mmd_mean": 0.0037706075374913123,
  "mmd_std": 0.002530079026566331,
  "mmd_low": 4.059582770981179e-05,
  "mmd_high": 0.009232819779086663,
  "mmd_runtime_seconds": 18.547868,
  "mmd_runtime_perf_seconds": 18.547868
}