{
  "dataset": "sbm",
  "model": "test",
  "subsample_size": 128,
  "descriptor": "degree",
  "variant": "biased",
  "num_bootstrap": 100,
  "mmd_mean": 0.01576083438336921,
  "mmd_std": 0.0005931607642069763,
  "mmd_low": 0.015625,
  "mmd_high": 0.01662856757489429,
  "mmd_runtime_seconds": 2.094389,
  "mmd_runtime_perf_seconds": 2.094389
}