{
  "dataset": "planar",
  "model": "test",
  "subsample_size": 512,
  "descriptor": "clustering",
  "variant": "umve",
  "num_bootstrap": 100,
  "mmd_mean": 0.0002453658637512672,
  "mmd_std": 0.00034951557222010567,
  "mmd_low": -7.572364643434912e-06,
  "mmd_high": 0.0012166709064032845,
  "mmd_runtime_seconds": 15.958341,
  "mmd_runtime_perf_seconds": 15.958341
}