{
  "dataset": "planar",
  "model": "AUTOGRAPH",
  "subsample_size": 32,
  "descriptor": "gin",
  "variant": "biased",
  "num_bootstrap": 100,
  "mmd_mean": 0.06873253564002085,
  "mmd_std": 0.01409239346557903,
  "mmd_low": 0.061816651001523795,
  "mmd_high": 0.10438108542244405,
  "mmd_runtime_seconds": 38.198764,
  "mmd_runtime_perf_seconds": 38.198764
}