{
  "dataset": "planar",
  "model": "ESGG",
  "subsample_size": 512,
  "descriptor": "spectral",
  "variant": "biased",
  "num_bootstrap": 100,
  "mmd_mean": 0.004015218769012847,
  "mmd_std": 0.0001287794425695618,
  "mmd_low": 0.0039070713265231,
  "mmd_high": 0.004341509100869275,
  "mmd_runtime_seconds": 25.8113,
  "mmd_runtime_perf_seconds": 25.8113
}