{
  "dataset": "sbm",
  "model": "GRAN",
  "subsample_size": 64,
  "descriptor": "degree",
  "variant": "biased",
  "num_bootstrap": 100,
  "mmd_mean": 0.07487658475425077,
  "mmd_std": 0.017872167844915972,
  "mmd_low": 0.043846828703465214,
  "mmd_high": 0.11230674485419176,
  "mmd_runtime_seconds": 3.392195,
  "mmd_runtime_perf_seconds": 3.392195
}