{
  "dataset": "lobster",
  "model": "ESGG",
  "subsample_size": 64,
  "descriptor": "gin",
  "variant": "biased",
  "num_bootstrap": 100,
  "mmd_mean": 0.060021353019288626,
  "mmd_std": 0.017477593070740406,
  "mmd_low": 0.03631037043857379,
  "mmd_high": 0.09130819687948279,
  "mmd_runtime_seconds": 10.530058,
  "mmd_runtime_perf_seconds": 10.530058
}