{
  "dataset": "lobster",
  "model": "ESGG",
  "subsample_size": 8,
  "descriptor": "orbit5",
  "variant": "umve",
  "num_bootstrap": 100,
  "mmd_mean": 0.17089373412706085,
  "mmd_std": 0.14353528876147295,
  "mmd_low": -9.423650245316641e-07,
  "mmd_high": 0.5235200220271345,
  "mmd_runtime_seconds": 1.099492,
  "mmd_runtime_perf_seconds": 1.099492
}