{
  "dataset": "planar",
  "model": "AUTOGRAPH",
  "subsample_size": 64,
  "descriptor": "gin",
  "variant": "biased",
  "num_bootstrap": 100,
  "mmd_mean": 0.03577058707059884,
  "mmd_std": 0.008261749257594724,
  "mmd_low": 0.03079842818619258,
  "mmd_high": 0.062159042084257626,
  "mmd_runtime_seconds": 42.639081,
  "mmd_runtime_perf_seconds": 42.639081
}