{
  "dataset": "sbm",
  "model": "ESGG",
  "subsample_size": 2048,
  "descriptor": "spectral",
  "variant": "umve",
  "num_bootstrap": 100,
  "mmd_mean": 0.04866908215616807,
  "mmd_std": 0.0016931816365098238,
  "mmd_low": 0.04565812337382055,
  "mmd_high": 0.05150080624190932,
  "mmd_runtime_seconds": 244.443993,
  "mmd_runtime_perf_seconds": 244.443993
}