{
  "dataset": "sbm",
  "model": "AUTOGRAPH",
  "subsample_size": 4096,
  "descriptor": "clustering",
  "variant": "biased",
  "num_bootstrap": 100,
  "mmd_mean": 0.0009511628351523638,
  "mmd_std": 0.00013971781894672378,
  "mmd_low": 0.0007395032257347348,
  "mmd_high": 0.001298318229581806,
  "mmd_runtime_seconds": 1026.881892,
  "mmd_runtime_perf_seconds": 1026.881892
}