{
  "dataset": "sbm",
  "model": "test",
  "subsample_size": 8,
  "descriptor": "degree",
  "variant": "biased",
  "num_bootstrap": 100,
  "mmd_mean": 0.25151139867749306,
  "mmd_std": 0.004451372759206909,
  "mmd_low": 0.25,
  "mmd_high": 0.2610864400357972,
  "mmd_runtime_seconds": 1.954561,
  "mmd_runtime_perf_seconds": 1.954561
}