{
  "dataset": "lobster",
  "model": "test",
  "subsample_size": 8,
  "descriptor": "orbit5",
  "variant": "biased",
  "num_bootstrap": 100,
  "mmd_mean": 0.26945207846260505,
  "mmd_std": 0.030840265236137063,
  "mmd_low": 0.23704721567558948,
  "mmd_high": 0.35533023749573583,
  "mmd_runtime_seconds": 0.108812,
  "mmd_runtime_perf_seconds": 0.108812
}