{
  "dataset": "sbm",
  "model": "DIGRESS",
  "subsample_size": 256,
  "descriptor": "degree",
  "variant": "umve",
  "num_bootstrap": 100,
  "mmd_mean": 0.0034847823304179114,
  "mmd_std": 0.0034280506953986893,
  "mmd_low": 6.213644926675153e-07,
  "mmd_high": 0.013235157657749175,
  "mmd_runtime_seconds": 9.576967,
  "mmd_runtime_perf_seconds": 9.576967
}