{
  "dataset": "lobster",
  "model": "AUTOGRAPH",
  "subsample_size": 256,
  "descriptor": "gin",
  "variant": "umve",
  "num_bootstrap": 100,
  "mmd_mean": 0.010380954309393054,
  "mmd_std": 0.007096133911214546,
  "mmd_low": 0.0005292291167041903,
  "mmd_high": 0.02514404076388432,
  "mmd_runtime_seconds": 23.725976,
  "mmd_runtime_perf_seconds": 23.725976
}