{
  "dataset": "planar",
  "model": "DIGRESS",
  "subsample_size": 1024,
  "descriptor": "spectral",
  "variant": "umve",
  "num_bootstrap": 100,
  "mmd_mean": 0.001685876625679138,
  "mmd_std": 0.00017562084697051085,
  "mmd_low": 0.0013892354904574884,
  "mmd_high": 0.0020339400298706096,
  "mmd_runtime_seconds": 68.819952,
  "mmd_runtime_perf_seconds": 68.819952
}