{
  "dataset": "planar",
  "model": "AUTOGRAPH",
  "subsample_size": 2048,
  "descriptor": "degree",
  "variant": "umve",
  "num_bootstrap": 100,
  "mmd_mean": 0.001487155245936793,
  "mmd_std": 0.0006936995548723981,
  "mmd_low": 0.0004167253466345583,
  "mmd_high": 0.003018844393121809,
  "mmd_runtime_seconds": 233.218986,
  "mmd_runtime_perf_seconds": 233.218986
}