{
  "dataset": "planar",
  "model": "AUTOGRAPH",
  "subsample_size": 16,
  "descriptor": "degree",
  "variant": "biased",
  "num_bootstrap": 100,
  "mmd_mean": 0.1320378444043073,
  "mmd_std": 0.012975451946104291,
  "mmd_low": 0.125,
  "mmd_high": 0.16826611175803918,
  "mmd_runtime_seconds": 2.572944,
  "mmd_runtime_perf_seconds": 2.572944
}