{
  "dataset": "planar",
  "model": "AUTOGRAPH",
  "subsample_size": 1024,
  "descriptor": "spectral",
  "variant": "umve",
  "num_bootstrap": 100,
  "mmd_mean": 0.0009831642634163895,
  "mmd_std": 0.00018490932089143512,
  "mmd_low": 0.0006469363177336873,
  "mmd_high": 0.0013209906549572963,
  "mmd_runtime_seconds": 87.527544,
  "mmd_runtime_perf_seconds": 87.527544
}