{
  "dataset": "sbm",
  "model": "ESGG",
  "subsample_size": 256,
  "descriptor": "orbit5",
  "variant": "umve",
  "num_bootstrap": 100,
  "mmd_mean": 0.1052998600522188,
  "mmd_std": 0.015297367863390726,
  "mmd_low": 0.07680198392773961,
  "mmd_high": 0.13593863542736423,
  "mmd_runtime_seconds": 9.665831,
  "mmd_runtime_perf_seconds": 9.665831
}