{
  "dataset": "planar",
  "model": "GRAN",
  "subsample_size": 1024,
  "descriptor": "orbit4",
  "variant": "umve",
  "num_bootstrap": 100,
  "mmd_mean": 0.008921226629153225,
  "mmd_std": 0.0010705307436908985,
  "mmd_low": 0.007727434817505157,
  "mmd_high": 0.011401457203386749,
  "mmd_runtime_seconds": 48.336154,
  "mmd_runtime_perf_seconds": 48.336154
}