{
  "dataset": "sbm",
  "model": "ESGG",
  "subsample_size": 32,
  "descriptor": "gin",
  "variant": "biased",
  "num_bootstrap": 100,
  "mmd_mean": 0.4320753946437285,
  "mmd_std": 0.09387317724025565,
  "mmd_low": 0.2905397008671925,
  "mmd_high": 0.6371787898030433,
  "mmd_runtime_seconds": 38.306428,
  "mmd_runtime_perf_seconds": 38.306428
}