{
  "dataset": "sbm",
  "model": "AUTOGRAPH",
  "subsample_size": 8,
  "descriptor": "orbit5",
  "variant": "biased",
  "num_bootstrap": 100,
  "mmd_mean": 0.27712307154801796,
  "mmd_std": 0.06217379263383566,
  "mmd_low": 0.24915189669593335,
  "mmd_high": 0.4631696317896302,
  "mmd_runtime_seconds": 17.991818,
  "mmd_runtime_perf_seconds": 17.991818
}