{
  "dataset": "sbm",
  "model": "GRAN",
  "subsample_size": 128,
  "descriptor": "orbit4",
  "variant": "umve",
  "num_bootstrap": 100,
  "mmd_mean": 0.0457922429078008,
  "mmd_std": 0.022030644387153235,
  "mmd_low": 0.01352890203916527,
  "mmd_high": 0.08654718458131415,
  "mmd_runtime_seconds": 7.574296,
  "mmd_runtime_perf_seconds": 7.574296
}