{
  "dataset": "planar",
  "model": "GRAN",
  "subsample_size": 16,
  "descriptor": "gin",
  "variant": "biased",
  "num_bootstrap": 100,
  "mmd_mean": 0.14643401666807038,
  "mmd_std": 0.027873478827076713,
  "mmd_low": 0.12361102899150332,
  "mmd_high": 0.23501470563667573,
  "mmd_runtime_seconds": 42.600797,
  "mmd_runtime_perf_seconds": 42.600797
}