{
  "dataset": "sbm",
  "model": "DIGRESS",
  "subsample_size": 128,
  "descriptor": "degree",
  "variant": "biased",
  "num_bootstrap": 100,
  "mmd_mean": 0.016516800332403367,
  "mmd_std": 0.001733961078203864,
  "mmd_low": 0.015625,
  "mmd_high": 0.022119963949001627,
  "mmd_runtime_seconds": 4.014024,
  "mmd_runtime_perf_seconds": 4.014024
}