{
  "dataset": "lobster",
  "model": "ESGG",
  "subsample_size": 4096,
  "descriptor": "orbit5",
  "variant": "umve",
  "num_bootstrap": 100,
  "mmd_mean": 0.20205859293198397,
  "mmd_std": 0.0067749003950502455,
  "mmd_low": 0.19127001962603143,
  "mmd_high": 0.21518744554558247,
  "mmd_runtime_seconds": 701.369004,
  "mmd_runtime_perf_seconds": 701.369004
}