{
  "dataset": "planar",
  "model": "ESGG",
  "subsample_size": 512,
  "descriptor": "orbit5",
  "variant": "umve",
  "num_bootstrap": 100,
  "mmd_mean": 0.031072106156043867,
  "mmd_std": 0.006380269896946102,
  "mmd_low": 0.020856797243966756,
  "mmd_high": 0.045369890789170156,
  "mmd_runtime_seconds": 15.689886,
  "mmd_runtime_perf_seconds": 15.689886
}