{
  "dataset": "lobster",
  "model": "AUTOGRAPH",
  "subsample_size": 8,
  "descriptor": "spectral",
  "variant": "biased",
  "num_bootstrap": 100,
  "mmd_mean": 0.25864699034613364,
  "mmd_std": 0.024251836988747753,
  "mmd_low": 0.25,
  "mmd_high": 0.33022812869216883,
  "mmd_runtime_seconds": 16.55827,
  "mmd_runtime_perf_seconds": 16.55827
}