{
  "dataset": "planar",
  "model": "AUTOGRAPH",
  "subsample_size": 32,
  "descriptor": "clustering",
  "variant": "umve",
  "num_bootstrap": 100,
  "mmd_mean": 0.005797819947716394,
  "mmd_std": 0.008266216332872778,
  "mmd_low": -2.8293683520083726e-49,
  "mmd_high": 0.029784566581552638,
  "mmd_runtime_seconds": 9.366405,
  "mmd_runtime_perf_seconds": 9.366405
}