{
  "dataset": "sbm",
  "model": "test",
  "subsample_size": 1024,
  "descriptor": "orbit4",
  "variant": "biased",
  "num_bootstrap": 100,
  "mmd_mean": 0.002080891934793046,
  "mmd_std": 0.000281053822802963,
  "mmd_low": 0.0019149354142328427,
  "mmd_high": 0.002671923034680561,
  "mmd_runtime_seconds": 49.241113,
  "mmd_runtime_perf_seconds": 49.241113
}