{
  "dataset": "sbm",
  "model": "DIGRESS",
  "subsample_size": 2048,
  "descriptor": "gin",
  "variant": "biased",
  "num_bootstrap": 100,
  "mmd_mean": 0.004755300813836597,
  "mmd_std": 0.0009906246190295644,
  "mmd_low": 0.002821420126675872,
  "mmd_high": 0.006582595289048355,
  "mmd_runtime_seconds": 747.435868,
  "mmd_runtime_perf_seconds": 747.435868
}