{
  "dataset": "sbm",
  "model": "test",
  "subsample_size": 16,
  "descriptor": "orbit5",
  "variant": "biased",
  "num_bootstrap": 100,
  "mmd_mean": 0.13933138065509026,
  "mmd_std": 0.023207599317149816,
  "mmd_low": 0.12181089880182312,
  "mmd_high": 0.20497068857458078,
  "mmd_runtime_seconds": 0.375974,
  "mmd_runtime_perf_seconds": 0.375974
}