{
  "dataset": "planar",
  "model": "ESGG",
  "subsample_size": 16,
  "descriptor": "spectral",
  "variant": "umve",
  "num_bootstrap": 100,
  "mmd_mean": 0.002327909268610479,
  "mmd_std": 0.0034534616401405644,
  "mmd_low": 0.0,
  "mmd_high": 0.010681903044266184,
  "mmd_runtime_seconds": 8.333549,
  "mmd_runtime_perf_seconds": 8.333549
}