{
  "dataset": "planar",
  "model": "test",
  "subsample_size": 4096,
  "descriptor": "clustering",
  "variant": "biased",
  "num_bootstrap": 100,
  "mmd_mean": 0.0004957078024921108,
  "mmd_std": 1.5204452176451329e-05,
  "mmd_low": 0.00048732757568359375,
  "mmd_high": 0.0005378048633536381,
  "mmd_runtime_seconds": 781.395733,
  "mmd_runtime_perf_seconds": 781.395733
}