{
  "dataset": "lobster",
  "model": "GRAN",
  "subsample_size": 128,
  "descriptor": "degree",
  "variant": "biased",
  "num_bootstrap": 100,
  "mmd_mean": 0.3195390640163877,
  "mmd_std": 0.03396332090091517,
  "mmd_low": 0.25014902916312287,
  "mmd_high": 0.3773428904805215,
  "mmd_runtime_seconds": 3.888801,
  "mmd_runtime_perf_seconds": 3.888801
}