{
  "dataset": "lobster",
  "model": "DIGRESS",
  "subsample_size": 512,
  "descriptor": "orbit4",
  "variant": "biased",
  "num_bootstrap": 100,
  "mmd_mean": 0.004603200826251132,
  "mmd_std": 0.0012907580918066319,
  "mmd_low": 0.0037420388715625505,
  "mmd_high": 0.0077638754825051755,
  "mmd_runtime_seconds": 16.759397,
  "mmd_runtime_perf_seconds": 16.759397
}