{
  "dataset": "planar",
  "model": "GRAN",
  "subsample_size": 64,
  "descriptor": "spectral",
  "variant": "umve",
  "num_bootstrap": 100,
  "mmd_mean": 0.007698537918322581,
  "mmd_std": 0.0016995531097162028,
  "mmd_low": 0.00496031746031746,
  "mmd_high": 0.01119300731910585,
  "mmd_runtime_seconds": 17.285602,
  "mmd_runtime_perf_seconds": 17.285602
}