{
  "dataset": "lobster",
  "model": "ESGG",
  "subsample_size": 1024,
  "descriptor": "orbit4",
  "variant": "umve",
  "num_bootstrap": 100,
  "mmd_mean": 0.21963428913364907,
  "mmd_std": 0.0127384799191697,
  "mmd_low": 0.1957946561854971,
  "mmd_high": 0.24139831777298035,
  "mmd_runtime_seconds": 48.388596,
  "mmd_runtime_perf_seconds": 48.388596
}