{
  "dataset": "planar",
  "model": "GRAN",
  "subsample_size": 512,
  "descriptor": "orbit4",
  "variant": "biased",
  "num_bootstrap": 100,
  "mmd_mean": 0.012646168475631141,
  "mmd_std": 0.0011727287396956197,
  "mmd_low": 0.01143681763367516,
  "mmd_high": 0.01524385488095246,
  "mmd_runtime_seconds": 14.202923,
  "mmd_runtime_perf_seconds": 14.202923
}