{
  "dataset": "sbm",
  "model": "test",
  "subsample_size": 64,
  "descriptor": "spectral",
  "variant": "biased",
  "num_bootstrap": 100,
  "mmd_mean": 0.0312574017060189,
  "mmd_std": 3.4628503264521895e-05,
  "mmd_low": 0.03125,
  "mmd_high": 0.0313782341106453,
  "mmd_runtime_seconds": 2.278339,
  "mmd_runtime_perf_seconds": 2.278339
}