{
  "dataset": "planar",
  "model": "DIGRESS",
  "subsample_size": 64,
  "descriptor": "degree",
  "variant": "biased",
  "num_bootstrap": 100,
  "mmd_mean": 0.04417907975540903,
  "mmd_std": 0.01219556451178883,
  "mmd_low": 0.03125,
  "mmd_high": 0.0766548058260728,
  "mmd_runtime_seconds": 3.173033,
  "mmd_runtime_perf_seconds": 3.173033
}