{
  "dataset": "sbm",
  "model": "ESGG",
  "subsample_size": 512,
  "descriptor": "degree",
  "variant": "biased",
  "num_bootstrap": 100,
  "mmd_mean": 0.033861848447844484,
  "mmd_std": 0.005118733814232652,
  "mmd_low": 0.025487326449577068,
  "mmd_high": 0.04420213182228614,
  "mmd_runtime_seconds": 15.880433,
  "mmd_runtime_perf_seconds": 15.880433
}