{
  "dataset": "sbm",
  "model": "AUTOGRAPH",
  "subsample_size": 256,
  "descriptor": "spectral",
  "variant": "biased",
  "num_bootstrap": 100,
  "mmd_mean": 0.007844054472640898,
  "mmd_std": 8.845528203663511e-05,
  "mmd_low": 0.0078125,
  "mmd_high": 0.008000656595438502,
  "mmd_runtime_seconds": 30.214551,
  "mmd_runtime_perf_seconds": 30.214551
}