{
  "dataset": "sbm",
  "model": "ESGG",
  "subsample_size": 8,
  "descriptor": "gin",
  "variant": "biased",
  "num_bootstrap": 100,
  "mmd_mean": 0.6135003140449825,
  "mmd_std": 0.19172301224865368,
  "mmd_low": 0.2775626915210351,
  "mmd_high": 1.0190155117049287,
  "mmd_runtime_seconds": 33.336352,
  "mmd_runtime_perf_seconds": 33.336352
}