{
  "dataset": "planar",
  "model": "ESGG",
  "subsample_size": 4096,
  "descriptor": "gin",
  "variant": "biased",
  "num_bootstrap": 100,
  "mmd_mean": 0.03265285592443587,
  "mmd_std": 0.0014409891748195668,
  "mmd_low": 0.030014815250707642,
  "mmd_high": 0.03555235242445077,
  "mmd_runtime_seconds": 1022.653158,
  "mmd_runtime_perf_seconds": 1022.653158
}