{
  "dataset": "lobster",
  "model": "DIGRESS",
  "subsample_size": 256,
  "descriptor": "degree",
  "variant": "biased",
  "num_bootstrap": 100,
  "mmd_mean": 0.008221444230476455,
  "mmd_std": 0.0009768545078897306,
  "mmd_low": 0.007716879890587114,
  "mmd_high": 0.011566034024974548,
  "mmd_runtime_seconds": 8.546034,
  "mmd_runtime_perf_seconds": 8.546034
}