{
  "dataset": "lobster",
  "model": "GRAN",
  "subsample_size": 32,
  "descriptor": "gin",
  "variant": "biased",
  "num_bootstrap": 100,
  "mmd_mean": 0.1711496890722857,
  "mmd_std": 0.059706091310579704,
  "mmd_low": 0.08953402418778454,
  "mmd_high": 0.28992479278657307,
  "mmd_runtime_seconds": 14.363887,
  "mmd_runtime_perf_seconds": 14.363887
}