{
  "dataset": "planar",
  "model": "test",
  "subsample_size": 1024,
  "descriptor": "spectral",
  "variant": "biased",
  "num_bootstrap": 100,
  "mmd_mean": 0.0019532824539979497,
  "mmd_std": 3.7649328405346864e-07,
  "mmd_low": 0.001953125,
  "mmd_high": 0.001954509461718498,
  "mmd_runtime_seconds": 58.584713,
  "mmd_runtime_perf_seconds": 58.584713
}