{
  "dataset": "sbm",
  "model": "AUTOGRAPH",
  "subsample_size": 4096,
  "descriptor": "orbit4",
  "variant": "umve",
  "num_bootstrap": 100,
  "mmd_mean": 0.0003473689097258241,
  "mmd_std": 0.0001822192783898905,
  "mmd_low": 8.104730242453344e-05,
  "mmd_high": 0.0007896855032130611,
  "mmd_runtime_seconds": 930.98047,
  "mmd_runtime_perf_seconds": 930.98047
}