{
  "dataset": "sbm",
  "model": "GRAN",
  "subsample_size": 4096,
  "descriptor": "orbit4",
  "variant": "umve",
  "num_bootstrap": 100,
  "mmd_mean": 0.038845836637584334,
  "mmd_std": 0.0025055132176708098,
  "mmd_low": 0.03351643635666102,
  "mmd_high": 0.0433991237276145,
  "mmd_runtime_seconds": 688.972891,
  "mmd_runtime_perf_seconds": 688.972891
}