{
  "dataset": "lobster",
  "model": "test",
  "subsample_size": 32,
  "descriptor": "degree",
  "variant": "biased",
  "num_bootstrap": 100,
  "mmd_mean": 0.06787088161755553,
  "mmd_std": 0.007588464577819717,
  "mmd_low": 0.060546875,
  "mmd_high": 0.08630919489125266,
  "mmd_runtime_seconds": 1.808191,
  "mmd_runtime_perf_seconds": 1.808191
}