{
  "dataset": "sbm",
  "model": "AUTOGRAPH",
  "subsample_size": 256,
  "descriptor": "gin",
  "variant": "biased",
  "num_bootstrap": 100,
  "mmd_mean": 0.008616837023669164,
  "mmd_std": 0.0016582203728489665,
  "mmd_low": 0.0077196704374466255,
  "mmd_high": 0.014074832295121497,
  "mmd_runtime_seconds": 146.32765,
  "mmd_runtime_perf_seconds": 146.32765
}