{
  "dataset": "sbm",
  "model": "ESGG",
  "subsample_size": 2048,
  "descriptor": "orbit4",
  "variant": "biased",
  "num_bootstrap": 100,
  "mmd_mean": 0.08042636414102233,
  "mmd_std": 0.005881597571040775,
  "mmd_low": 0.06993115897598505,
  "mmd_high": 0.09200460999970925,
  "mmd_runtime_seconds": 200.79893,
  "mmd_runtime_perf_seconds": 200.79893
}