{
  "dataset": "sbm",
  "model": "ESGG",
  "subsample_size": 8,
  "descriptor": "orbit4",
  "variant": "biased",
  "num_bootstrap": 100,
  "mmd_mean": 0.3106513989783382,
  "mmd_std": 0.09011273973874848,
  "mmd_low": 0.24995822074141227,
  "mmd_high": 0.583271702278524,
  "mmd_runtime_seconds": 1.950921,
  "mmd_runtime_perf_seconds": 1.950921
}