{
  "dataset": "planar",
  "model": "DIGRESS",
  "subsample_size": 32,
  "descriptor": "orbit5",
  "variant": "umve",
  "num_bootstrap": 100,
  "mmd_mean": 0.032267227134460626,
  "mmd_std": 0.03268065445478151,
  "mmd_low": -1.0518928826195595e-10,
  "mmd_high": 0.12643972270728215,
  "mmd_runtime_seconds": 5.565267,
  "mmd_runtime_perf_seconds": 5.565267
}