{
  "dataset": "sbm",
  "model": "AUTOGRAPH",
  "subsample_size": 256,
  "descriptor": "orbit4",
  "variant": "umve",
  "num_bootstrap": 100,
  "mmd_mean": 0.0021333524226354707,
  "mmd_std": 0.002615417350653469,
  "mmd_low": -3.2480891891306646e-05,
  "mmd_high": 0.008839232989645208,
  "mmd_runtime_seconds": 9.4124,
  "mmd_runtime_perf_seconds": 9.4124
}