{
  "dataset": "sbm",
  "model": "test",
  "subsample_size": 256,
  "descriptor": "orbit4",
  "variant": "biased",
  "num_bootstrap": 100,
  "mmd_mean": 0.008597628402852426,
  "mmd_std": 0.0012459344743608169,
  "mmd_low": 0.007793798599226058,
  "mmd_high": 0.011305966175097257,
  "mmd_runtime_seconds": 4.738675,
  "mmd_runtime_perf_seconds": 4.738675
}