{
  "dataset": "planar",
  "model": "test",
  "subsample_size": 4096,
  "descriptor": "spectral",
  "variant": "umve",
  "num_bootstrap": 100,
  "mmd_mean": 8.517958455128713e-06,
  "mmd_std": 1.2276845621922934e-05,
  "mmd_low": 0.0,
  "mmd_high": 4.3272574855118804e-05,
  "mmd_runtime_seconds": 793.036345,
  "mmd_runtime_perf_seconds": 793.036345
}