{
  "dataset": "sbm",
  "model": "AUTOGRAPH",
  "subsample_size": 512,
  "descriptor": "orbit5",
  "variant": "biased",
  "num_bootstrap": 100,
  "mmd_mean": 0.004519580416750983,
  "mmd_std": 0.0011611763079613095,
  "mmd_low": 0.003876537838439162,
  "mmd_high": 0.007799728185761233,
  "mmd_runtime_seconds": 30.621857,
  "mmd_runtime_perf_seconds": 30.621857
}