{
  "dataset": "planar",
  "model": "ESGG",
  "subsample_size": 512,
  "descriptor": "degree",
  "variant": "umve",
  "num_bootstrap": 100,
  "mmd_mean": 0.0016876095426049827,
  "mmd_std": 0.001172875417158309,
  "mmd_low": 5.230678876419972e-05,
  "mmd_high": 0.004255199357638995,
  "mmd_runtime_seconds": 15.105557,
  "mmd_runtime_perf_seconds": 15.105557
}