{
  "dataset": "sbm",
  "model": "ESGG",
  "subsample_size": 512,
  "descriptor": "clustering",
  "variant": "biased",
  "num_bootstrap": 100,
  "mmd_mean": 0.055998398239843726,
  "mmd_std": 0.003981145415716191,
  "mmd_low": 0.04954826174446208,
  "mmd_high": 0.06340755770369035,
  "mmd_runtime_seconds": 30.766035,
  "mmd_runtime_perf_seconds": 30.766035
}