{
  "dataset": "lobster",
  "model": "DIGRESS",
  "subsample_size": 32,
  "descriptor": "orbit4",
  "variant": "umve",
  "num_bootstrap": 100,
  "mmd_mean": 0.0150646989150707,
  "mmd_std": 0.02028308981297153,
  "mmd_low": -0.0003010252011133585,
  "mmd_high": 0.07418414553939526,
  "mmd_runtime_seconds": 2.943798,
  "mmd_runtime_perf_seconds": 2.943798
}