{
  "dataset": "lobster",
  "model": "GRAN",
  "subsample_size": 32,
  "descriptor": "orbit5",
  "variant": "umve",
  "num_bootstrap": 100,
  "mmd_mean": 0.18018735744368894,
  "mmd_std": 0.06800510289814707,
  "mmd_low": 0.06873583125824703,
  "mmd_high": 0.32480293808246247,
  "mmd_runtime_seconds": 2.814431,
  "mmd_runtime_perf_seconds": 2.814431
}