{
  "dataset": "lobster",
  "model": "test",
  "subsample_size": 8,
  "descriptor": "orbit4",
  "variant": "biased",
  "num_bootstrap": 100,
  "mmd_mean": 0.2752555390953713,
  "mmd_std": 0.043295765583810916,
  "mmd_low": 0.24994949606216652,
  "mmd_high": 0.3981391771470341,
  "mmd_runtime_seconds": 0.038434,
  "mmd_runtime_perf_seconds": 0.038434
}