{
  "dataset": "sbm",
  "model": "AUTOGRAPH",
  "subsample_size": 8,
  "descriptor": "orbit4",
  "variant": "biased",
  "num_bootstrap": 100,
  "mmd_mean": 0.2770952959052221,
  "mmd_std": 0.07012501713618531,
  "mmd_low": 0.24889536629395115,
  "mmd_high": 0.47770394880040457,
  "mmd_runtime_seconds": 7.118085,
  "mmd_runtime_perf_seconds": 7.118085
}