{
  "dataset": "sbm",
  "model": "ESGG",
  "subsample_size": 512,
  "descriptor": "orbit5",
  "variant": "biased",
  "num_bootstrap": 100,
  "mmd_mean": 0.10062258407014553,
  "mmd_std": 0.009445865525976876,
  "mmd_low": 0.08194862049025511,
  "mmd_high": 0.11820767578849838,
  "mmd_runtime_seconds": 23.02329,
  "mmd_runtime_perf_seconds": 23.02329
}