{
  "dataset": "planar",
  "model": "GRAN",
  "subsample_size": 64,
  "descriptor": "clustering",
  "variant": "umve",
  "num_bootstrap": 100,
  "mmd_mean": 0.009491614389753624,
  "mmd_std": 0.004229606801849572,
  "mmd_low": 0.005149903019558817,
  "mmd_high": 0.022208226220402017,
  "mmd_runtime_seconds": 8.587898,
  "mmd_runtime_perf_seconds": 8.587898
}