{
  "dataset": "lobster",
  "model": "AUTOGRAPH",
  "subsample_size": 8,
  "descriptor": "clustering",
  "variant": "umve",
  "num_bootstrap": 100,
  "mmd_mean": 6.661338147750939e-18,
  "mmd_std": 3.7877972112703124e-17,
  "mmd_low": 0.0,
  "mmd_high": 1.1657341758563954e-16,
  "mmd_runtime_seconds": 5.583769,
  "mmd_runtime_perf_seconds": 5.583769
}