{
  "dataset": "sbm",
  "model": "test",
  "subsample_size": 256,
  "descriptor": "clustering",
  "variant": "umve",
  "num_bootstrap": 100,
  "mmd_mean": 0.00035682181726708913,
  "mmd_std": 0.0004613457932043665,
  "mmd_low": 0.0,
  "mmd_high": 0.001564375024465704,
  "mmd_runtime_seconds": 10.023997,
  "mmd_runtime_perf_seconds": 10.023997
}