{
  "dataset": "planar",
  "model": "AUTOGRAPH",
  "subsample_size": 1024,
  "descriptor": "degree",
  "variant": "umve",
  "num_bootstrap": 100,
  "mmd_mean": 0.0012175693136458909,
  "mmd_std": 0.0008877478962710147,
  "mmd_low": 6.198323886926598e-05,
  "mmd_high": 0.0031121865479341176,
  "mmd_runtime_seconds": 62.763939,
  "mmd_runtime_perf_seconds": 62.763939
}