{
  "dataset": "planar",
  "model": "test",
  "subsample_size": 8,
  "descriptor": "gin",
  "variant": "biased",
  "num_bootstrap": 100,
  "mmd_mean": 0.27882964827499135,
  "mmd_std": 0.03507606934373424,
  "mmd_low": 0.2500005772302262,
  "mmd_high": 0.36502834098006004,
  "mmd_runtime_seconds": 1.433111,
  "mmd_runtime_perf_seconds": 1.433111
}