{
  "dataset": "sbm",
  "model": "test",
  "subsample_size": 16,
  "descriptor": "gin",
  "variant": "umve",
  "num_bootstrap": 100,
  "mmd_mean": 0.023493624773999015,
  "mmd_std": 0.038406490315974914,
  "mmd_low": -9.159104607340346e-06,
  "mmd_high": 0.1474312706345609,
  "mmd_runtime_seconds": 3.975488,
  "mmd_runtime_perf_seconds": 3.975488
}