{
  "dataset": "sbm",
  "model": "GRAN",
  "subsample_size": 2048,
  "descriptor": "spectral",
  "variant": "biased",
  "num_bootstrap": 100,
  "mmd_mean": 0.004884568655359158,
  "mmd_std": 0.0005200226088514536,
  "mmd_low": 0.0038513882374649026,
  "mmd_high": 0.005799849922437809,
  "mmd_runtime_seconds": 236.134862,
  "mmd_runtime_perf_seconds": 236.134862
}