{
  "dataset": "lobster",
  "model": "DIGRESS",
  "subsample_size": 128,
  "descriptor": "spectral",
  "variant": "biased",
  "num_bootstrap": 100,
  "mmd_mean": 0.01625335766338605,
  "mmd_std": 0.0017149805030041486,
  "mmd_low": 0.015625,
  "mmd_high": 0.02119190030115232,
  "mmd_runtime_seconds": 19.376917,
  "mmd_runtime_perf_seconds": 19.376917
}