{
  "dataset": "planar",
  "model": "ESGG",
  "subsample_size": 512,
  "descriptor": "orbit4",
  "variant": "biased",
  "num_bootstrap": 100,
  "mmd_mean": 0.035126321260300644,
  "mmd_std": 0.006818760765711238,
  "mmd_low": 0.02375839983115492,
  "mmd_high": 0.05029296705473148,
  "mmd_runtime_seconds": 13.764103,
  "mmd_runtime_perf_seconds": 13.764103
}