{
  "dataset": "planar",
  "model": "GRAN",
  "subsample_size": 2048,
  "descriptor": "spectral",
  "variant": "umve",
  "num_bootstrap": 100,
  "mmd_mean": 0.007792806251643627,
  "mmd_std": 6.670610509572724e-05,
  "mmd_low": 0.007673529479115779,
  "mmd_high": 0.00790839109062042,
  "mmd_runtime_seconds": 207.389806,
  "mmd_runtime_perf_seconds": 207.389806
}