{
  "dataset": "planar",
  "model": "DIGRESS",
  "subsample_size": 512,
  "descriptor": "orbit4",
  "variant": "biased",
  "num_bootstrap": 100,
  "mmd_mean": 0.037283005243720434,
  "mmd_std": 0.008281214803428711,
  "mmd_low": 0.021823525011539915,
  "mmd_high": 0.05503780154934894,
  "mmd_runtime_seconds": 14.167263,
  "mmd_runtime_perf_seconds": 14.167263
}