{
  "dataset": "lobster",
  "model": "GRAN",
  "subsample_size": 16,
  "descriptor": "gin",
  "variant": "umve",
  "num_bootstrap": 100,
  "mmd_mean": 0.15073060459570006,
  "mmd_std": 0.08709943835759638,
  "mmd_low": 0.027569585067954056,
  "mmd_high": 0.3748654114894673,
  "mmd_runtime_seconds": 14.147606,
  "mmd_runtime_perf_seconds": 14.147606
}