{
  "dataset": "sbm",
  "model": "test",
  "subsample_size": 128,
  "descriptor": "clustering",
  "variant": "biased",
  "num_bootstrap": 100,
  "mmd_mean": 0.015847703703376802,
  "mmd_std": 0.0003827408837659515,
  "mmd_low": 0.015625,
  "mmd_high": 0.01667537249517314,
  "mmd_runtime_seconds": 3.788923,
  "mmd_runtime_perf_seconds": 3.788923
}