{
  "dataset": "lobster",
  "model": "DIGRESS",
  "subsample_size": 4096,
  "descriptor": "orbit5",
  "variant": "biased",
  "num_bootstrap": 100,
  "mmd_mean": 0.00081871630089396,
  "mmd_std": 0.000246905301498769,
  "mmd_low": 0.00047867565028213675,
  "mmd_high": 0.0013022456638698287,
  "mmd_runtime_seconds": 874.412074,
  "mmd_runtime_perf_seconds": 874.412074
}