{
  "dataset": "sbm",
  "model": "DIGRESS",
  "subsample_size": 512,
  "descriptor": "degree",
  "variant": "umve",
  "num_bootstrap": 100,
  "mmd_mean": 0.004749218805666891,
  "mmd_std": 0.002578533421527212,
  "mmd_low": 0.0011845682480602167,
  "mmd_high": 0.009737311061997553,
  "mmd_runtime_seconds": 19.533725,
  "mmd_runtime_perf_seconds": 19.533725
}