{
  "dataset": "sbm",
  "model": "GRAN",
  "subsample_size": 128,
  "descriptor": "orbit4",
  "variant": "biased",
  "num_bootstrap": 100,
  "mmd_mean": 0.054725461674970305,
  "mmd_std": 0.02157345700443725,
  "mmd_low": 0.02485868873714849,
  "mmd_high": 0.09636255718182875,
  "mmd_runtime_seconds": 7.83062,
  "mmd_runtime_perf_seconds": 7.83062
}