{
  "dataset": "planar",
  "model": "ESGG",
  "subsample_size": 32,
  "descriptor": "clustering",
  "variant": "umve",
  "num_bootstrap": 100,
  "mmd_mean": 0.009106370621239096,
  "mmd_std": 0.012944847851556272,
  "mmd_low": -2.0299915164740318e-50,
  "mmd_high": 0.04475829368101909,
  "mmd_runtime_seconds": 4.605227,
  "mmd_runtime_perf_seconds": 4.605227
}