{
  "dataset": "sbm",
  "model": "ESGG",
  "subsample_size": 1024,
  "descriptor": "orbit4",
  "variant": "biased",
  "num_bootstrap": 100,
  "mmd_mean": 0.08657163142518645,
  "mmd_std": 0.008157158743827502,
  "mmd_low": 0.07325460646253322,
  "mmd_high": 0.10114043047919812,
  "mmd_runtime_seconds": 54.626666,
  "mmd_runtime_perf_seconds": 54.626666
}