{
  "dataset": "sbm",
  "model": "DIGRESS",
  "subsample_size": 64,
  "descriptor": "orbit5",
  "variant": "biased",
  "num_bootstrap": 100,
  "mmd_mean": 0.03525267821727961,
  "mmd_std": 0.007406590478790801,
  "mmd_low": 0.031032454780196676,
  "mmd_high": 0.05686283548475546,
  "mmd_runtime_seconds": 20.989466,
  "mmd_runtime_perf_seconds": 20.989466
}