{
  "dataset": "planar",
  "model": "AUTOGRAPH",
  "subsample_size": 128,
  "descriptor": "clustering",
  "variant": "biased",
  "num_bootstrap": 100,
  "mmd_mean": 0.016224628338663147,
  "mmd_std": 0.0013120165113557026,
  "mmd_low": 0.0155029296875,
  "mmd_high": 0.020588312463087715,
  "mmd_runtime_seconds": 11.019661,
  "mmd_runtime_perf_seconds": 11.019661
}