{
  "dataset": "planar",
  "model": "ESGG",
  "subsample_size": 256,
  "descriptor": "orbit5",
  "variant": "umve",
  "num_bootstrap": 100,
  "mmd_mean": 0.030371929231993923,
  "mmd_std": 0.00960527209126952,
  "mmd_low": 0.015995862992617328,
  "mmd_high": 0.05359442844819489,
  "mmd_runtime_seconds": 5.385515,
  "mmd_runtime_perf_seconds": 5.385515
}