{
  "dataset": "lobster",
  "model": "test",
  "subsample_size": 8,
  "descriptor": "orbit4",
  "variant": "umve",
  "num_bootstrap": 100,
  "mmd_mean": 0.04162989145216395,
  "mmd_std": 0.05899603308865886,
  "mmd_low": -3.3366416531565467e-06,
  "mmd_high": 0.1954898688170345,
  "mmd_runtime_seconds": 0.043135,
  "mmd_runtime_perf_seconds": 0.043135
}