{
  "dataset": "planar",
  "model": "AUTOGRAPH",
  "subsample_size": 32,
  "descriptor": "clustering",
  "variant": "biased",
  "num_bootstrap": 100,
  "mmd_mean": 0.06469162570402485,
  "mmd_std": 0.004303105305848871,
  "mmd_low": 0.0625,
  "mmd_high": 0.07817145914758855,
  "mmd_runtime_seconds": 9.003681,
  "mmd_runtime_perf_seconds": 9.003681
}