{
  "dataset": "planar",
  "model": "GRAN",
  "subsample_size": 256,
  "descriptor": "spectral",
  "variant": "umve",
  "num_bootstrap": 100,
  "mmd_mean": 0.007769147086923152,
  "mmd_std": 0.0004815680598270838,
  "mmd_low": 0.006922487745098097,
  "mmd_high": 0.008717064950980392,
  "mmd_runtime_seconds": 17.887498,
  "mmd_runtime_perf_seconds": 17.887498
}