{
  "dataset": "sbm",
  "model": "DIGRESS",
  "subsample_size": 4096,
  "descriptor": "orbit4",
  "variant": "biased",
  "num_bootstrap": 100,
  "mmd_mean": 0.005133635514439013,
  "mmd_std": 0.0010413816206768659,
  "mmd_low": 0.0031598769702564423,
  "mmd_high": 0.007373308584952774,
  "mmd_runtime_seconds": 921.281469,
  "mmd_runtime_perf_seconds": 921.281469
}