{
  "dataset": "planar",
  "model": "test",
  "subsample_size": 4096,
  "descriptor": "gin",
  "variant": "biased",
  "num_bootstrap": 100,
  "mmd_mean": 0.0005713628287520673,
  "mmd_std": 0.00011104176704417974,
  "mmd_low": 0.00048290878969291354,
  "mmd_high": 0.000844721500901139,
  "mmd_runtime_seconds": 1005.130158,
  "mmd_runtime_perf_seconds": 1005.130158
}