{
  "dataset": "planar",
  "model": "DIGRESS",
  "subsample_size": 32,
  "descriptor": "clustering",
  "variant": "biased",
  "num_bootstrap": 100,
  "mmd_mean": 0.06960106556718086,
  "mmd_std": 0.011423827446118888,
  "mmd_low": 0.0625,
  "mmd_high": 0.0999871071227449,
  "mmd_runtime_seconds": 9.862258,
  "mmd_runtime_perf_seconds": 9.862258
}