{
  "dataset": "planar",
  "model": "DIGRESS",
  "subsample_size": 2048,
  "descriptor": "gin",
  "variant": "umve",
  "num_bootstrap": 100,
  "mmd_mean": 0.02504689977970048,
  "mmd_std": 0.002850943768126083,
  "mmd_low": 0.018918487543806706,
  "mmd_high": 0.030047527314464386,
  "mmd_runtime_seconds": 374.492862,
  "mmd_runtime_perf_seconds": 374.492862
}