{
  "dataset": "sbm",
  "model": "GRAN",
  "subsample_size": 128,
  "descriptor": "degree",
  "variant": "umve",
  "num_bootstrap": 100,
  "mmd_mean": 0.059229494136874984,
  "mmd_std": 0.01557329256311225,
  "mmd_low": 0.033477377326567095,
  "mmd_high": 0.08759870341359453,
  "mmd_runtime_seconds": 4.862465,
  "mmd_runtime_perf_seconds": 4.862465
}