{
  "dataset": "lobster",
  "model": "DIGRESS",
  "subsample_size": 1024,
  "descriptor": "orbit4",
  "variant": "biased",
  "num_bootstrap": 100,
  "mmd_mean": 0.0027182717098673086,
  "mmd_std": 0.0010068537443224477,
  "mmd_low": 0.0018895229671197784,
  "mmd_high": 0.004971546600114959,
  "mmd_runtime_seconds": 62.233987,
  "mmd_runtime_perf_seconds": 62.233987
}