{
  "dataset": "planar",
  "model": "GRAN",
  "subsample_size": 4096,
  "descriptor": "orbit4",
  "variant": "biased",
  "num_bootstrap": 100,
  "mmd_mean": 0.009160091826797034,
  "mmd_std": 0.0002606567349622524,
  "mmd_low": 0.008726752520408077,
  "mmd_high": 0.00969387960202368,
  "mmd_runtime_seconds": 657.874929,
  "mmd_runtime_perf_seconds": 657.874929
}