{
  "dataset": "planar",
  "model": "ESGG",
  "subsample_size": 16,
  "descriptor": "clustering",
  "variant": "biased",
  "num_bootstrap": 100,
  "mmd_mean": 0.13116540089880074,
  "mmd_std": 0.011997652837816043,
  "mmd_low": 0.125,
  "mmd_high": 0.16148578722806986,
  "mmd_runtime_seconds": 4.45872,
  "mmd_runtime_perf_seconds": 4.45872
}