{
  "dataset": "planar",
  "model": "GRAN",
  "subsample_size": 512,
  "descriptor": "clustering",
  "variant": "umve",
  "num_bootstrap": 100,
  "mmd_mean": 0.007965664708440769,
  "mmd_std": 0.0003227102641420394,
  "mmd_low": 0.0074874466526560985,
  "mmd_high": 0.008720085421977546,
  "mmd_runtime_seconds": 23.632557,
  "mmd_runtime_perf_seconds": 23.632557
}