{
  "dataset": "planar",
  "model": "GRAN",
  "subsample_size": 16,
  "descriptor": "orbit4",
  "variant": "biased",
  "num_bootstrap": 100,
  "mmd_mean": 0.1466283485778755,
  "mmd_std": 0.022397727509368744,
  "mmd_low": 0.12499982297843601,
  "mmd_high": 0.1945035526534377,
  "mmd_runtime_seconds": 3.026043,
  "mmd_runtime_perf_seconds": 3.026043
}