{
  "dataset": "planar",
  "model": "ESGG",
  "subsample_size": 512,
  "descriptor": "orbit5",
  "variant": "biased",
  "num_bootstrap": 100,
  "mmd_mean": 0.03320640284990952,
  "mmd_std": 0.006378361083857423,
  "mmd_low": 0.022845956696997967,
  "mmd_high": 0.04746350033534537,
  "mmd_runtime_seconds": 14.438891,
  "mmd_runtime_perf_seconds": 14.438891
}