{
  "dataset": "lobster",
  "model": "test",
  "subsample_size": 8,
  "descriptor": "gin",
  "variant": "umve",
  "num_bootstrap": 100,
  "mmd_mean": 0.060036492807222286,
  "mmd_std": 0.08090191575492596,
  "mmd_low": -1.986955061955872e-05,
  "mmd_high": 0.28131705386224254,
  "mmd_runtime_seconds": 0.433654,
  "mmd_runtime_perf_seconds": 0.433654
}