{
  "dataset": "sbm",
  "model": "test",
  "subsample_size": 32,
  "descriptor": "degree",
  "variant": "biased",
  "num_bootstrap": 100,
  "mmd_mean": 0.06359317604647721,
  "mmd_std": 0.005165773113331891,
  "mmd_low": 0.0625,
  "mmd_high": 0.07223236586140976,
  "mmd_runtime_seconds": 1.900431,
  "mmd_runtime_perf_seconds": 1.900431
}