{
  "dataset": "planar",
  "model": "ESGG",
  "subsample_size": 64,
  "descriptor": "orbit4",
  "variant": "umve",
  "num_bootstrap": 100,
  "mmd_mean": 0.02822125816543604,
  "mmd_std": 0.017954438119221625,
  "mmd_low": 0.0014315305938352484,
  "mmd_high": 0.07152551486129034,
  "mmd_runtime_seconds": 1.820282,
  "mmd_runtime_perf_seconds": 1.820282
}