{
  "dataset": "planar",
  "model": "DIGRESS",
  "subsample_size": 256,
  "descriptor": "gin",
  "variant": "biased",
  "num_bootstrap": 100,
  "mmd_mean": 0.029418204327104645,
  "mmd_std": 0.007430989624828077,
  "mmd_low": 0.016938551751636072,
  "mmd_high": 0.045464734351806466,
  "mmd_runtime_seconds": 62.356496,
  "mmd_runtime_perf_seconds": 62.356496
}