{
  "dataset": "sbm",
  "model": "AUTOGRAPH",
  "subsample_size": 256,
  "descriptor": "clustering",
  "variant": "umve",
  "num_bootstrap": 100,
  "mmd_mean": 0.0007531452199737568,
  "mmd_std": 0.0008723793744598871,
  "mmd_low": -9.62451121673673e-310,
  "mmd_high": 0.003110358538549106,
  "mmd_runtime_seconds": 29.742316,
  "mmd_runtime_perf_seconds": 29.742316
}