{
  "dataset": "sbm",
  "model": "ESGG",
  "subsample_size": 8,
  "descriptor": "spectral",
  "variant": "umve",
  "num_bootstrap": 100,
  "mmd_mean": 0.05524493090568063,
  "mmd_std": 0.02612821814014723,
  "mmd_low": 0.011363083993240387,
  "mmd_high": 0.10860991721343138,
  "mmd_runtime_seconds": 8.791309,
  "mmd_runtime_perf_seconds": 8.791309
}