{
  "dataset": "planar",
  "model": "test",
  "subsample_size": 1024,
  "descriptor": "orbit5",
  "variant": "umve",
  "num_bootstrap": 100,
  "mmd_mean": 0.00017256455373700498,
  "mmd_std": 0.00021975749784237025,
  "mmd_low": -3.133908366746015e-08,
  "mmd_high": 0.0008349602238891672,
  "mmd_runtime_seconds": 44.67084,
  "mmd_runtime_perf_seconds": 44.67084
}