{
  "dataset": "lobster",
  "model": "DIGRESS",
  "subsample_size": 16,
  "descriptor": "gin",
  "variant": "biased",
  "num_bootstrap": 100,
  "mmd_mean": 0.1396079572787303,
  "mmd_std": 0.030102318637108712,
  "mmd_low": 0.12353547168239626,
  "mmd_high": 0.2198751750553951,
  "mmd_runtime_seconds": 15.713578,
  "mmd_runtime_perf_seconds": 15.713578
}