{
  "dataset": "planar",
  "model": "ESGG",
  "subsample_size": 8,
  "descriptor": "orbit5",
  "variant": "biased",
  "num_bootstrap": 100,
  "mmd_mean": 0.2826265847755231,
  "mmd_std": 0.054656759168036036,
  "mmd_low": 0.24999999990911592,
  "mmd_high": 0.4155217484897131,
  "mmd_runtime_seconds": 2.174812,
  "mmd_runtime_perf_seconds": 2.174812
}