{
  "dataset": "planar",
  "model": "GRAN",
  "subsample_size": 8,
  "descriptor": "orbit4",
  "variant": "biased",
  "num_bootstrap": 100,
  "mmd_mean": 0.2800606903239295,
  "mmd_std": 0.049032672467888866,
  "mmd_low": 0.24999999998142272,
  "mmd_high": 0.4058552762428492,
  "mmd_runtime_seconds": 3.162118,
  "mmd_runtime_perf_seconds": 3.162118
}