{
  "dataset": "lobster",
  "model": "AUTOGRAPH",
  "subsample_size": 32,
  "descriptor": "spectral",
  "variant": "umve",
  "num_bootstrap": 100,
  "mmd_mean": 0.010862132928131651,
  "mmd_std": 0.014625661846769155,
  "mmd_low": -6.71086025687069e-190,
  "mmd_high": 0.042834113071282896,
  "mmd_runtime_seconds": 16.603002,
  "mmd_runtime_perf_seconds": 16.603002
}