{
  "dataset": "sbm",
  "model": "AUTOGRAPH",
  "subsample_size": 512,
  "descriptor": "orbit4",
  "variant": "biased",
  "num_bootstrap": 100,
  "mmd_mean": 0.004531264315325767,
  "mmd_std": 0.001265395089572499,
  "mmd_low": 0.00385397815676101,
  "mmd_high": 0.007898151830917797,
  "mmd_runtime_seconds": 17.551706,
  "mmd_runtime_perf_seconds": 17.551706
}