{
  "dataset": "lobster",
  "model": "DIGRESS",
  "subsample_size": 2048,
  "descriptor": "gin",
  "variant": "umve",
  "num_bootstrap": 100,
  "mmd_mean": 0.00034646986160141534,
  "mmd_std": 0.0003601947827446847,
  "mmd_low": -3.1097877721062272e-06,
  "mmd_high": 0.001414150095900075,
  "mmd_runtime_seconds": 270.766976,
  "mmd_runtime_perf_seconds": 270.766976
}