{
  "dataset": "sbm",
  "model": "DIGRESS",
  "subsample_size": 64,
  "descriptor": "degree",
  "variant": "biased",
  "num_bootstrap": 100,
  "mmd_mean": 0.03283248552025747,
  "mmd_std": 0.003754634622642503,
  "mmd_low": 0.03125,
  "mmd_high": 0.044288670492273946,
  "mmd_runtime_seconds": 3.492535,
  "mmd_runtime_perf_seconds": 3.492535
}