{
  "dataset": "lobster",
  "model": "DIGRESS",
  "subsample_size": 64,
  "descriptor": "gin",
  "variant": "umve",
  "num_bootstrap": 100,
  "mmd_mean": 0.008008159708357023,
  "mmd_std": 0.0111751682282917,
  "mmd_low": -0.0001308991827669803,
  "mmd_high": 0.040442630501512596,
  "mmd_runtime_seconds": 18.777472,
  "mmd_runtime_perf_seconds": 18.777472
}