{
  "dataset": "lobster",
  "model": "ESGG",
  "subsample_size": 64,
  "descriptor": "degree",
  "variant": "biased",
  "num_bootstrap": 100,
  "mmd_mean": 0.10825344974290267,
  "mmd_std": 0.035427923052355266,
  "mmd_low": 0.05349363285784734,
  "mmd_high": 0.1907397177493033,
  "mmd_runtime_seconds": 2.690828,
  "mmd_runtime_perf_seconds": 2.690828
}