{
  "dataset": "sbm",
  "model": "test",
  "subsample_size": 64,
  "descriptor": "orbit5",
  "variant": "umve",
  "num_bootstrap": 100,
  "mmd_mean": 0.012174030683639267,
  "mmd_std": 0.014224525212354932,
  "mmd_low": -0.00013789808978926789,
  "mmd_high": 0.05603807405502565,
  "mmd_runtime_seconds": 1.671964,
  "mmd_runtime_perf_seconds": 1.671964
}