{
  "dataset": "lobster",
  "model": "ESGG",
  "subsample_size": 16,
  "descriptor": "orbit5",
  "variant": "biased",
  "num_bootstrap": 100,
  "mmd_mean": 0.2635730052731017,
  "mmd_std": 0.08757153963049759,
  "mmd_low": 0.13143700582714,
  "mmd_high": 0.44490557490219446,
  "mmd_runtime_seconds": 1.124867,
  "mmd_runtime_perf_seconds": 1.124867
}