{
  "dataset": "lobster",
  "model": "test",
  "subsample_size": 512,
  "descriptor": "degree",
  "variant": "biased",
  "num_bootstrap": 100,
  "mmd_mean": 0.003976553874926041,
  "mmd_std": 0.0003257339566364707,
  "mmd_low": 0.003842034066453035,
  "mmd_high": 0.00463569701007337,
  "mmd_runtime_seconds": 13.583161,
  "mmd_runtime_perf_seconds": 13.583161
}