{
  "dataset": "sbm",
  "model": "DIGRESS",
  "subsample_size": 64,
  "descriptor": "orbit4",
  "variant": "biased",
  "num_bootstrap": 100,
  "mmd_mean": 0.03561975076372999,
  "mmd_std": 0.007798796400897415,
  "mmd_low": 0.0308874767173785,
  "mmd_high": 0.055670859021588616,
  "mmd_runtime_seconds": 7.502536,
  "mmd_runtime_perf_seconds": 7.502536
}