{
  "dataset": "lobster",
  "model": "AUTOGRAPH",
  "subsample_size": 128,
  "descriptor": "orbit5",
  "variant": "biased",
  "num_bootstrap": 100,
  "mmd_mean": 0.019317741257971963,
  "mmd_std": 0.006914708124742367,
  "mmd_low": 0.014075195972096314,
  "mmd_high": 0.040603242311347536,
  "mmd_runtime_seconds": 4.315968,
  "mmd_runtime_perf_seconds": 4.315968
}