{
  "dataset": "lobster",
  "model": "DIGRESS",
  "subsample_size": 256,
  "descriptor": "orbit5",
  "variant": "biased",
  "num_bootstrap": 100,
  "mmd_mean": 0.008952917258860682,
  "mmd_std": 0.0021092542358705124,
  "mmd_low": 0.007236465039661745,
  "mmd_high": 0.015576557909378657,
  "mmd_runtime_seconds": 7.022845,
  "mmd_runtime_perf_seconds": 7.022845
}