{
  "dataset": "sbm",
  "model": "ESGG",
  "subsample_size": 64,
  "descriptor": "orbit5",
  "variant": "biased",
  "num_bootstrap": 100,
  "mmd_mean": 0.11516630103402599,
  "mmd_std": 0.023714544471224713,
  "mmd_low": 0.07229286047658397,
  "mmd_high": 0.16159594999632285,
  "mmd_runtime_seconds": 6.680328,
  "mmd_runtime_perf_seconds": 6.680328
}