{
  "dataset": "lobster",
  "model": "test",
  "subsample_size": 128,
  "descriptor": "orbit4",
  "variant": "biased",
  "num_bootstrap": 100,
  "mmd_mean": 0.016247460286709706,
  "mmd_std": 0.0010754346322755888,
  "mmd_low": 0.015348597990432337,
  "mmd_high": 0.019092606491424483,
  "mmd_runtime_seconds": 0.943114,
  "mmd_runtime_perf_seconds": 0.943114
}