{
  "dataset": "planar",
  "model": "AUTOGRAPH",
  "subsample_size": 32,
  "descriptor": "spectral",
  "variant": "umve",
  "num_bootstrap": 100,
  "mmd_mean": 0.0016399689510927687,
  "mmd_std": 0.0021754861673669587,
  "mmd_low": 0.0,
  "mmd_high": 0.007100522802334294,
  "mmd_runtime_seconds": 17.307095,
  "mmd_runtime_perf_seconds": 17.307095
}