{
  "dataset": "planar",
  "model": "GRAN",
  "subsample_size": 256,
  "descriptor": "gin",
  "variant": "biased",
  "num_bootstrap": 100,
  "mmd_mean": 0.018672627585901408,
  "mmd_std": 0.0051586346098447065,
  "mmd_low": 0.015084521188687368,
  "mmd_high": 0.033178375519924364,
  "mmd_runtime_seconds": 61.62698,
  "mmd_runtime_perf_seconds": 61.62698
}