{
  "dataset": "planar",
  "model": "AUTOGRAPH",
  "subsample_size": 512,
  "descriptor": "spectral",
  "variant": "umve",
  "num_bootstrap": 100,
  "mmd_mean": 0.0009704900489145496,
  "mmd_std": 0.0002669960913668208,
  "mmd_low": 0.0005156919824489987,
  "mmd_high": 0.00143572691652237,
  "mmd_runtime_seconds": 34.175897,
  "mmd_runtime_perf_seconds": 34.175897
}