{
  "dataset": "sbm",
  "model": "AUTOGRAPH",
  "subsample_size": 2048,
  "descriptor": "degree",
  "variant": "umve",
  "num_bootstrap": 100,
  "mmd_mean": 0.000460486848720117,
  "mmd_std": 0.00031321320945410354,
  "mmd_low": 8.409397955687475e-06,
  "mmd_high": 0.0011434096853949005,
  "mmd_runtime_seconds": 184.94444,
  "mmd_runtime_perf_seconds": 184.94444
}