{
  "dataset": "lobster",
  "model": "test",
  "subsample_size": 4096,
  "descriptor": "orbit5",
  "variant": "umve",
  "num_bootstrap": 100,
  "mmd_mean": 4.19542375763708e-05,
  "mmd_std": 7.885063542505425e-05,
  "mmd_low": -1.819858864804402e-06,
  "mmd_high": 0.0003087354156290522,
  "mmd_runtime_seconds": 715.950043,
  "mmd_runtime_perf_seconds": 715.950043
}