{
  "dataset": "lobster",
  "model": "AUTOGRAPH",
  "subsample_size": 16,
  "descriptor": "orbit4",
  "variant": "umve",
  "num_bootstrap": 100,
  "mmd_mean": 0.033986961768999145,
  "mmd_std": 0.05124432079738884,
  "mmd_low": -0.0004338351113837567,
  "mmd_high": 0.17396135994053205,
  "mmd_runtime_seconds": 3.096735,
  "mmd_runtime_perf_seconds": 3.096735
}