{
  "dataset": "sbm",
  "model": "AUTOGRAPH",
  "subsample_size": 16,
  "descriptor": "degree",
  "variant": "umve",
  "num_bootstrap": 100,
  "mmd_mean": 0.02041565656244978,
  "mmd_std": 0.026517567260856925,
  "mmd_low": -5.3825013994643286e-173,
  "mmd_high": 0.0777150625990168,
  "mmd_runtime_seconds": 2.937793,
  "mmd_runtime_perf_seconds": 2.937793
}