{
  "dataset": "lobster",
  "model": "DIGRESS",
  "subsample_size": 128,
  "descriptor": "spectral",
  "variant": "umve",
  "num_bootstrap": 100,
  "mmd_mean": 0.0019595800838407068,
  "mmd_std": 0.003210322409192357,
  "mmd_low": -1.115071932199509e-158,
  "mmd_high": 0.011529067821169695,
  "mmd_runtime_seconds": 18.914914,
  "mmd_runtime_perf_seconds": 18.914914
}