{
  "dataset": "planar",
  "model": "AUTOGRAPH",
  "subsample_size": 256,
  "descriptor": "clustering",
  "variant": "biased",
  "num_bootstrap": 100,
  "mmd_mean": 0.008199597035848907,
  "mmd_std": 0.0007965640778102566,
  "mmd_low": 0.00775146484375,
  "mmd_high": 0.009647546230423921,
  "mmd_runtime_seconds": 14.23806,
  "mmd_runtime_perf_seconds": 14.23806
}