{
  "dataset": "planar",
  "model": "ESGG",
  "subsample_size": 128,
  "descriptor": "degree",
  "variant": "biased",
  "num_bootstrap": 100,
  "mmd_mean": 0.016923084114985703,
  "mmd_std": 0.00203317218457791,
  "mmd_low": 0.0155029296875,
  "mmd_high": 0.02297543205036939,
  "mmd_runtime_seconds": 2.617721,
  "mmd_runtime_perf_seconds": 2.617721
}