{
  "dataset": "lobster",
  "model": "DIGRESS",
  "subsample_size": 16,
  "descriptor": "orbit5",
  "variant": "umve",
  "num_bootstrap": 100,
  "mmd_mean": 0.0281271571272675,
  "mmd_std": 0.03901447093575412,
  "mmd_low": -0.00042371295691296903,
  "mmd_high": 0.1409856037607494,
  "mmd_runtime_seconds": 3.163854,
  "mmd_runtime_perf_seconds": 3.163854
}