{
  "dataset": "sbm",
  "model": "DIGRESS",
  "subsample_size": 64,
  "descriptor": "clustering",
  "variant": "umve",
  "num_bootstrap": 100,
  "mmd_mean": 0.0023102051649257905,
  "mmd_std": 0.0027161518397163117,
  "mmd_low": 0.0,
  "mmd_high": 0.00973988856318405,
  "mmd_runtime_seconds": 25.551707,
  "mmd_runtime_perf_seconds": 25.551707
}