{
  "dataset": "sbm",
  "model": "GRAN",
  "subsample_size": 64,
  "descriptor": "spectral",
  "variant": "biased",
  "num_bootstrap": 100,
  "mmd_mean": 0.03205552153541245,
  "mmd_std": 0.0015896768945199906,
  "mmd_low": 0.03125,
  "mmd_high": 0.03703506669521448,
  "mmd_runtime_seconds": 26.851173,
  "mmd_runtime_perf_seconds": 26.851173
}