{
  "dataset": "sbm",
  "model": "DIGRESS",
  "subsample_size": 64,
  "descriptor": "orbit4",
  "variant": "umve",
  "num_bootstrap": 100,
  "mmd_mean": 0.009283190884306037,
  "mmd_std": 0.011559462485442953,
  "mmd_low": -0.00013423656262270267,
  "mmd_high": 0.03679019065279947,
  "mmd_runtime_seconds": 8.120715,
  "mmd_runtime_perf_seconds": 8.120715
}