{
  "dataset": "planar",
  "model": "test",
  "subsample_size": 64,
  "descriptor": "clustering",
  "variant": "umve",
  "num_bootstrap": 100,
  "mmd_mean": 0.006652005659245832,
  "mmd_std": 0.005644773306698104,
  "mmd_low": 0.00011759859798029954,
  "mmd_high": 0.019715460868255996,
  "mmd_runtime_seconds": 0.818594,
  "mmd_runtime_perf_seconds": 0.818594
}