{
  "dataset": "lobster",
  "model": "ESGG",
  "subsample_size": 128,
  "descriptor": "orbit4",
  "variant": "umve",
  "num_bootstrap": 100,
  "mmd_mean": 0.2383980750714861,
  "mmd_std": 0.042321479248406554,
  "mmd_low": 0.15959395455562875,
  "mmd_high": 0.3230774592642596,
  "mmd_runtime_seconds": 2.25125,
  "mmd_runtime_perf_seconds": 2.25125
}