{
  "dataset": "sbm",
  "model": "GRAN",
  "subsample_size": 16,
  "descriptor": "gin",
  "variant": "umve",
  "num_bootstrap": 100,
  "mmd_mean": 0.056943719373155226,
  "mmd_std": 0.054842377059288905,
  "mmd_low": -5.4736545408729204e-06,
  "mmd_high": 0.2051425700283905,
  "mmd_runtime_seconds": 105.814856,
  "mmd_runtime_perf_seconds": 105.814856
}