{
  "dataset": "planar",
  "model": "ESGG",
  "subsample_size": 128,
  "descriptor": "orbit5",
  "variant": "umve",
  "num_bootstrap": 100,
  "mmd_mean": 0.03126509327202398,
  "mmd_std": 0.013847150192969632,
  "mmd_low": 0.00793735572931567,
  "mmd_high": 0.05738004574841036,
  "mmd_runtime_seconds": 3.536836,
  "mmd_runtime_perf_seconds": 3.536836
}