{
  "dataset": "sbm",
  "model": "test",
  "subsample_size": 8,
  "descriptor": "orbit4",
  "variant": "biased",
  "num_bootstrap": 100,
  "mmd_mean": 0.28898643046431255,
  "mmd_std": 0.046321932593053027,
  "mmd_low": 0.24893021804099208,
  "mmd_high": 0.3847978323633567,
  "mmd_runtime_seconds": 0.093101,
  "mmd_runtime_perf_seconds": 0.093101
}