{
  "dataset": "lobster",
  "model": "DIGRESS",
  "subsample_size": 2048,
  "descriptor": "gin",
  "variant": "biased",
  "num_bootstrap": 100,
  "mmd_mean": 0.0011822357630417461,
  "mmd_std": 0.0002977062543241125,
  "mmd_low": 0.0009630903403594172,
  "mmd_high": 0.002094856122685332,
  "mmd_runtime_seconds": 261.747289,
  "mmd_runtime_perf_seconds": 261.747289
}