{
  "dataset": "planar",
  "model": "test",
  "subsample_size": 16,
  "descriptor": "clustering",
  "variant": "umve",
  "num_bootstrap": 100,
  "mmd_mean": 0.024597775505011073,
  "mmd_std": 0.024043758913726173,
  "mmd_low": 0.0003003235618443102,
  "mmd_high": 0.07859164742963476,
  "mmd_runtime_seconds": 0.199744,
  "mmd_runtime_perf_seconds": 0.199744
}