{
  "dataset": "planar",
  "model": "DIGRESS",
  "subsample_size": 256,
  "descriptor": "gin",
  "variant": "umve",
  "num_bootstrap": 100,
  "mmd_mean": 0.024345308699330208,
  "mmd_std": 0.00779648895255228,
  "mmd_low": 0.011077142328108268,
  "mmd_high": 0.04033265602898823,
  "mmd_runtime_seconds": 61.603106,
  "mmd_runtime_perf_seconds": 61.603106
}