{
  "dataset": "planar",
  "model": "test",
  "subsample_size": 512,
  "descriptor": "spectral",
  "variant": "biased",
  "num_bootstrap": 100,
  "mmd_mean": 0.003906392715224285,
  "mmd_std": 5.014417226620583e-07,
  "mmd_low": 0.00390625,
  "mmd_high": 0.003907949068055354,
  "mmd_runtime_seconds": 18.639639,
  "mmd_runtime_perf_seconds": 18.639639
}