{
  "dataset": "sbm",
  "model": "ESGG",
  "subsample_size": 64,
  "descriptor": "degree",
  "variant": "umve",
  "num_bootstrap": 100,
  "mmd_mean": 0.029153860820293646,
  "mmd_std": 0.016236717657979124,
  "mmd_low": 0.004497816305235305,
  "mmd_high": 0.06559739108041249,
  "mmd_runtime_seconds": 2.562874,
  "mmd_runtime_perf_seconds": 2.562874
}