{
  "dataset": "planar",
  "model": "DIGRESS",
  "subsample_size": 512,
  "descriptor": "degree",
  "variant": "biased",
  "num_bootstrap": 100,
  "mmd_mean": 0.015511086954778288,
  "mmd_std": 0.0032974869022722154,
  "mmd_low": 0.009373174528694505,
  "mmd_high": 0.020951748607714038,
  "mmd_runtime_seconds": 13.202122,
  "mmd_runtime_perf_seconds": 13.202122
}