{
  "dataset": "planar",
  "model": "GRAN",
  "subsample_size": 64,
  "descriptor": "gin",
  "variant": "biased",
  "num_bootstrap": 100,
  "mmd_mean": 0.04484837173360066,
  "mmd_std": 0.010639260840497971,
  "mmd_low": 0.03650620082824803,
  "mmd_high": 0.07991124808900867,
  "mmd_runtime_seconds": 44.51986,
  "mmd_runtime_perf_seconds": 44.51986
}