{
  "dataset": "planar",
  "model": "GRAN",
  "subsample_size": 16,
  "descriptor": "degree",
  "variant": "umve",
  "num_bootstrap": 100,
  "mmd_mean": 0.028009236815659953,
  "mmd_std": 0.029365128777826863,
  "mmd_low": -9.852615558832274e-140,
  "mmd_high": 0.09694609790823659,
  "mmd_runtime_seconds": 2.82446,
  "mmd_runtime_perf_seconds": 2.82446
}