{
  "dataset": "lobster",
  "model": "DIGRESS",
  "subsample_size": 2048,
  "descriptor": "degree",
  "variant": "umve",
  "num_bootstrap": 100,
  "mmd_mean": 0.00018525845855842766,
  "mmd_std": 0.0002601634329929814,
  "mmd_low": -2.490740969540716e-06,
  "mmd_high": 0.0008750125583294436,
  "mmd_runtime_seconds": 230.816161,
  "mmd_runtime_perf_seconds": 230.816161
}