{
  "dataset": "sbm",
  "model": "DIGRESS",
  "subsample_size": 256,
  "descriptor": "degree",
  "variant": "biased",
  "num_bootstrap": 100,
  "mmd_mean": 0.009268910974884682,
  "mmd_std": 0.0024952895413548953,
  "mmd_low": 0.0078125,
  "mmd_high": 0.017266939750272225,
  "mmd_runtime_seconds": 9.471009,
  "mmd_runtime_perf_seconds": 9.471009
}