{
  "dataset": "planar",
  "model": "DIGRESS",
  "subsample_size": 32,
  "descriptor": "clustering",
  "variant": "umve",
  "num_bootstrap": 100,
  "mmd_mean": 0.017106451694566937,
  "mmd_std": 0.017207170687491447,
  "mmd_low": -1.3660515201656223e-52,
  "mmd_high": 0.05791073480985654,
  "mmd_runtime_seconds": 9.967135,
  "mmd_runtime_perf_seconds": 9.967135
}