{
  "dataset": "planar",
  "model": "GRAN",
  "subsample_size": 32,
  "descriptor": "gin",
  "variant": "biased",
  "num_bootstrap": 100,
  "mmd_mean": 0.07721633814312337,
  "mmd_std": 0.01815131507131001,
  "mmd_low": 0.06336912540472099,
  "mmd_high": 0.12803855703230305,
  "mmd_runtime_seconds": 43.113095,
  "mmd_runtime_perf_seconds": 43.113095
}