{
  "dataset": "planar",
  "model": "test",
  "subsample_size": 128,
  "descriptor": "gin",
  "variant": "biased",
  "num_bootstrap": 100,
  "mmd_mean": 0.017511781209952747,
  "mmd_std": 0.002675953227238918,
  "mmd_low": 0.015603461026875855,
  "mmd_high": 0.023210647693969785,
  "mmd_runtime_seconds": 12.42454,
  "mmd_runtime_perf_seconds": 12.42454
}