{
  "dataset": "lobster",
  "model": "DIGRESS",
  "subsample_size": 2048,
  "descriptor": "clustering",
  "variant": "umve",
  "num_bootstrap": 100,
  "mmd_mean": 7.503130292636495e-06,
  "mmd_std": 5.879233000361123e-06,
  "mmd_low": 4.829808554318582e-07,
  "mmd_high": 2.2468480595272396e-05,
  "mmd_runtime_seconds": 227.310499,
  "mmd_runtime_perf_seconds": 227.310499
}