{
  "dataset": "lobster",
  "model": "ESGG",
  "subsample_size": 64,
  "descriptor": "orbit5",
  "variant": "umve",
  "num_bootstrap": 100,
  "mmd_mean": 0.20050285764513442,
  "mmd_std": 0.05805695594309153,
  "mmd_low": 0.10919816604826008,
  "mmd_high": 0.3282830875142962,
  "mmd_runtime_seconds": 1.410526,
  "mmd_runtime_perf_seconds": 1.410526
}