{
  "dataset": "sbm",
  "model": "test",
  "subsample_size": 256,
  "descriptor": "orbit5",
  "variant": "umve",
  "num_bootstrap": 100,
  "mmd_mean": 0.0007300368343558047,
  "mmd_std": 0.0014060263067736645,
  "mmd_low": -2.6657631659797814e-05,
  "mmd_high": 0.0044139169781237005,
  "mmd_runtime_seconds": 7.122667,
  "mmd_runtime_perf_seconds": 7.122667
}