{
  "dataset": "sbm",
  "model": "ESGG",
  "subsample_size": 128,
  "descriptor": "gin",
  "variant": "umve",
  "num_bootstrap": 100,
  "mmd_mean": 0.4167931277745329,
  "mmd_std": 0.047849062361512,
  "mmd_low": 0.33208162598565377,
  "mmd_high": 0.525510824960005,
  "mmd_runtime_seconds": 61.23072,
  "mmd_runtime_perf_seconds": 61.23072
}