{
  "dataset": "sbm",
  "model": "DIGRESS",
  "subsample_size": 16,
  "descriptor": "gin",
  "variant": "umve",
  "num_bootstrap": 100,
  "mmd_mean": 0.03844225505222042,
  "mmd_std": 0.05737490963069968,
  "mmd_low": -0.00033096361361667487,
  "mmd_high": 0.20289791915677557,
  "mmd_runtime_seconds": 111.412843,
  "mmd_runtime_perf_seconds": 111.412843
}