{
  "dataset": "sbm",
  "model": "AUTOGRAPH",
  "subsample_size": 256,
  "descriptor": "spectral",
  "variant": "umve",
  "num_bootstrap": 100,
  "mmd_mean": 0.00031732778739102505,
  "mmd_std": 0.00041023828403334345,
  "mmd_low": 0.0,
  "mmd_high": 0.001408414943044629,
  "mmd_runtime_seconds": 30.059706,
  "mmd_runtime_perf_seconds": 30.059706
}