{
  "dataset": "sbm",
  "model": "test",
  "subsample_size": 64,
  "descriptor": "gin",
  "variant": "biased",
  "num_bootstrap": 100,
  "mmd_mean": 0.0446832483413091,
  "mmd_std": 0.013283575466663724,
  "mmd_low": 0.03139033775391547,
  "mmd_high": 0.07396510564259937,
  "mmd_runtime_seconds": 15.594447,
  "mmd_runtime_perf_seconds": 15.594447
}