{
  "dataset": "planar",
  "model": "DIGRESS",
  "subsample_size": 2048,
  "descriptor": "orbit4",
  "variant": "biased",
  "num_bootstrap": 100,
  "mmd_mean": 0.03224954666637635,
  "mmd_std": 0.00338982232237973,
  "mmd_low": 0.026114849980220255,
  "mmd_high": 0.03859446279484238,
  "mmd_runtime_seconds": 187.8947,
  "mmd_runtime_perf_seconds": 187.8947
}