{
  "dataset": "planar",
  "model": "test",
  "subsample_size": 16,
  "descriptor": "orbit5",
  "variant": "umve",
  "num_bootstrap": 100,
  "mmd_mean": 0.06934079168410401,
  "mmd_std": 0.04779908150655397,
  "mmd_low": -3.1566977010603583e-11,
  "mmd_high": 0.18202269369444385,
  "mmd_runtime_seconds": 0.122976,
  "mmd_runtime_perf_seconds": 0.122976
}