{
  "dataset": "planar",
  "model": "GRAN",
  "subsample_size": 32,
  "descriptor": "orbit4",
  "variant": "umve",
  "num_bootstrap": 100,
  "mmd_mean": 0.02005880691130317,
  "mmd_std": 0.021025418280873114,
  "mmd_low": 0.004032258076672976,
  "mmd_high": 0.08142942016641087,
  "mmd_runtime_seconds": 2.754922,
  "mmd_runtime_perf_seconds": 2.754922
}