{
  "dataset": "sbm",
  "model": "test",
  "subsample_size": 256,
  "descriptor": "gin",
  "variant": "umve",
  "num_bootstrap": 100,
  "mmd_mean": 0.0007833909841700119,
  "mmd_std": 0.0010278694096783213,
  "mmd_low": -2.6276338453204082e-05,
  "mmd_high": 0.0038170052911375625,
  "mmd_runtime_seconds": 58.785306,
  "mmd_runtime_perf_seconds": 58.785306
}