{
  "dataset": "lobster",
  "model": "ESGG",
  "subsample_size": 4096,
  "descriptor": "orbit4",
  "variant": "umve",
  "num_bootstrap": 100,
  "mmd_mean": 0.2222967395110797,
  "mmd_std": 0.006701252359690476,
  "mmd_low": 0.2100593900607909,
  "mmd_high": 0.23403941714517848,
  "mmd_runtime_seconds": 753.985018,
  "mmd_runtime_perf_seconds": 753.985018
}