{
  "dataset": "lobster",
  "model": "AUTOGRAPH",
  "subsample_size": 128,
  "descriptor": "degree",
  "variant": "umve",
  "num_bootstrap": 100,
  "mmd_mean": 0.009130586991543154,
  "mmd_std": 0.007982553266131046,
  "mmd_low": -2.1127955000904647e-05,
  "mmd_high": 0.02603895556083512,
  "mmd_runtime_seconds": 3.633397,
  "mmd_runtime_perf_seconds": 3.633397
}