{
  "dataset": "lobster",
  "model": "ESGG",
  "subsample_size": 1024,
  "descriptor": "degree",
  "variant": "umve",
  "num_bootstrap": 100,
  "mmd_mean": 0.09161652673167442,
  "mmd_std": 0.007143429108558836,
  "mmd_low": 0.07995402073580628,
  "mmd_high": 0.10905218168924591,
  "mmd_runtime_seconds": 49.562266,
  "mmd_runtime_perf_seconds": 49.562266
}