{
  "dataset": "planar",
  "model": "ESGG",
  "subsample_size": 32,
  "descriptor": "degree",
  "variant": "umve",
  "num_bootstrap": 100,
  "mmd_mean": 0.010411714449158076,
  "mmd_std": 0.013686376566070762,
  "mmd_low": -9.726643979507359e-49,
  "mmd_high": 0.04598038722437864,
  "mmd_runtime_seconds": 1.912925,
  "mmd_runtime_perf_seconds": 1.912925
}