{
  "dataset": "lobster",
  "model": "GRAN",
  "subsample_size": 512,
  "descriptor": "orbit5",
  "variant": "biased",
  "num_bootstrap": 100,
  "mmd_mean": 0.18056910279130203,
  "mmd_std": 0.017227652106234528,
  "mmd_low": 0.14223423446284272,
  "mmd_high": 0.21259675282394705,
  "mmd_runtime_seconds": 11.682387,
  "mmd_runtime_perf_seconds": 11.682387
}