{
  "dataset": "planar",
  "model": "test",
  "subsample_size": 32,
  "descriptor": "orbit4",
  "variant": "umve",
  "num_bootstrap": 100,
  "mmd_mean": 0.02052715494722251,
  "mmd_std": 0.01727455415579114,
  "mmd_low": -5.398182933021327e-08,
  "mmd_high": 0.06711757063961132,
  "mmd_runtime_seconds": 0.193302,
  "mmd_runtime_perf_seconds": 0.193302
}