{
  "dataset": "sbm",
  "model": "GRAN",
  "subsample_size": 2048,
  "descriptor": "gin",
  "variant": "biased",
  "num_bootstrap": 100,
  "mmd_mean": 0.05841543561023301,
  "mmd_std": 0.003955244037900005,
  "mmd_low": 0.05084657314841599,
  "mmd_high": 0.0666305803303611,
  "mmd_runtime_seconds": 723.018768,
  "mmd_runtime_perf_seconds": 723.018768
}