{
  "dataset": "planar",
  "model": "test",
  "subsample_size": 2048,
  "descriptor": "degree",
  "variant": "umve",
  "num_bootstrap": 100,
  "mmd_mean": 9.923663452155007e-05,
  "mmd_std": 0.00014224907445893224,
  "mmd_low": -3.4256493578688204e-06,
  "mmd_high": 0.00046753267363748005,
  "mmd_runtime_seconds": 164.373892,
  "mmd_runtime_perf_seconds": 164.373892
}