{
  "dataset": "planar",
  "model": "ESGG",
  "subsample_size": 8,
  "descriptor": "degree",
  "variant": "biased",
  "num_bootstrap": 100,
  "mmd_mean": 0.257843433070158,
  "mmd_std": 0.017576681907152635,
  "mmd_low": 0.25,
  "mmd_high": 0.30983240785427235,
  "mmd_runtime_seconds": 2.037893,
  "mmd_runtime_perf_seconds": 2.037893
}