{
  "dataset": "lobster",
  "model": "DIGRESS",
  "subsample_size": 1024,
  "descriptor": "degree",
  "variant": "umve",
  "num_bootstrap": 100,
  "mmd_mean": 0.00036380815230491344,
  "mmd_std": 0.00044094060285183585,
  "mmd_low": -3.76398539215228e-06,
  "mmd_high": 0.0017502078742696139,
  "mmd_runtime_seconds": 62.269644,
  "mmd_runtime_perf_seconds": 62.269644
}