{
  "dataset": "planar",
  "model": "GRAN",
  "subsample_size": 1024,
  "descriptor": "degree",
  "variant": "biased",
  "num_bootstrap": 100,
  "mmd_mean": 0.009738080066625979,
  "mmd_std": 0.00015090439218242105,
  "mmd_low": 0.009423923492431641,
  "mmd_high": 0.01003427505493164,
  "mmd_runtime_seconds": 45.163288,
  "mmd_runtime_perf_seconds": 45.163288
}