{
  "dataset": "lobster",
  "model": "AUTOGRAPH",
  "subsample_size": 16,
  "descriptor": "clustering",
  "variant": "umve",
  "num_bootstrap": 100,
  "mmd_mean": 0.0001017366671109743,
  "mmd_std": 0.001012267056684463,
  "mmd_low": 0.0,
  "mmd_high": 6.772360450213417e-16,
  "mmd_runtime_seconds": 5.277983,
  "mmd_runtime_perf_seconds": 5.277983
}