{
  "dataset": "planar",
  "model": "AUTOGRAPH",
  "subsample_size": 16,
  "descriptor": "gin",
  "variant": "biased",
  "num_bootstrap": 100,
  "mmd_mean": 0.13627268577328905,
  "mmd_std": 0.01801041397355925,
  "mmd_low": 0.12351570550242677,
  "mmd_high": 0.1854341637561003,
  "mmd_runtime_seconds": 36.341821,
  "mmd_runtime_perf_seconds": 36.341821
}