{
  "dataset": "lobster",
  "model": "test",
  "subsample_size": 128,
  "descriptor": "spectral",
  "variant": "umve",
  "num_bootstrap": 100,
  "mmd_mean": 0.0027701545870871024,
  "mmd_std": 0.0027849146972222082,
  "mmd_low": -3.439281575743427e-151,
  "mmd_high": 0.008609105478142068,
  "mmd_runtime_seconds": 2.971871,
  "mmd_runtime_perf_seconds": 2.971871
}