{
  "dataset": "planar",
  "model": "test",
  "subsample_size": 16,
  "descriptor": "orbit5",
  "variant": "biased",
  "num_bootstrap": 100,
  "mmd_mean": 0.17204772060188755,
  "mmd_std": 0.03615830954380561,
  "mmd_low": 0.12499999989312482,
  "mmd_high": 0.25666421060430933,
  "mmd_runtime_seconds": 0.161822,
  "mmd_runtime_perf_seconds": 0.161822
}