{
  "dataset": "planar",
  "model": "test",
  "subsample_size": 4096,
  "descriptor": "orbit4",
  "variant": "umve",
  "num_bootstrap": 100,
  "mmd_mean": 0.00012161390566697566,
  "mmd_std": 0.00012443283302522714,
  "mmd_low": 8.813297244780773e-08,
  "mmd_high": 0.00043016898848278887,
  "mmd_runtime_seconds": 749.35234,
  "mmd_runtime_perf_seconds": 749.35234
}