{
  "dataset": "sbm",
  "model": "GRAN",
  "subsample_size": 2048,
  "descriptor": "orbit5",
  "variant": "umve",
  "num_bootstrap": 100,
  "mmd_mean": 0.03878113041251915,
  "mmd_std": 0.0050540406752128935,
  "mmd_low": 0.02938079403175484,
  "mmd_high": 0.049825931079241007,
  "mmd_runtime_seconds": 198.378488,
  "mmd_runtime_perf_seconds": 198.378488
}