{
  "dataset": "planar",
  "model": "ESGG",
  "subsample_size": 8,
  "descriptor": "gin",
  "variant": "umve",
  "num_bootstrap": 100,
  "mmd_mean": 0.08632475977850314,
  "mmd_std": 0.09010789675290755,
  "mmd_low": -0.0001528297084055111,
  "mmd_high": 0.285467216203322,
  "mmd_runtime_seconds": 20.246834,
  "mmd_runtime_perf_seconds": 20.246834
}