{
  "dataset": "sbm",
  "model": "DIGRESS",
  "subsample_size": 16,
  "descriptor": "orbit4",
  "variant": "biased",
  "num_bootstrap": 100,
  "mmd_mean": 0.1508738120197945,
  "mmd_std": 0.052863057378020856,
  "mmd_low": 0.12212741280718395,
  "mmd_high": 0.295718899465676,
  "mmd_runtime_seconds": 7.575442,
  "mmd_runtime_perf_seconds": 7.575442
}