{
  "dataset": "sbm",
  "model": "GRAN",
  "subsample_size": 16,
  "descriptor": "degree",
  "variant": "umve",
  "num_bootstrap": 100,
  "mmd_mean": 0.05268148638208153,
  "mmd_std": 0.03626811539949795,
  "mmd_low": 0.0011809111339135204,
  "mmd_high": 0.12924213127016812,
  "mmd_runtime_seconds": 3.524941,
  "mmd_runtime_perf_seconds": 3.524941
}