{
  "dataset": "lobster",
  "model": "DIGRESS",
  "subsample_size": 64,
  "descriptor": "gin",
  "variant": "biased",
  "num_bootstrap": 100,
  "mmd_mean": 0.03547014980064639,
  "mmd_std": 0.007484928499397704,
  "mmd_low": 0.030813596727865034,
  "mmd_high": 0.05807103689740893,
  "mmd_runtime_seconds": 17.793442,
  "mmd_runtime_perf_seconds": 17.793442
}