{
  "dataset": "planar",
  "model": "AUTOGRAPH",
  "subsample_size": 8,
  "descriptor": "spectral",
  "variant": "umve",
  "num_bootstrap": 100,
  "mmd_mean": 0.005388854919322372,
  "mmd_std": 0.00909906195972032,
  "mmd_low": 0.0,
  "mmd_high": 0.03139844556990975,
  "mmd_runtime_seconds": 16.951284,
  "mmd_runtime_perf_seconds": 16.951284
}