{
  "dataset": "sbm",
  "model": "AUTOGRAPH",
  "subsample_size": 64,
  "descriptor": "gin",
  "variant": "biased",
  "num_bootstrap": 100,
  "mmd_mean": 0.035326166203464224,
  "mmd_std": 0.008118833868696522,
  "mmd_low": 0.030864413117761308,
  "mmd_high": 0.058728818737998775,
  "mmd_runtime_seconds": 107.091031,
  "mmd_runtime_perf_seconds": 107.091031
}