{
  "dataset": "planar",
  "model": "ESGG",
  "subsample_size": 512,
  "descriptor": "gin",
  "variant": "biased",
  "num_bootstrap": 100,
  "mmd_mean": 0.036404746159630255,
  "mmd_std": 0.0075850775809828555,
  "mmd_low": 0.023494698216865614,
  "mmd_high": 0.05395395947535788,
  "mmd_runtime_seconds": 69.26872,
  "mmd_runtime_perf_seconds": 69.26872
}