{
  "dataset": "sbm",
  "model": "GRAN",
  "subsample_size": 2048,
  "descriptor": "gin",
  "variant": "umve",
  "num_bootstrap": 100,
  "mmd_mean": 0.05787030672813489,
  "mmd_std": 0.003954886847192038,
  "mmd_low": 0.05030367868138536,
  "mmd_high": 0.06608445873046825,
  "mmd_runtime_seconds": 704.944183,
  "mmd_runtime_perf_seconds": 704.944183
}