{
  "dataset": "lobster",
  "model": "GRAN",
  "subsample_size": 64,
  "descriptor": "clustering",
  "variant": "biased",
  "num_bootstrap": 100,
  "mmd_mean": 0.010075398492502996,
  "mmd_std": 0.007315579096821774,
  "mmd_low": 0.00048828125,
  "mmd_high": 0.029712243846316978,
  "mmd_runtime_seconds": 4.174121,
  "mmd_runtime_perf_seconds": 4.174121
}