{
  "dataset": "lobster",
  "model": "AUTOGRAPH",
  "subsample_size": 512,
  "descriptor": "degree",
  "variant": "biased",
  "num_bootstrap": 100,
  "mmd_mean": 0.010381685713817692,
  "mmd_std": 0.0037585156088186375,
  "mmd_low": 0.004998680483832957,
  "mmd_high": 0.019274115799756564,
  "mmd_runtime_seconds": 20.327746,
  "mmd_runtime_perf_seconds": 20.327746
}