{
  "dataset": "sbm",
  "model": "DIGRESS",
  "subsample_size": 128,
  "descriptor": "gin",
  "variant": "biased",
  "num_bootstrap": 100,
  "mmd_mean": 0.01852320934241981,
  "mmd_std": 0.004152950952609134,
  "mmd_low": 0.015465522863990151,
  "mmd_high": 0.03166289698934269,
  "mmd_runtime_seconds": 139.169844,
  "mmd_runtime_perf_seconds": 139.169844
}