{
  "dataset": "planar",
  "model": "GRAN",
  "subsample_size": 32,
  "descriptor": "degree",
  "variant": "umve",
  "num_bootstrap": 100,
  "mmd_mean": 0.01391619964990671,
  "mmd_std": 0.011184077894199547,
  "mmd_low": 0.002611955029836086,
  "mmd_high": 0.03739780348820109,
  "mmd_runtime_seconds": 2.452245,
  "mmd_runtime_perf_seconds": 2.452245
}