{
  "dataset": "sbm",
  "model": "DIGRESS",
  "subsample_size": 1024,
  "descriptor": "orbit4",
  "variant": "umve",
  "num_bootstrap": 100,
  "mmd_mean": 0.0039465187527993875,
  "mmd_std": 0.0020474360437348757,
  "mmd_low": 0.0008328536709746947,
  "mmd_high": 0.008026644641726527,
  "mmd_runtime_seconds": 71.571019,
  "mmd_runtime_perf_seconds": 71.571019
}