{
  "dataset": "planar",
  "model": "GRAN",
  "subsample_size": 64,
  "descriptor": "degree",
  "variant": "umve",
  "num_bootstrap": 100,
  "mmd_mean": 0.009457556025797474,
  "mmd_std": 0.004268825115295104,
  "mmd_low": 0.00519593253968254,
  "mmd_high": 0.02165537496473836,
  "mmd_runtime_seconds": 3.183999,
  "mmd_runtime_perf_seconds": 3.183999
}