{
  "dataset": "lobster",
  "model": "test",
  "subsample_size": 64,
  "descriptor": "orbit4",
  "variant": "biased",
  "num_bootstrap": 100,
  "mmd_mean": 0.032792550809784146,
  "mmd_std": 0.0027464511362595726,
  "mmd_low": 0.0308888871081537,
  "mmd_high": 0.04048611654396829,
  "mmd_runtime_seconds": 0.316831,
  "mmd_runtime_perf_seconds": 0.316831
}