{
  "dataset": "planar",
  "model": "GRAN",
  "subsample_size": 4096,
  "descriptor": "gin",
  "variant": "biased",
  "num_bootstrap": 100,
  "mmd_mean": 0.009512942467589812,
  "mmd_std": 0.0006715487307881431,
  "mmd_low": 0.008448405938497848,
  "mmd_high": 0.011215741616099522,
  "mmd_runtime_seconds": 1018.404292,
  "mmd_runtime_perf_seconds": 1018.404292
}