{
  "dataset": "planar",
  "model": "AUTOGRAPH",
  "subsample_size": 16,
  "descriptor": "orbit4",
  "variant": "biased",
  "num_bootstrap": 100,
  "mmd_mean": 0.1358975813023324,
  "mmd_std": 0.017464851048495763,
  "mmd_low": 0.12499991549271383,
  "mmd_high": 0.17657923874244277,
  "mmd_runtime_seconds": 3.810321,
  "mmd_runtime_perf_seconds": 3.810321
}