{
  "dataset": "lobster",
  "model": "ESGG",
  "subsample_size": 8,
  "descriptor": "orbit5",
  "variant": "biased",
  "num_bootstrap": 100,
  "mmd_mean": 0.33450306196639273,
  "mmd_std": 0.11623177902561242,
  "mmd_low": 0.23779442531718836,
  "mmd_high": 0.6650972346050454,
  "mmd_runtime_seconds": 1.141952,
  "mmd_runtime_perf_seconds": 1.141952
}