{
  "dataset": "planar",
  "model": "AUTOGRAPH",
  "subsample_size": 2048,
  "descriptor": "degree",
  "variant": "biased",
  "num_bootstrap": 100,
  "mmd_mean": 0.0020680325946921575,
  "mmd_std": 0.0006665591141386206,
  "mmd_low": 0.0010860464530479026,
  "mmd_high": 0.0035224170575494963,
  "mmd_runtime_seconds": 229.784473,
  "mmd_runtime_perf_seconds": 229.784473
}