{
  "dataset": "planar",
  "model": "GRAN",
  "subsample_size": 1024,
  "descriptor": "spectral",
  "variant": "biased",
  "num_bootstrap": 100,
  "mmd_mean": 0.009763089370511416,
  "mmd_std": 0.0001379404707367819,
  "mmd_low": 0.009479904174804727,
  "mmd_high": 0.010012427557136518,
  "mmd_runtime_seconds": 71.158241,
  "mmd_runtime_perf_seconds": 71.158241
}