{
  "dataset": "sbm",
  "model": "DIGRESS",
  "subsample_size": 256,
  "descriptor": "clustering",
  "variant": "umve",
  "num_bootstrap": 100,
  "mmd_mean": 0.0016410454625678016,
  "mmd_std": 0.0014009982026405054,
  "mmd_low": 0.0,
  "mmd_high": 0.005210849503071059,
  "mmd_runtime_seconds": 33.99779,
  "mmd_runtime_perf_seconds": 33.99779
}