{
  "dataset": "planar",
  "model": "ESGG",
  "subsample_size": 16,
  "descriptor": "orbit5",
  "variant": "biased",
  "num_bootstrap": 100,
  "mmd_mean": 0.15491165492054176,
  "mmd_std": 0.04641834933204577,
  "mmd_low": 0.12499999999607989,
  "mmd_high": 0.31779979251101453,
  "mmd_runtime_seconds": 2.257102,
  "mmd_runtime_perf_seconds": 2.257102
}