{
  "dataset": "lobster",
  "model": "ESGG",
  "subsample_size": 128,
  "descriptor": "orbit5",
  "variant": "umve",
  "num_bootstrap": 100,
  "mmd_mean": 0.2092585867682948,
  "mmd_std": 0.04006388442019773,
  "mmd_low": 0.1342414424768539,
  "mmd_high": 0.28625724840385103,
  "mmd_runtime_seconds": 2.303573,
  "mmd_runtime_perf_seconds": 2.303573
}