{
  "dataset": "planar",
  "model": "AUTOGRAPH",
  "subsample_size": 2048,
  "descriptor": "gin",
  "variant": "umve",
  "num_bootstrap": 100,
  "mmd_mean": 0.002799896646068774,
  "mmd_std": 0.0012397853819155794,
  "mmd_low": 0.0010767367799493887,
  "mmd_high": 0.005714673171398917,
  "mmd_runtime_seconds": 381.77349,
  "mmd_runtime_perf_seconds": 381.77349
}