{
  "dataset": "lobster",
  "model": "ESGG",
  "subsample_size": 2048,
  "descriptor": "spectral",
  "variant": "umve",
  "num_bootstrap": 100,
  "mmd_mean": 0.07159990231077697,
  "mmd_std": 0.0044647546901011095,
  "mmd_low": 0.06273078656082554,
  "mmd_high": 0.07994609525888235,
  "mmd_runtime_seconds": 218.933296,
  "mmd_runtime_perf_seconds": 218.933296
}