{
  "dataset": "sbm",
  "model": "DIGRESS",
  "subsample_size": 256,
  "descriptor": "gin",
  "variant": "umve",
  "num_bootstrap": 100,
  "mmd_mean": 0.004926346971009218,
  "mmd_std": 0.0047702566548399345,
  "mmd_low": 8.019623956907049e-06,
  "mmd_high": 0.016000564335318553,
  "mmd_runtime_seconds": 161.327278,
  "mmd_runtime_perf_seconds": 161.327278
}