{
  "dataset": "sbm",
  "model": "DIGRESS",
  "subsample_size": 512,
  "descriptor": "orbit5",
  "variant": "biased",
  "num_bootstrap": 100,
  "mmd_mean": 0.006927871255763776,
  "mmd_std": 0.0029444241855188093,
  "mmd_low": 0.003902569023020524,
  "mmd_high": 0.014768078443458656,
  "mmd_runtime_seconds": 37.309637,
  "mmd_runtime_perf_seconds": 37.309637
}