{
  "dataset": "lobster",
  "model": "test",
  "subsample_size": 2048,
  "descriptor": "gin",
  "variant": "umve",
  "num_bootstrap": 100,
  "mmd_mean": 8.513494239759155e-05,
  "mmd_std": 0.00015938042550651867,
  "mmd_low": -4.635100552369264e-06,
  "mmd_high": 0.0006349135720777376,
  "mmd_runtime_seconds": 230.248335,
  "mmd_runtime_perf_seconds": 230.248335
}