{
  "dataset": "planar",
  "model": "ESGG",
  "subsample_size": 1024,
  "descriptor": "orbit4",
  "variant": "umve",
  "num_bootstrap": 100,
  "mmd_mean": 0.030549772669664885,
  "mmd_std": 0.004063107647489563,
  "mmd_low": 0.023433067371515678,
  "mmd_high": 0.03904285307522563,
  "mmd_runtime_seconds": 50.747483,
  "mmd_runtime_perf_seconds": 50.747483
}