{
  "dataset": "lobster",
  "model": "DIGRESS",
  "subsample_size": 64,
  "descriptor": "orbit5",
  "variant": "umve",
  "num_bootstrap": 100,
  "mmd_mean": 0.006366728299350338,
  "mmd_std": 0.008892966804905717,
  "mmd_low": -0.00013347946342840423,
  "mmd_high": 0.030764151602879673,
  "mmd_runtime_seconds": 3.52422,
  "mmd_runtime_perf_seconds": 3.52422
}