{
  "dataset": "lobster",
  "model": "ESGG",
  "subsample_size": 64,
  "descriptor": "orbit4",
  "variant": "biased",
  "num_bootstrap": 100,
  "mmd_mean": 0.23748897095899707,
  "mmd_std": 0.06469187776320034,
  "mmd_low": 0.13085385812236375,
  "mmd_high": 0.36653273731804414,
  "mmd_runtime_seconds": 1.293711,
  "mmd_runtime_perf_seconds": 1.293711
}