{
  "dataset": "planar",
  "model": "AUTOGRAPH",
  "subsample_size": 256,
  "descriptor": "gin",
  "variant": "umve",
  "num_bootstrap": 100,
  "mmd_mean": 0.003998954194467757,
  "mmd_std": 0.004057192659105988,
  "mmd_low": -2.0960514358464572e-05,
  "mmd_high": 0.015384168090434951,
  "mmd_runtime_seconds": 56.621179,
  "mmd_runtime_perf_seconds": 56.621179
}