{
  "dataset": "lobster",
  "model": "GRAN",
  "subsample_size": 8,
  "descriptor": "clustering",
  "variant": "biased",
  "num_bootstrap": 100,
  "mmd_mean": 0.027314070948547372,
  "mmd_std": 0.03426109864507175,
  "mmd_low": 0.0,
  "mmd_high": 0.10660311359436334,
  "mmd_runtime_seconds": 3.632745,
  "mmd_runtime_perf_seconds": 3.632745
}