{
  "dataset": "planar",
  "model": "GRAN",
  "subsample_size": 1024,
  "descriptor": "orbit5",
  "variant": "biased",
  "num_bootstrap": 100,
  "mmd_mean": 0.01065143408548175,
  "mmd_std": 0.0007366801816729511,
  "mmd_low": 0.009787055816416713,
  "mmd_high": 0.012480661271950572,
  "mmd_runtime_seconds": 50.440924,
  "mmd_runtime_perf_seconds": 50.440924
}