{
  "dataset": "lobster",
  "model": "DIGRESS",
  "subsample_size": 8,
  "descriptor": "spectral",
  "variant": "umve",
  "num_bootstrap": 100,
  "mmd_mean": 0.032116224177441005,
  "mmd_std": 0.050850697264204166,
  "mmd_low": -1.020463035548755e-268,
  "mmd_high": 0.19130121604724531,
  "mmd_runtime_seconds": 15.694953,
  "mmd_runtime_perf_seconds": 15.694953
}