{
  "dataset": "sbm",
  "model": "GRAN",
  "subsample_size": 256,
  "descriptor": "orbit4",
  "variant": "biased",
  "num_bootstrap": 100,
  "mmd_mean": 0.04472297306548141,
  "mmd_std": 0.012841837344993412,
  "mmd_low": 0.024467505437371185,
  "mmd_high": 0.07216661547482742,
  "mmd_runtime_seconds": 8.603567,
  "mmd_runtime_perf_seconds": 8.603567
}