{
  "dataset": "lobster",
  "model": "ESGG",
  "subsample_size": 128,
  "descriptor": "gin",
  "variant": "umve",
  "num_bootstrap": 100,
  "mmd_mean": 0.038023525819113606,
  "mmd_std": 0.014196676408005702,
  "mmd_low": 0.018400962221384133,
  "mmd_high": 0.06498429566856333,
  "mmd_runtime_seconds": 12.701551,
  "mmd_runtime_perf_seconds": 12.701551
}