{
  "dataset": "sbm",
  "model": "test",
  "subsample_size": 1024,
  "descriptor": "orbit5",
  "variant": "biased",
  "num_bootstrap": 100,
  "mmd_mean": 0.0020120971032196243,
  "mmd_std": 0.00014802275413998786,
  "mmd_low": 0.0019446885743641589,
  "mmd_high": 0.002436530769028662,
  "mmd_runtime_seconds": 58.587495,
  "mmd_runtime_perf_seconds": 58.587495
}