{
  "dataset": "lobster",
  "model": "test",
  "subsample_size": 4096,
  "descriptor": "orbit5",
  "variant": "biased",
  "num_bootstrap": 100,
  "mmd_mean": 0.0004838613343338384,
  "mmd_std": 2.3957267443225607e-05,
  "mmd_low": 0.00045784759871122035,
  "mmd_high": 0.0005257651556902941,
  "mmd_runtime_seconds": 710.10122,
  "mmd_runtime_perf_seconds": 710.10122
}