{
  "dataset": "lobster",
  "model": "test",
  "subsample_size": 128,
  "descriptor": "orbit4",
  "variant": "umve",
  "num_bootstrap": 100,
  "mmd_mean": 0.0015783520988797842,
  "mmd_std": 0.001766594254651639,
  "mmd_low": -4.685191853258107e-05,
  "mmd_high": 0.005364551346896037,
  "mmd_runtime_seconds": 1.065912,
  "mmd_runtime_perf_seconds": 1.065912
}