{
  "dataset": "planar",
  "model": "GRAN",
  "subsample_size": 64,
  "descriptor": "orbit5",
  "variant": "umve",
  "num_bootstrap": 100,
  "mmd_mean": 0.014169267614514529,
  "mmd_std": 0.010301391448819858,
  "mmd_low": 0.005691964683913668,
  "mmd_high": 0.04355294583625323,
  "mmd_runtime_seconds": 4.674142,
  "mmd_runtime_perf_seconds": 4.674142
}