{
  "dataset": "lobster",
  "model": "GRAN",
  "subsample_size": 4096,
  "descriptor": "clustering",
  "variant": "biased",
  "num_bootstrap": 100,
  "mmd_mean": 0.007847447076016882,
  "mmd_std": 0.0005617737687609086,
  "mmd_low": 0.006921084399186129,
  "mmd_high": 0.00904397184219925,
  "mmd_runtime_seconds": 557.203752,
  "mmd_runtime_perf_seconds": 557.203752
}