{
  "dataset": "planar",
  "model": "test",
  "subsample_size": 64,
  "descriptor": "spectral",
  "variant": "umve",
  "num_bootstrap": 100,
  "mmd_mean": 1.0139025781010265e-05,
  "mmd_std": 6.767872829198431e-05,
  "mmd_low": 0.0,
  "mmd_high": 4.1708081588320065e-05,
  "mmd_runtime_seconds": 1.438673,
  "mmd_runtime_perf_seconds": 1.438673
}