{
  "dataset": "planar",
  "model": "AUTOGRAPH",
  "subsample_size": 4096,
  "descriptor": "spectral",
  "variant": "biased",
  "num_bootstrap": 100,
  "mmd_mean": 0.00124296721416012,
  "mmd_std": 5.605454936039227e-05,
  "mmd_low": 0.0011342864894164696,
  "mmd_high": 0.0013642010923308634,
  "mmd_runtime_seconds": 970.053605,
  "mmd_runtime_perf_seconds": 970.053605
}