{
  "dataset": "lobster",
  "model": "test",
  "subsample_size": 16,
  "descriptor": "gin",
  "variant": "umve",
  "num_bootstrap": 100,
  "mmd_mean": 0.048647835798294084,
  "mmd_std": 0.04712595807356827,
  "mmd_low": -1.6363086292098433e-06,
  "mmd_high": 0.1568351557238438,
  "mmd_runtime_seconds": 0.748969,
  "mmd_runtime_perf_seconds": 0.748969
}