{
  "dataset": "planar",
  "model": "test",
  "subsample_size": 8,
  "descriptor": "degree",
  "variant": "umve",
  "num_bootstrap": 100,
  "mmd_mean": 0.008858005436718322,
  "mmd_std": 0.02398715854471017,
  "mmd_low": -3.350403175981397e-51,
  "mmd_high": 0.0718340865352702,
  "mmd_runtime_seconds": 1.77007,
  "mmd_runtime_perf_seconds": 1.77007
}