{
  "dataset": "lobster",
  "model": "test",
  "subsample_size": 256,
  "descriptor": "orbit5",
  "variant": "umve",
  "num_bootstrap": 100,
  "mmd_mean": 0.0018950946719045359,
  "mmd_std": 0.0019883141827331287,
  "mmd_low": -2.732963420213896e-05,
  "mmd_high": 0.006400411987327815,
  "mmd_runtime_seconds": 3.238347,
  "mmd_runtime_perf_seconds": 3.238347
}