{
  "dataset": "planar",
  "model": "DIGRESS",
  "subsample_size": 16,
  "descriptor": "orbit5",
  "variant": "biased",
  "num_bootstrap": 100,
  "mmd_mean": 0.16151982032201065,
  "mmd_std": 0.052822560827594324,
  "mmd_low": 0.12499999953157226,
  "mmd_high": 0.3119888362951697,
  "mmd_runtime_seconds": 5.586773,
  "mmd_runtime_perf_seconds": 5.586773
}