{
  "dataset": "lobster",
  "model": "GRAN",
  "subsample_size": 512,
  "descriptor": "gin",
  "variant": "biased",
  "num_bootstrap": 100,
  "mmd_mean": 0.13775520156605675,
  "mmd_std": 0.014640297778665708,
  "mmd_low": 0.11594682727296705,
  "mmd_high": 0.16734811705046013,
  "mmd_runtime_seconds": 36.931857,
  "mmd_runtime_perf_seconds": 36.931857
}