{
  "dataset": "lobster",
  "model": "AUTOGRAPH",
  "subsample_size": 64,
  "descriptor": "clustering",
  "variant": "biased",
  "num_bootstrap": 100,
  "mmd_mean": 0.0002853646142101596,
  "mmd_std": 0.0005147371817153066,
  "mmd_low": 0.0,
  "mmd_high": 0.0014917619514191456,
  "mmd_runtime_seconds": 5.815028,
  "mmd_runtime_perf_seconds": 5.815028
}