{
  "dataset": "lobster",
  "model": "test",
  "subsample_size": 8,
  "descriptor": "orbit5",
  "variant": "umve",
  "num_bootstrap": 100,
  "mmd_mean": 0.033783084307663615,
  "mmd_std": 0.040905619031387695,
  "mmd_low": -0.000669979341767686,
  "mmd_high": 0.14220592401427962,
  "mmd_runtime_seconds": 0.067818,
  "mmd_runtime_perf_seconds": 0.067818
}