{
  "dataset": "planar",
  "model": "test",
  "subsample_size": 512,
  "descriptor": "orbit4",
  "variant": "umve",
  "num_bootstrap": 100,
  "mmd_mean": 0.000804111642038508,
  "mmd_std": 0.0009879826418791775,
  "mmd_low": -2.618729731404211e-06,
  "mmd_high": 0.003379797945726449,
  "mmd_runtime_seconds": 11.501063,
  "mmd_runtime_perf_seconds": 11.501063
}