{
  "dataset": "lobster",
  "model": "GRAN",
  "subsample_size": 512,
  "descriptor": "orbit5",
  "variant": "umve",
  "num_bootstrap": 100,
  "mmd_mean": 0.17911454399813004,
  "mmd_std": 0.017192780828016917,
  "mmd_low": 0.1408745402409094,
  "mmd_high": 0.21104692664375233,
  "mmd_runtime_seconds": 11.639476,
  "mmd_runtime_perf_seconds": 11.639476
}