{
  "dataset": "lobster",
  "model": "AUTOGRAPH",
  "subsample_size": 128,
  "descriptor": "spectral",
  "variant": "biased",
  "num_bootstrap": 100,
  "mmd_mean": 0.019904864431763807,
  "mmd_std": 0.005953029386366486,
  "mmd_low": 0.015625,
  "mmd_high": 0.03516370438486681,
  "mmd_runtime_seconds": 19.213088,
  "mmd_runtime_perf_seconds": 19.213088
}