{
  "dataset": "sbm",
  "model": "DIGRESS",
  "subsample_size": 4096,
  "descriptor": "clustering",
  "variant": "biased",
  "num_bootstrap": 100,
  "mmd_mean": 0.002389318485518224,
  "mmd_std": 0.00031319238558442545,
  "mmd_low": 0.0017460382271628468,
  "mmd_high": 0.003152226888185743,
  "mmd_runtime_seconds": 1021.036154,
  "mmd_runtime_perf_seconds": 1021.036154
}