{
  "dataset": "sbm",
  "model": "ESGG",
  "subsample_size": 128,
  "descriptor": "clustering",
  "variant": "biased",
  "num_bootstrap": 100,
  "mmd_mean": 0.06718134645331265,
  "mmd_std": 0.008842852824710964,
  "mmd_low": 0.052472534577941744,
  "mmd_high": 0.08670864063192939,
  "mmd_runtime_seconds": 10.306833,
  "mmd_runtime_perf_seconds": 10.306833
}