{
  "dataset": "lobster",
  "model": "AUTOGRAPH",
  "subsample_size": 4096,
  "descriptor": "orbit5",
  "variant": "biased",
  "num_bootstrap": 100,
  "mmd_mean": 0.007280186994442696,
  "mmd_std": 0.0012459803473338913,
  "mmd_low": 0.005408336597509822,
  "mmd_high": 0.009665427828013079,
  "mmd_runtime_seconds": 860.193683,
  "mmd_runtime_perf_seconds": 860.193683
}