{
  "dataset": "sbm",
  "model": "DIGRESS",
  "subsample_size": 8,
  "descriptor": "clustering",
  "variant": "umve",
  "num_bootstrap": 100,
  "mmd_mean": 0.011575050909987554,
  "mmd_std": 0.017096345000309383,
  "mmd_low": 0.0,
  "mmd_high": 0.055310477136493494,
  "mmd_runtime_seconds": 23.821594,
  "mmd_runtime_perf_seconds": 23.821594
}