{
  "dataset": "planar",
  "model": "AUTOGRAPH",
  "subsample_size": 128,
  "descriptor": "orbit5",
  "variant": "umve",
  "num_bootstrap": 100,
  "mmd_mean": 0.005814773132472415,
  "mmd_std": 0.006913626309769979,
  "mmd_low": -9.727130775383092e-10,
  "mmd_high": 0.01863840030087573,
  "mmd_runtime_seconds": 6.683294,
  "mmd_runtime_perf_seconds": 6.683294
}