{
  "dataset": "planar",
  "model": "DIGRESS",
  "subsample_size": 1024,
  "descriptor": "orbit5",
  "variant": "biased",
  "num_bootstrap": 100,
  "mmd_mean": 0.04183771111263303,
  "mmd_std": 0.006231611152461326,
  "mmd_low": 0.030775400030471262,
  "mmd_high": 0.053152967675602146,
  "mmd_runtime_seconds": 49.795736,
  "mmd_runtime_perf_seconds": 49.795736
}