{
  "dataset": "planar",
  "model": "GRAN",
  "subsample_size": 64,
  "descriptor": "orbit5",
  "variant": "biased",
  "num_bootstrap": 100,
  "mmd_mean": 0.042925512753674414,
  "mmd_std": 0.00757216586083285,
  "mmd_low": 0.03675219520341625,
  "mmd_high": 0.06218928613893522,
  "mmd_runtime_seconds": 4.560687,
  "mmd_runtime_perf_seconds": 4.560687
}