{
  "dataset": "planar",
  "model": "ESGG",
  "subsample_size": 2048,
  "descriptor": "degree",
  "variant": "umve",
  "num_bootstrap": 100,
  "mmd_mean": 0.001563784884868653,
  "mmd_std": 0.000493454497026501,
  "mmd_low": 0.0007906598309072228,
  "mmd_high": 0.002840964494459645,
  "mmd_runtime_seconds": 188.397663,
  "mmd_runtime_perf_seconds": 188.397663
}