{
  "dataset": "planar",
  "model": "GRAN",
  "subsample_size": 16,
  "descriptor": "orbit5",
  "variant": "biased",
  "num_bootstrap": 100,
  "mmd_mean": 0.1470421724746738,
  "mmd_std": 0.023835746012977874,
  "mmd_low": 0.12499999999999875,
  "mmd_high": 0.20312976118223203,
  "mmd_runtime_seconds": 4.834419,
  "mmd_runtime_perf_seconds": 4.834419
}