{
  "dataset": "sbm",
  "model": "GRAN",
  "subsample_size": 512,
  "descriptor": "spectral",
  "variant": "biased",
  "num_bootstrap": 100,
  "mmd_mean": 0.006852158963054411,
  "mmd_std": 0.001096553457090283,
  "mmd_low": 0.00498648037354121,
  "mmd_high": 0.009000375304988458,
  "mmd_runtime_seconds": 42.076178,
  "mmd_runtime_perf_seconds": 42.076178
}