{
  "dataset": "sbm",
  "model": "AUTOGRAPH",
  "subsample_size": 32,
  "descriptor": "orbit4",
  "variant": "umve",
  "num_bootstrap": 100,
  "mmd_mean": 0.015827413452997405,
  "mmd_std": 0.020709061922580565,
  "mmd_low": -0.00022226779858023897,
  "mmd_high": 0.07149740861518276,
  "mmd_runtime_seconds": 7.129275,
  "mmd_runtime_perf_seconds": 7.129275
}