{
  "dataset": "lobster",
  "model": "DIGRESS",
  "subsample_size": 1024,
  "descriptor": "orbit5",
  "variant": "umve",
  "num_bootstrap": 100,
  "mmd_mean": 0.0009109355755826938,
  "mmd_std": 0.0009669451391684804,
  "mmd_low": 5.320670901842587e-06,
  "mmd_high": 0.0028509575516266297,
  "mmd_runtime_seconds": 60.599386,
  "mmd_runtime_perf_seconds": 60.599386
}