{
  "dataset": "sbm",
  "model": "ESGG",
  "subsample_size": 1024,
  "descriptor": "orbit5",
  "variant": "biased",
  "num_bootstrap": 100,
  "mmd_mean": 0.10455764281915272,
  "mmd_std": 0.006036552711424041,
  "mmd_low": 0.09277487028174232,
  "mmd_high": 0.11636224303069836,
  "mmd_runtime_seconds": 60.740883,
  "mmd_runtime_perf_seconds": 60.740883
}