{
  "dataset": "lobster",
  "model": "test",
  "subsample_size": 2048,
  "descriptor": "orbit4",
  "variant": "biased",
  "num_bootstrap": 100,
  "mmd_mean": 0.000986408366456552,
  "mmd_std": 6.773790828652582e-05,
  "mmd_low": 0.000923939669227989,
  "mmd_high": 0.0011958941588428222,
  "mmd_runtime_seconds": 170.593379,
  "mmd_runtime_perf_seconds": 170.593379
}