{
  "dataset": "sbm",
  "model": "GRAN",
  "subsample_size": 16,
  "descriptor": "orbit5",
  "variant": "umve",
  "num_bootstrap": 100,
  "mmd_mean": 0.048517341971948416,
  "mmd_std": 0.04734655126510005,
  "mmd_low": -0.00023438522407700482,
  "mmd_high": 0.1787554155287217,
  "mmd_runtime_seconds": 16.245478,
  "mmd_runtime_perf_seconds": 16.245478
}