{
  "dataset": "lobster",
  "model": "GRAN",
  "subsample_size": 512,
  "descriptor": "spectral",
  "variant": "umve",
  "num_bootstrap": 100,
  "mmd_mean": 0.2360194218967888,
  "mmd_std": 0.02082803833335781,
  "mmd_low": 0.19770506194398219,
  "mmd_high": 0.2729671035096853,
  "mmd_runtime_seconds": 26.998291,
  "mmd_runtime_perf_seconds": 26.998291
}