{
  "dataset": "planar",
  "model": "ESGG",
  "subsample_size": 256,
  "descriptor": "gin",
  "variant": "umve",
  "num_bootstrap": 100,
  "mmd_mean": 0.03299907830484299,
  "mmd_std": 0.011215130481957986,
  "mmd_low": 0.016156847467563098,
  "mmd_high": 0.05902878073658553,
  "mmd_runtime_seconds": 41.717941,
  "mmd_runtime_perf_seconds": 41.717941
}