{
  "dataset": "sbm",
  "model": "test",
  "subsample_size": 2048,
  "descriptor": "orbit4",
  "variant": "umve",
  "num_bootstrap": 100,
  "mmd_mean": 0.00010950321556404465,
  "mmd_std": 0.00016240889493477167,
  "mmd_low": -4.3059424643255745e-06,
  "mmd_high": 0.000626349756214303,
  "mmd_runtime_seconds": 177.810107,
  "mmd_runtime_perf_seconds": 177.810107
}