{
  "dataset": "sbm",
  "model": "AUTOGRAPH",
  "subsample_size": 8,
  "descriptor": "clustering",
  "variant": "umve",
  "num_bootstrap": 100,
  "mmd_mean": 0.011199512868194967,
  "mmd_std": 0.017727018876686748,
  "mmd_low": 0.0,
  "mmd_high": 0.049183304113573426,
  "mmd_runtime_seconds": 23.621349,
  "mmd_runtime_perf_seconds": 23.621349
}