{
  "dataset": "lobster",
  "model": "GRAN",
  "subsample_size": 2048,
  "descriptor": "gin",
  "variant": "umve",
  "num_bootstrap": 100,
  "mmd_mean": 0.1341527563568567,
  "mmd_std": 0.004945876418500257,
  "mmd_low": 0.12623806609776764,
  "mmd_high": 0.14373476850853228,
  "mmd_runtime_seconds": 215.573706,
  "mmd_runtime_perf_seconds": 215.573706
}