{
  "dataset": "sbm",
  "model": "DIGRESS",
  "subsample_size": 32,
  "descriptor": "degree",
  "variant": "biased",
  "num_bootstrap": 100,
  "mmd_mean": 0.0668598869992605,
  "mmd_std": 0.010441354957649899,
  "mmd_low": 0.0625,
  "mmd_high": 0.10204377396684941,
  "mmd_runtime_seconds": 3.226032,
  "mmd_runtime_perf_seconds": 3.226032
}