{
  "dataset": "planar",
  "model": "AUTOGRAPH",
  "subsample_size": 4096,
  "descriptor": "clustering",
  "variant": "biased",
  "num_bootstrap": 100,
  "mmd_mean": 0.0010184383011252384,
  "mmd_std": 0.00019308508165116688,
  "mmd_low": 0.0007011043762255378,
  "mmd_high": 0.001438271807267679,
  "mmd_runtime_seconds": 950.814056,
  "mmd_runtime_perf_seconds": 950.814056
}