{
  "dataset": "planar",
  "model": "test",
  "subsample_size": 64,
  "descriptor": "orbit5",
  "variant": "umve",
  "num_bootstrap": 100,
  "mmd_mean": 0.010924477458173789,
  "mmd_std": 0.008002956658669331,
  "mmd_low": 0.0012319843288486536,
  "mmd_high": 0.029740420639501667,
  "mmd_runtime_seconds": 0.699461,
  "mmd_runtime_perf_seconds": 0.699461
}