{
  "dataset": "planar",
  "model": "test",
  "subsample_size": 1024,
  "descriptor": "degree",
  "variant": "umve",
  "num_bootstrap": 100,
  "mmd_mean": 5.114163319232361e-05,
  "mmd_std": 0.00010543434231005722,
  "mmd_low": -8.19452376880636e-06,
  "mmd_high": 0.0003362463323809984,
  "mmd_runtime_seconds": 43.875168,
  "mmd_runtime_perf_seconds": 43.875168
}