{
  "dataset": "sbm",
  "model": "DIGRESS",
  "subsample_size": 128,
  "descriptor": "orbit5",
  "variant": "umve",
  "num_bootstrap": 100,
  "mmd_mean": 0.005724919867851976,
  "mmd_std": 0.005991638570896006,
  "mmd_low": -1.115312907348228e-05,
  "mmd_high": 0.020769203421904955,
  "mmd_runtime_seconds": 21.443992,
  "mmd_runtime_perf_seconds": 21.443992
}