{
  "dataset": "planar",
  "model": "AUTOGRAPH",
  "subsample_size": 16,
  "descriptor": "orbit4",
  "variant": "umve",
  "num_bootstrap": 100,
  "mmd_mean": 0.0249875861937106,
  "mmd_std": 0.032353556386196594,
  "mmd_low": -4.21134355606919e-11,
  "mmd_high": 0.1195311789247427,
  "mmd_runtime_seconds": 3.723315,
  "mmd_runtime_perf_seconds": 3.723315
}