{
  "dataset": "lobster",
  "model": "GRAN",
  "subsample_size": 2048,
  "descriptor": "clustering",
  "variant": "umve",
  "num_bootstrap": 100,
  "mmd_mean": 0.007984265454308413,
  "mmd_std": 0.0008632313399475547,
  "mmd_low": 0.006567042751826196,
  "mmd_high": 0.00978330906943805,
  "mmd_runtime_seconds": 147.391815,
  "mmd_runtime_perf_seconds": 147.391815
}