{
  "dataset": "sbm",
  "model": "ESGG",
  "subsample_size": 1024,
  "descriptor": "clustering",
  "variant": "umve",
  "num_bootstrap": 100,
  "mmd_mean": 0.05216812587841165,
  "mmd_std": 0.0026093871932980966,
  "mmd_low": 0.04695185498816148,
  "mmd_high": 0.05667034292714011,
  "mmd_runtime_seconds": 78.701544,
  "mmd_runtime_perf_seconds": 78.701544
}