{
  "dataset": "lobster",
  "model": "ESGG",
  "subsample_size": 32,
  "descriptor": "orbit4",
  "variant": "umve",
  "num_bootstrap": 100,
  "mmd_mean": 0.23974645597410796,
  "mmd_std": 0.08871633226276086,
  "mmd_low": 0.07804560432009063,
  "mmd_high": 0.45215764324618996,
  "mmd_runtime_seconds": 0.926997,
  "mmd_runtime_perf_seconds": 0.926997
}