{
  "dataset": "sbm",
  "model": "ESGG",
  "subsample_size": 64,
  "descriptor": "clustering",
  "variant": "umve",
  "num_bootstrap": 100,
  "mmd_mean": 0.0520286932066736,
  "mmd_std": 0.009947210197187124,
  "mmd_low": 0.03490045971803766,
  "mmd_high": 0.07121585196188282,
  "mmd_runtime_seconds": 8.169149,
  "mmd_runtime_perf_seconds": 8.169149
}