{
  "dataset": "lobster",
  "model": "GRAN",
  "subsample_size": 128,
  "descriptor": "clustering",
  "variant": "biased",
  "num_bootstrap": 100,
  "mmd_mean": 0.008799685561010788,
  "mmd_std": 0.004233791472682103,
  "mmd_low": 0.0022775637406269272,
  "mmd_high": 0.018740876781259463,
  "mmd_runtime_seconds": 5.000847,
  "mmd_runtime_perf_seconds": 5.000847
}