{
  "dataset": "sbm",
  "model": "ESGG",
  "subsample_size": 16,
  "descriptor": "orbit4",
  "variant": "umve",
  "num_bootstrap": 100,
  "mmd_mean": 0.06913108041120697,
  "mmd_std": 0.05599550451637886,
  "mmd_low": 0.0007578275389218132,
  "mmd_high": 0.20634009637294248,
  "mmd_runtime_seconds": 2.11658,
  "mmd_runtime_perf_seconds": 2.11658
}