{
  "dataset": "sbm",
  "model": "GRAN",
  "subsample_size": 256,
  "descriptor": "orbit5",
  "variant": "biased",
  "num_bootstrap": 100,
  "mmd_mean": 0.04252181923792962,
  "mmd_std": 0.012421711861934694,
  "mmd_low": 0.02337788442946188,
  "mmd_high": 0.07002342751277467,
  "mmd_runtime_seconds": 18.494362,
  "mmd_runtime_perf_seconds": 18.494362
}