{
  "dataset": "planar",
  "model": "DIGRESS",
  "subsample_size": 256,
  "descriptor": "spectral",
  "variant": "biased",
  "num_bootstrap": 100,
  "mmd_mean": 0.0080199323958593,
  "mmd_std": 0.0002639173480038257,
  "mmd_low": 0.007814580079060239,
  "mmd_high": 0.00864610150717263,
  "mmd_runtime_seconds": 18.717417,
  "mmd_runtime_perf_seconds": 18.717417
}