{
  "dataset": "planar",
  "model": "ESGG",
  "subsample_size": 8,
  "descriptor": "spectral",
  "variant": "biased",
  "num_bootstrap": 100,
  "mmd_mean": 0.25001552421845336,
  "mmd_std": 3.632410721305662e-05,
  "mmd_low": 0.25,
  "mmd_high": 0.25011604143379607,
  "mmd_runtime_seconds": 8.033004,
  "mmd_runtime_perf_seconds": 8.033004
}