{
  "dataset": "sbm",
  "model": "DIGRESS",
  "subsample_size": 256,
  "descriptor": "orbit5",
  "variant": "umve",
  "num_bootstrap": 100,
  "mmd_mean": 0.0048792718011758975,
  "mmd_std": 0.004892556357143706,
  "mmd_low": 9.096108431401967e-06,
  "mmd_high": 0.017243499016814018,
  "mmd_runtime_seconds": 24.047856,
  "mmd_runtime_perf_seconds": 24.047856
}