{
  "dataset": "planar",
  "model": "DIGRESS",
  "subsample_size": 8,
  "descriptor": "gin",
  "variant": "biased",
  "num_bootstrap": 100,
  "mmd_mean": 0.2836433563149176,
  "mmd_std": 0.0466265940724404,
  "mmd_low": 0.24983876176786604,
  "mmd_high": 0.40423513590270543,
  "mmd_runtime_seconds": 40.216202,
  "mmd_runtime_perf_seconds": 40.216202
}