{
  "dataset": "lobster",
  "model": "ESGG",
  "subsample_size": 32,
  "descriptor": "orbit4",
  "variant": "biased",
  "num_bootstrap": 100,
  "mmd_mean": 0.2681237145867959,
  "mmd_std": 0.08858821178538438,
  "mmd_low": 0.11417633697943416,
  "mmd_high": 0.4819144445479712,
  "mmd_runtime_seconds": 1.109173,
  "mmd_runtime_perf_seconds": 1.109173
}