{
  "dataset": "sbm",
  "model": "DIGRESS",
  "subsample_size": 512,
  "descriptor": "spectral",
  "variant": "biased",
  "num_bootstrap": 100,
  "mmd_mean": 0.003945214618762299,
  "mmd_std": 0.00010347662626135493,
  "mmd_low": 0.00390625,
  "mmd_high": 0.004319564623239821,
  "mmd_runtime_seconds": 52.109167,
  "mmd_runtime_perf_seconds": 52.109167
}