{
  "dataset": "sbm",
  "model": "GRAN",
  "subsample_size": 256,
  "descriptor": "orbit4",
  "variant": "umve",
  "num_bootstrap": 100,
  "mmd_mean": 0.04047790267851761,
  "mmd_std": 0.012843768960400648,
  "mmd_low": 0.020624003121289515,
  "mmd_high": 0.06836270026851528,
  "mmd_runtime_seconds": 8.603954,
  "mmd_runtime_perf_seconds": 8.603954
}