{
  "dataset": "sbm",
  "model": "AUTOGRAPH",
  "subsample_size": 16,
  "descriptor": "spectral",
  "variant": "umve",
  "num_bootstrap": 100,
  "mmd_mean": 0.004264758570554495,
  "mmd_std": 0.005431955736525829,
  "mmd_low": 0.0,
  "mmd_high": 0.020591529218996672,
  "mmd_runtime_seconds": 27.883611,
  "mmd_runtime_perf_seconds": 27.883611
}