{
  "dataset": "planar",
  "model": "ESGG",
  "subsample_size": 128,
  "descriptor": "orbit5",
  "variant": "biased",
  "num_bootstrap": 100,
  "mmd_mean": 0.039766352386551726,
  "mmd_std": 0.013638078962942213,
  "mmd_low": 0.017770263406037694,
  "mmd_high": 0.06574857248036309,
  "mmd_runtime_seconds": 3.629684,
  "mmd_runtime_perf_seconds": 3.629684
}