{
  "dataset": "lobster",
  "model": "ESGG",
  "subsample_size": 8,
  "descriptor": "spectral",
  "variant": "biased",
  "num_bootstrap": 100,
  "mmd_mean": 0.2620181126686754,
  "mmd_std": 0.03161623443521062,
  "mmd_low": 0.25,
  "mmd_high": 0.37194783512422736,
  "mmd_runtime_seconds": 7.450086,
  "mmd_runtime_perf_seconds": 7.450086
}