{
  "dataset": "planar",
  "model": "GRAN",
  "subsample_size": 8,
  "descriptor": "degree",
  "variant": "biased",
  "num_bootstrap": 100,
  "mmd_mean": 0.26959816181187013,
  "mmd_std": 0.03263759947062142,
  "mmd_low": 0.25,
  "mmd_high": 0.3378965468785621,
  "mmd_runtime_seconds": 3.418423,
  "mmd_runtime_perf_seconds": 3.418423
}