{
  "dataset": "lobster",
  "model": "GRAN",
  "subsample_size": 256,
  "descriptor": "gin",
  "variant": "umve",
  "num_bootstrap": 100,
  "mmd_mean": 0.13007579077377746,
  "mmd_std": 0.017338713571277805,
  "mmd_low": 0.10368378389332203,
  "mmd_high": 0.1653136362026914,
  "mmd_runtime_seconds": 22.071333,
  "mmd_runtime_perf_seconds": 22.071333
}