{
  "dataset": "lobster",
  "model": "test",
  "subsample_size": 16,
  "descriptor": "orbit4",
  "variant": "biased",
  "num_bootstrap": 100,
  "mmd_mean": 0.13830487072563602,
  "mmd_std": 0.027106142537485743,
  "mmd_low": 0.11346706088993858,
  "mmd_high": 0.21250264971086058,
  "mmd_runtime_seconds": 0.114109,
  "mmd_runtime_perf_seconds": 0.114109
}