{
  "dataset": "sbm",
  "model": "test",
  "subsample_size": 512,
  "descriptor": "gin",
  "variant": "biased",
  "num_bootstrap": 100,
  "mmd_mean": 0.004261582340563706,
  "mmd_std": 0.0009739941523353072,
  "mmd_low": 0.003852611799100883,
  "mmd_high": 0.007380736199374712,
  "mmd_runtime_seconds": 126.304007,
  "mmd_runtime_perf_seconds": 126.304007
}