{
  "dataset": "sbm",
  "model": "test",
  "subsample_size": 4096,
  "descriptor": "clustering",
  "variant": "biased",
  "num_bootstrap": 100,
  "mmd_mean": 0.000489802842248393,
  "mmd_std": 4.739181685926018e-06,
  "mmd_low": 0.00048828125,
  "mmd_high": 0.0004993620042965421,
  "mmd_runtime_seconds": 844.895614,
  "mmd_runtime_perf_seconds": 844.895614
}