{
  "dataset": "lobster",
  "model": "AUTOGRAPH",
  "subsample_size": 256,
  "descriptor": "clustering",
  "variant": "biased",
  "num_bootstrap": 100,
  "mmd_mean": 8.244570004009244e-05,
  "mmd_std": 8.020116640667502e-05,
  "mmd_low": 0.0,
  "mmd_high": 0.0002596686038360266,
  "mmd_runtime_seconds": 7.902963,
  "mmd_runtime_perf_seconds": 7.902963
}