{
  "dataset": "planar",
  "model": "DIGRESS",
  "subsample_size": 128,
  "descriptor": "orbit5",
  "variant": "biased",
  "num_bootstrap": 100,
  "mmd_mean": 0.053401453507364034,
  "mmd_std": 0.018552395199279783,
  "mmd_low": 0.022469306083097527,
  "mmd_high": 0.09039933985699061,
  "mmd_runtime_seconds": 7.358419,
  "mmd_runtime_perf_seconds": 7.358419
}