{
  "dataset": "planar",
  "model": "AUTOGRAPH",
  "subsample_size": 8,
  "descriptor": "degree",
  "variant": "biased",
  "num_bootstrap": 100,
  "mmd_mean": 0.2603829023726098,
  "mmd_std": 0.020984367090586084,
  "mmd_low": 0.25,
  "mmd_high": 0.3229176495564955,
  "mmd_runtime_seconds": 2.395824,
  "mmd_runtime_perf_seconds": 2.395824
}