{
  "dataset": "lobster",
  "model": "GRAN",
  "subsample_size": 4096,
  "descriptor": "orbit5",
  "variant": "biased",
  "num_bootstrap": 100,
  "mmd_mean": 0.1781242635274985,
  "mmd_std": 0.004310414037751786,
  "mmd_low": 0.1695508713889571,
  "mmd_high": 0.18546816982506473,
  "mmd_runtime_seconds": 548.477429,
  "mmd_runtime_perf_seconds": 548.477429
}