{
  "dataset": "planar",
  "model": "DIGRESS",
  "subsample_size": 128,
  "descriptor": "clustering",
  "variant": "umve",
  "num_bootstrap": 100,
  "mmd_mean": 0.014810546784286813,
  "mmd_std": 0.008597319669635659,
  "mmd_low": 0.002853750242094389,
  "mmd_high": 0.03422715580472598,
  "mmd_runtime_seconds": 11.389871,
  "mmd_runtime_perf_seconds": 11.389871
}