{
  "dataset": "planar",
  "model": "DIGRESS",
  "subsample_size": 64,
  "descriptor": "orbit4",
  "variant": "biased",
  "num_bootstrap": 100,
  "mmd_mean": 0.061480640590682256,
  "mmd_std": 0.027934869613245848,
  "mmd_low": 0.03125005770550708,
  "mmd_high": 0.13827578906326898,
  "mmd_runtime_seconds": 4.159379,
  "mmd_runtime_perf_seconds": 4.159379
}