{
  "dataset": "lobster",
  "model": "GRAN",
  "subsample_size": 4096,
  "descriptor": "degree",
  "variant": "umve",
  "num_bootstrap": 100,
  "mmd_mean": 0.3006743843767342,
  "mmd_std": 0.005447941913688184,
  "mmd_low": 0.28929846279458366,
  "mmd_high": 0.31063939110780786,
  "mmd_runtime_seconds": 639.080715,
  "mmd_runtime_perf_seconds": 639.080715
}