{
  "dataset": "planar",
  "model": "DIGRESS",
  "subsample_size": 32,
  "descriptor": "orbit5",
  "variant": "biased",
  "num_bootstrap": 100,
  "mmd_mean": 0.08003282098710505,
  "mmd_std": 0.026315544743496157,
  "mmd_low": 0.06249999748477262,
  "mmd_high": 0.1541465371649978,
  "mmd_runtime_seconds": 5.316662,
  "mmd_runtime_perf_seconds": 5.316662
}