{
  "dataset": "planar",
  "model": "test",
  "subsample_size": 32,
  "descriptor": "orbit5",
  "variant": "umve",
  "num_bootstrap": 100,
  "mmd_mean": 0.02350033234381088,
  "mmd_std": 0.01743649272530256,
  "mmd_low": 0.0019572518913084334,
  "mmd_high": 0.07200618665771485,
  "mmd_runtime_seconds": 0.242021,
  "mmd_runtime_perf_seconds": 0.242021
}