{
  "dataset": "sbm",
  "model": "ESGG",
  "subsample_size": 16,
  "descriptor": "gin",
  "variant": "biased",
  "num_bootstrap": 100,
  "mmd_mean": 0.5146931165315101,
  "mmd_std": 0.12013666664602929,
  "mmd_low": 0.3060777992861019,
  "mmd_high": 0.7456176773206376,
  "mmd_runtime_seconds": 34.382075,
  "mmd_runtime_perf_seconds": 34.382075
}