{
  "dataset": "planar",
  "model": "AUTOGRAPH",
  "subsample_size": 32,
  "descriptor": "orbit4",
  "variant": "umve",
  "num_bootstrap": 100,
  "mmd_mean": 0.012737986514656687,
  "mmd_std": 0.02161413525449785,
  "mmd_low": -1.1347998887675325e-06,
  "mmd_high": 0.07054203919999334,
  "mmd_runtime_seconds": 3.879872,
  "mmd_runtime_perf_seconds": 3.879872
}