{
  "dataset": "sbm",
  "model": "ESGG",
  "subsample_size": 1024,
  "descriptor": "clustering",
  "variant": "biased",
  "num_bootstrap": 100,
  "mmd_mean": 0.053751049294447274,
  "mmd_std": 0.002607110474585892,
  "mmd_low": 0.04854071882903957,
  "mmd_high": 0.05825000788454984,
  "mmd_runtime_seconds": 77.921889,
  "mmd_runtime_perf_seconds": 77.921889
}