{
  "dataset": "sbm",
  "model": "DIGRESS",
  "subsample_size": 512,
  "descriptor": "gin",
  "variant": "umve",
  "num_bootstrap": 100,
  "mmd_mean": 0.004366944696813768,
  "mmd_std": 0.0026370378603369645,
  "mmd_low": 0.0008512269696695387,
  "mmd_high": 0.010476807007110678,
  "mmd_runtime_seconds": 236.195171,
  "mmd_runtime_perf_seconds": 236.195171
}