{
  "dataset": "sbm",
  "model": "GRAN",
  "subsample_size": 8,
  "descriptor": "clustering",
  "variant": "biased",
  "num_bootstrap": 100,
  "mmd_mean": 0.25994211812953993,
  "mmd_std": 0.024078298518466084,
  "mmd_low": 0.25,
  "mmd_high": 0.3482755814420036,
  "mmd_runtime_seconds": 20.423036,
  "mmd_runtime_perf_seconds": 20.423036
}