{
  "dataset": "planar",
  "model": "AUTOGRAPH",
  "subsample_size": 512,
  "descriptor": "clustering",
  "variant": "umve",
  "num_bootstrap": 100,
  "mmd_mean": 0.0005946099694777037,
  "mmd_std": 0.0006349372489708516,
  "mmd_low": -6.108361672746419e-06,
  "mmd_high": 0.00208959988852011,
  "mmd_runtime_seconds": 28.646421,
  "mmd_runtime_perf_seconds": 28.646421
}