{
  "dataset": "sbm",
  "model": "GRAN",
  "subsample_size": 32,
  "descriptor": "orbit5",
  "variant": "biased",
  "num_bootstrap": 100,
  "mmd_mean": 0.08321226456986322,
  "mmd_std": 0.026852254680511098,
  "mmd_low": 0.059836590734052016,
  "mmd_high": 0.1514474707471925,
  "mmd_runtime_seconds": 15.872828,
  "mmd_runtime_perf_seconds": 15.872828
}