{
  "dataset": "planar",
  "model": "ESGG",
  "subsample_size": 4096,
  "descriptor": "orbit5",
  "variant": "umve",
  "num_bootstrap": 100,
  "mmd_mean": 0.029231663174435606,
  "mmd_std": 0.0012458280973175883,
  "mmd_low": 0.026498896093132482,
  "mmd_high": 0.031503226392342105,
  "mmd_runtime_seconds": 766.582284,
  "mmd_runtime_perf_seconds": 766.582284
}