{
  "dataset": "sbm",
  "model": "test",
  "subsample_size": 256,
  "descriptor": "clustering",
  "variant": "biased",
  "num_bootstrap": 100,
  "mmd_mean": 0.007813880381209844,
  "mmd_std": 1.0256771361876779e-05,
  "mmd_low": 0.0078125,
  "mmd_high": 0.007816728641576816,
  "mmd_runtime_seconds": 9.832889,
  "mmd_runtime_perf_seconds": 9.832889
}