{
  "dataset": "sbm",
  "model": "AUTOGRAPH",
  "subsample_size": 32,
  "descriptor": "orbit5",
  "variant": "biased",
  "num_bootstrap": 100,
  "mmd_mean": 0.07013088697127996,
  "mmd_std": 0.015508814459895968,
  "mmd_low": 0.062044673516656344,
  "mmd_high": 0.11971127186010219,
  "mmd_runtime_seconds": 17.113526,
  "mmd_runtime_perf_seconds": 17.113526
}