{
  "dataset": "sbm",
  "model": "test",
  "subsample_size": 512,
  "descriptor": "clustering",
  "variant": "biased",
  "num_bootstrap": 100,
  "mmd_mean": 0.0039542931878318085,
  "mmd_std": 0.00014002040334189849,
  "mmd_low": 0.00390625,
  "mmd_high": 0.004305336089494786,
  "mmd_runtime_seconds": 24.427799,
  "mmd_runtime_perf_seconds": 24.427799
}