{
  "dataset": "lobster",
  "model": "GRAN",
  "subsample_size": 64,
  "descriptor": "orbit5",
  "variant": "umve",
  "num_bootstrap": 100,
  "mmd_mean": 0.1764027746546395,
  "mmd_std": 0.04894119288486444,
  "mmd_low": 0.09206824921870464,
  "mmd_high": 0.26858593831242533,
  "mmd_runtime_seconds": 2.919403,
  "mmd_runtime_perf_seconds": 2.919403
}