{
  "dataset": "lobster",
  "model": "test",
  "subsample_size": 256,
  "descriptor": "orbit4",
  "variant": "umve",
  "num_bootstrap": 100,
  "mmd_mean": 0.0013630374205621887,
  "mmd_std": 0.0017172522715303805,
  "mmd_low": -2.5178988440198965e-05,
  "mmd_high": 0.005678678425326255,
  "mmd_runtime_seconds": 3.367222,
  "mmd_runtime_perf_seconds": 3.367222
}