{
  "dataset": "sbm",
  "model": "AUTOGRAPH",
  "subsample_size": 128,
  "descriptor": "spectral",
  "variant": "biased",
  "num_bootstrap": 100,
  "mmd_mean": 0.015653198758930946,
  "mmd_std": 8.607691164452526e-05,
  "mmd_low": 0.015625,
  "mmd_high": 0.01592006056450501,
  "mmd_runtime_seconds": 32.332801,
  "mmd_runtime_perf_seconds": 32.332801
}