{
  "dataset": "planar",
  "model": "test",
  "subsample_size": 32,
  "descriptor": "degree",
  "variant": "umve",
  "num_bootstrap": 100,
  "mmd_mean": 0.057480036681122275,
  "mmd_std": 0.02598660267241105,
  "mmd_low": 0.01189119352421862,
  "mmd_high": 0.10851372780462792,
  "mmd_runtime_seconds": 1.813134,
  "mmd_runtime_perf_seconds": 1.813134
}