{
  "dataset": "sbm",
  "model": "ESGG",
  "subsample_size": 4096,
  "descriptor": "clustering",
  "variant": "biased",
  "num_bootstrap": 100,
  "mmd_mean": 0.052726131825948715,
  "mmd_std": 0.0010939737899382954,
  "mmd_low": 0.0504292467031619,
  "mmd_high": 0.05452659853200121,
  "mmd_runtime_seconds": 830.697095,
  "mmd_runtime_perf_seconds": 830.697095
}