{
  "dataset": "sbm",
  "model": "ESGG",
  "subsample_size": 1024,
  "descriptor": "gin",
  "variant": "umve",
  "num_bootstrap": 100,
  "mmd_mean": 0.4244274872550048,
  "mmd_std": 0.014904868061576338,
  "mmd_low": 0.3964795558922344,
  "mmd_high": 0.45367070009226207,
  "mmd_runtime_seconds": 287.630765,
  "mmd_runtime_perf_seconds": 287.630765
}