{
  "dataset": "sbm",
  "model": "test",
  "subsample_size": 16,
  "descriptor": "orbit5",
  "variant": "umve",
  "num_bootstrap": 100,
  "mmd_mean": 0.02774059655231089,
  "mmd_std": 0.03453281292191606,
  "mmd_low": -0.0003887911591468359,
  "mmd_high": 0.1157970416253012,
  "mmd_runtime_seconds": 0.411409,
  "mmd_runtime_perf_seconds": 0.411409
}