{
  "dataset": "sbm",
  "model": "ESGG",
  "subsample_size": 32,
  "descriptor": "orbit4",
  "variant": "umve",
  "num_bootstrap": 100,
  "mmd_mean": 0.06396019171349199,
  "mmd_std": 0.04415798812240298,
  "mmd_low": 0.010592140612474304,
  "mmd_high": 0.15898778784481843,
  "mmd_runtime_seconds": 2.125695,
  "mmd_runtime_perf_seconds": 2.125695
}