{
  "dataset": "planar",
  "model": "ESGG",
  "subsample_size": 32,
  "descriptor": "orbit4",
  "variant": "biased",
  "num_bootstrap": 100,
  "mmd_mean": 0.08080779816177121,
  "mmd_std": 0.023711677840705964,
  "mmd_low": 0.062446542741498676,
  "mmd_high": 0.14145440252044883,
  "mmd_runtime_seconds": 1.579295,
  "mmd_runtime_perf_seconds": 1.579295
}