{
  "dataset": "sbm",
  "model": "ESGG",
  "subsample_size": 1024,
  "descriptor": "spectral",
  "variant": "umve",
  "num_bootstrap": 100,
  "mmd_mean": 0.04659760820641838,
  "mmd_std": 0.0022325898559619295,
  "mmd_low": 0.04244799927708992,
  "mmd_high": 0.05101575335571428,
  "mmd_runtime_seconds": 79.800176,
  "mmd_runtime_perf_seconds": 79.800176
}