{
  "dataset": "planar",
  "model": "ESGG",
  "subsample_size": 128,
  "descriptor": "gin",
  "variant": "umve",
  "num_bootstrap": 100,
  "mmd_mean": 0.0346170363278405,
  "mmd_std": 0.015544192665872645,
  "mmd_low": 0.010786809725561656,
  "mmd_high": 0.06659723060392246,
  "mmd_runtime_seconds": 31.597568,
  "mmd_runtime_perf_seconds": 31.597568
}