{
  "dataset": "sbm",
  "model": "ESGG",
  "subsample_size": 256,
  "descriptor": "spectral",
  "variant": "biased",
  "num_bootstrap": 100,
  "mmd_mean": 0.05100028270473159,
  "mmd_std": 0.004785914663929596,
  "mmd_low": 0.04273234289759543,
  "mmd_high": 0.06086150882950747,
  "mmd_runtime_seconds": 15.378467,
  "mmd_runtime_perf_seconds": 15.378467
}