{
  "dataset": "lobster",
  "model": "AUTOGRAPH",
  "subsample_size": 64,
  "descriptor": "orbit4",
  "variant": "umve",
  "num_bootstrap": 100,
  "mmd_mean": 0.01596616638998069,
  "mmd_std": 0.020429646589204254,
  "mmd_low": -0.00011213180231338656,
  "mmd_high": 0.06123685802567256,
  "mmd_runtime_seconds": 3.200338,
  "mmd_runtime_perf_seconds": 3.200338
}