{
  "dataset": "sbm",
  "model": "AUTOGRAPH",
  "subsample_size": 32,
  "descriptor": "spectral",
  "variant": "biased",
  "num_bootstrap": 100,
  "mmd_mean": 0.06278465442200251,
  "mmd_std": 0.0010989966526371363,
  "mmd_low": 0.0625,
  "mmd_high": 0.06495173254291949,
  "mmd_runtime_seconds": 27.459174,
  "mmd_runtime_perf_seconds": 27.459174
}