{
  "dataset": "lobster",
  "model": "GRAN",
  "subsample_size": 8,
  "descriptor": "spectral",
  "variant": "biased",
  "num_bootstrap": 100,
  "mmd_mean": 0.3886498273812689,
  "mmd_std": 0.13686345315452417,
  "mmd_low": 0.25015435278503,
  "mmd_high": 0.7022535304545047,
  "mmd_runtime_seconds": 13.590586,
  "mmd_runtime_perf_seconds": 13.590586
}