{
  "dataset": "sbm",
  "model": "ESGG",
  "subsample_size": 256,
  "descriptor": "clustering",
  "variant": "biased",
  "num_bootstrap": 100,
  "mmd_mean": 0.05807676996866981,
  "mmd_std": 0.005198135619599516,
  "mmd_low": 0.04733889090760498,
  "mmd_high": 0.06850995421596238,
  "mmd_runtime_seconds": 14.847431,
  "mmd_runtime_perf_seconds": 14.847431
}