{
  "dataset": "lobster",
  "model": "DIGRESS",
  "subsample_size": 512,
  "descriptor": "clustering",
  "variant": "biased",
  "num_bootstrap": 100,
  "mmd_mean": 1.729925137706978e-05,
  "mmd_std": 2.1916478814434673e-05,
  "mmd_low": 0.0,
  "mmd_high": 8.20048749316071e-05,
  "mmd_runtime_seconds": 19.054248,
  "mmd_runtime_perf_seconds": 19.054248
}