{
  "dataset": "lobster",
  "model": "test",
  "subsample_size": 128,
  "descriptor": "orbit5",
  "variant": "umve",
  "num_bootstrap": 100,
  "mmd_mean": 0.0013979569770245157,
  "mmd_std": 0.002072297987111381,
  "mmd_low": -5.8926446747714626e-05,
  "mmd_high": 0.006465641839507187,
  "mmd_runtime_seconds": 0.972141,
  "mmd_runtime_perf_seconds": 0.972141
}