{
  "dataset": "lobster",
  "model": "GRAN",
  "subsample_size": 16,
  "descriptor": "orbit5",
  "variant": "biased",
  "num_bootstrap": 100,
  "mmd_mean": 0.237411407320832,
  "mmd_std": 0.1003425338098579,
  "mmd_low": 0.07884542359977004,
  "mmd_high": 0.4621195049839207,
  "mmd_runtime_seconds": 2.557683,
  "mmd_runtime_perf_seconds": 2.557683
}