{
  "dataset": "planar",
  "model": "ESGG",
  "subsample_size": 64,
  "descriptor": "gin",
  "variant": "umve",
  "num_bootstrap": 100,
  "mmd_mean": 0.029144920027761253,
  "mmd_std": 0.02083296032115817,
  "mmd_low": 0.0028614251064819243,
  "mmd_high": 0.08437364496812845,
  "mmd_runtime_seconds": 25.341234,
  "mmd_runtime_perf_seconds": 25.341234
}