{
  "dataset": "sbm",
  "model": "ESGG",
  "subsample_size": 32,
  "descriptor": "degree",
  "variant": "biased",
  "num_bootstrap": 100,
  "mmd_mean": 0.07562729726375403,
  "mmd_std": 0.014948057290366284,
  "mmd_low": 0.0625,
  "mmd_high": 0.10976886819799248,
  "mmd_runtime_seconds": 2.080314,
  "mmd_runtime_perf_seconds": 2.080314
}