{
  "dataset": "lobster",
  "model": "DIGRESS",
  "subsample_size": 256,
  "descriptor": "orbit4",
  "variant": "umve",
  "num_bootstrap": 100,
  "mmd_mean": 0.002715723847208751,
  "mmd_std": 0.0031888818715819925,
  "mmd_low": -3.091179201391569e-05,
  "mmd_high": 0.010477897297595741,
  "mmd_runtime_seconds": 6.669041,
  "mmd_runtime_perf_seconds": 6.669041
}