{
  "dataset": "lobster",
  "model": "DIGRESS",
  "subsample_size": 32,
  "descriptor": "spectral",
  "variant": "umve",
  "num_bootstrap": 100,
  "mmd_mean": 0.006792954199842537,
  "mmd_std": 0.01111201508117807,
  "mmd_low": -6.046658681761709e-156,
  "mmd_high": 0.04412732346636036,
  "mmd_runtime_seconds": 17.631569,
  "mmd_runtime_perf_seconds": 17.631569
}