{
  "dataset": "lobster",
  "model": "GRAN",
  "subsample_size": 32,
  "descriptor": "orbit4",
  "variant": "umve",
  "num_bootstrap": 100,
  "mmd_mean": 0.17723112605140126,
  "mmd_std": 0.06729237436952036,
  "mmd_low": 0.06404344504026961,
  "mmd_high": 0.3124983441330414,
  "mmd_runtime_seconds": 1.61673,
  "mmd_runtime_perf_seconds": 1.61673
}