{
  "dataset": "lobster",
  "model": "AUTOGRAPH",
  "subsample_size": 64,
  "descriptor": "gin",
  "variant": "umve",
  "num_bootstrap": 100,
  "mmd_mean": 0.019035881348462333,
  "mmd_std": 0.02178635497866983,
  "mmd_low": -1.1200886406304298e-05,
  "mmd_high": 0.08796011715622763,
  "mmd_runtime_seconds": 17.613687,
  "mmd_runtime_perf_seconds": 17.613687
}