{
  "dataset": "lobster",
  "model": "GRAN",
  "subsample_size": 64,
  "descriptor": "orbit4",
  "variant": "umve",
  "num_bootstrap": 100,
  "mmd_mean": 0.16579003195396894,
  "mmd_std": 0.044039047001793404,
  "mmd_low": 0.10060838337438825,
  "mmd_high": 0.2601363597804494,
  "mmd_runtime_seconds": 1.967065,
  "mmd_runtime_perf_seconds": 1.967065
}