{
  "dataset": "sbm",
  "model": "AUTOGRAPH",
  "subsample_size": 4096,
  "descriptor": "orbit5",
  "variant": "biased",
  "num_bootstrap": 100,
  "mmd_mean": 0.0008307947004552994,
  "mmd_std": 0.00017823444185117442,
  "mmd_low": 0.000573439381321863,
  "mmd_high": 0.0012290449705301893,
  "mmd_runtime_seconds": 974.514851,
  "mmd_runtime_perf_seconds": 974.514851
}