{
  "dataset": "lobster",
  "model": "DIGRESS",
  "subsample_size": 512,
  "descriptor": "gin",
  "variant": "biased",
  "num_bootstrap": 100,
  "mmd_mean": 0.004822515671890174,
  "mmd_std": 0.0019683508724209165,
  "mmd_low": 0.0038452177224589804,
  "mmd_high": 0.010335759970458866,
  "mmd_runtime_seconds": 42.828582,
  "mmd_runtime_perf_seconds": 42.828582
}