{
  "dataset": "lobster",
  "model": "GRAN",
  "subsample_size": 32,
  "descriptor": "gin",
  "variant": "umve",
  "num_bootstrap": 100,
  "mmd_mean": 0.13852354001341838,
  "mmd_std": 0.05848671537406846,
  "mmd_low": 0.062410319298014334,
  "mmd_high": 0.2583226329236371,
  "mmd_runtime_seconds": 13.953286,
  "mmd_runtime_perf_seconds": 13.953286
}