{
  "dataset": "planar",
  "model": "ESGG",
  "subsample_size": 64,
  "descriptor": "orbit4",
  "variant": "biased",
  "num_bootstrap": 100,
  "mmd_mean": 0.048198082859508544,
  "mmd_std": 0.015415984887140478,
  "mmd_low": 0.031244808788163526,
  "mmd_high": 0.08753160647944014,
  "mmd_runtime_seconds": 1.787115,
  "mmd_runtime_perf_seconds": 1.787115
}