{
  "dataset": "sbm",
  "model": "GRAN",
  "subsample_size": 1024,
  "descriptor": "orbit5",
  "variant": "biased",
  "num_bootstrap": 100,
  "mmd_mean": 0.03732543604078222,
  "mmd_std": 0.005382328325211934,
  "mmd_low": 0.027779340396915975,
  "mmd_high": 0.04995049353111341,
  "mmd_runtime_seconds": 68.950561,
  "mmd_runtime_perf_seconds": 68.950561
}