{
  "dataset": "planar",
  "model": "DIGRESS",
  "subsample_size": 128,
  "descriptor": "gin",
  "variant": "umve",
  "num_bootstrap": 100,
  "mmd_mean": 0.029244370765993077,
  "mmd_std": 0.013942558323980747,
  "mmd_low": 0.008084001810879258,
  "mmd_high": 0.054619418277331654,
  "mmd_runtime_seconds": 52.936147,
  "mmd_runtime_perf_seconds": 52.936147
}