{
  "dataset": "sbm",
  "model": "AUTOGRAPH",
  "subsample_size": 64,
  "descriptor": "spectral",
  "variant": "umve",
  "num_bootstrap": 100,
  "mmd_mean": 0.0008424049208563597,
  "mmd_std": 0.0013197808645847326,
  "mmd_low": 0.0,
  "mmd_high": 0.004731778086775058,
  "mmd_runtime_seconds": 29.82047,
  "mmd_runtime_perf_seconds": 29.82047
}