{
  "dataset": "planar",
  "model": "ESGG",
  "subsample_size": 8,
  "descriptor": "spectral",
  "variant": "umve",
  "num_bootstrap": 100,
  "mmd_mean": 0.005968102356893848,
  "mmd_std": 0.0076786077903340565,
  "mmd_low": 0.0,
  "mmd_high": 0.025429531467958913,
  "mmd_runtime_seconds": 8.101651,
  "mmd_runtime_perf_seconds": 8.101651
}