{
  "dataset": "lobster",
  "model": "test",
  "subsample_size": 16,
  "descriptor": "gin",
  "variant": "biased",
  "num_bootstrap": 100,
  "mmd_mean": 0.14261045987529675,
  "mmd_std": 0.029918764981479478,
  "mmd_low": 0.12471402654605933,
  "mmd_high": 0.22695575873807153,
  "mmd_runtime_seconds": 0.790361,
  "mmd_runtime_perf_seconds": 0.790361
}