{
  "dataset": "planar",
  "model": "test",
  "subsample_size": 128,
  "descriptor": "clustering",
  "variant": "umve",
  "num_bootstrap": 100,
  "mmd_mean": 0.0009559995663245876,
  "mmd_std": 0.0014043323215332474,
  "mmd_low": -2.162590385089852e-47,
  "mmd_high": 0.004624649684453376,
  "mmd_runtime_seconds": 1.843586,
  "mmd_runtime_perf_seconds": 1.843586
}