{
  "dataset": "planar",
  "model": "ESGG",
  "subsample_size": 1024,
  "descriptor": "orbit5",
  "variant": "biased",
  "num_bootstrap": 100,
  "mmd_mean": 0.030094171292470863,
  "mmd_std": 0.0038868588848429354,
  "mmd_low": 0.0229559804467732,
  "mmd_high": 0.037234263227963096,
  "mmd_runtime_seconds": 51.902512,
  "mmd_runtime_perf_seconds": 51.902512
}