{
  "dataset": "lobster",
  "model": "GRAN",
  "subsample_size": 256,
  "descriptor": "orbit4",
  "variant": "umve",
  "num_bootstrap": 100,
  "mmd_mean": 0.16178437302438156,
  "mmd_std": 0.02339522662682635,
  "mmd_low": 0.12354202225776653,
  "mmd_high": 0.20922615308494832,
  "mmd_runtime_seconds": 3.513604,
  "mmd_runtime_perf_seconds": 3.513604
}