{
  "dataset": "planar",
  "model": "test",
  "subsample_size": 1024,
  "descriptor": "orbit4",
  "variant": "umve",
  "num_bootstrap": 100,
  "mmd_mean": 0.00032720760235761104,
  "mmd_std": 0.00031342823986060375,
  "mmd_low": -8.189537756680415e-07,
  "mmd_high": 0.0012853799318173222,
  "mmd_runtime_seconds": 43.577782,
  "mmd_runtime_perf_seconds": 43.577782
}