{
  "dataset": "sbm",
  "model": "test",
  "subsample_size": 16,
  "descriptor": "clustering",
  "variant": "umve",
  "num_bootstrap": 100,
  "mmd_mean": 0.004503211871844254,
  "mmd_std": 0.006647916830729749,
  "mmd_low": 0.0,
  "mmd_high": 0.02095402978897511,
  "mmd_runtime_seconds": 0.462314,
  "mmd_runtime_perf_seconds": 0.462314
}