{
  "dataset": "sbm",
  "model": "DIGRESS",
  "subsample_size": 1024,
  "descriptor": "clustering",
  "variant": "biased",
  "num_bootstrap": 100,
  "mmd_mean": 0.0028656518109445427,
  "mmd_std": 0.0004962399535839787,
  "mmd_low": 0.0021016400384899327,
  "mmd_high": 0.00408056671542566,
  "mmd_runtime_seconds": 109.826848,
  "mmd_runtime_perf_seconds": 109.826848
}