{
  "dataset": "sbm",
  "model": "GRAN",
  "subsample_size": 8,
  "descriptor": "gin",
  "variant": "biased",
  "num_bootstrap": 100,
  "mmd_mean": 0.29330039863584706,
  "mmd_std": 0.062306290602321804,
  "mmd_low": 0.2499996884784553,
  "mmd_high": 0.453743184526641,
  "mmd_runtime_seconds": 97.484339,
  "mmd_runtime_perf_seconds": 97.484339
}