{
  "dataset": "sbm",
  "model": "ESGG",
  "subsample_size": 16,
  "descriptor": "orbit5",
  "variant": "umve",
  "num_bootstrap": 100,
  "mmd_mean": 0.09578258140130791,
  "mmd_std": 0.05461856988867128,
  "mmd_low": 0.018155446067573827,
  "mmd_high": 0.23029828431112861,
  "mmd_runtime_seconds": 5.408297,
  "mmd_runtime_perf_seconds": 5.408297
}