{
  "dataset": "planar",
  "model": "GRAN",
  "subsample_size": 512,
  "descriptor": "orbit5",
  "variant": "biased",
  "num_bootstrap": 100,
  "mmd_mean": 0.012833854046794763,
  "mmd_std": 0.0011164627957073521,
  "mmd_low": 0.011460426508551376,
  "mmd_high": 0.015312337938077382,
  "mmd_runtime_seconds": 15.757871,
  "mmd_runtime_perf_seconds": 15.757871
}