{
  "dataset": "sbm",
  "model": "ESGG",
  "subsample_size": 8,
  "descriptor": "degree",
  "variant": "biased",
  "num_bootstrap": 100,
  "mmd_mean": 0.26479707732057406,
  "mmd_std": 0.029321621419348548,
  "mmd_low": 0.25,
  "mmd_high": 0.34658293358697295,
  "mmd_runtime_seconds": 1.91407,
  "mmd_runtime_perf_seconds": 1.91407
}