{
  "dataset": "sbm",
  "model": "AUTOGRAPH",
  "subsample_size": 512,
  "descriptor": "orbit5",
  "variant": "umve",
  "num_bootstrap": 100,
  "mmd_mean": 0.001042564260892674,
  "mmd_std": 0.0015564124103145407,
  "mmd_low": -1.3201179726676646e-05,
  "mmd_high": 0.004903960014713777,
  "mmd_runtime_seconds": 30.281497,
  "mmd_runtime_perf_seconds": 30.281497
}