{
  "dataset": "sbm",
  "model": "AUTOGRAPH",
  "subsample_size": 4096,
  "descriptor": "spectral",
  "variant": "biased",
  "num_bootstrap": 100,
  "mmd_mean": 0.0005676718625752915,
  "mmd_std": 6.730729746003284e-05,
  "mmd_low": 0.0005010769448235449,
  "mmd_high": 0.0007298802244249515,
  "mmd_runtime_seconds": 1033.623188,
  "mmd_runtime_perf_seconds": 1033.623188
}