{
  "dataset": "sbm",
  "model": "ESGG",
  "subsample_size": 512,
  "descriptor": "orbit5",
  "variant": "umve",
  "num_bootstrap": 100,
  "mmd_mean": 0.09762854669230739,
  "mmd_std": 0.009460070198205271,
  "mmd_low": 0.07890518900982606,
  "mmd_high": 0.1152309542539073,
  "mmd_runtime_seconds": 23.158451,
  "mmd_runtime_perf_seconds": 23.158451
}