{
  "dataset": "lobster",
  "model": "GRAN",
  "subsample_size": 4096,
  "descriptor": "spectral",
  "variant": "umve",
  "num_bootstrap": 100,
  "mmd_mean": 0.23702736887825104,
  "mmd_std": 0.005604708405350036,
  "mmd_low": 0.22707508820826952,
  "mmd_high": 0.24734951626722018,
  "mmd_runtime_seconds": 704.531813,
  "mmd_runtime_perf_seconds": 704.531813
}