{
  "dataset": "planar",
  "model": "DIGRESS",
  "subsample_size": 256,
  "descriptor": "orbit5",
  "variant": "umve",
  "num_bootstrap": 100,
  "mmd_mean": 0.04026019793690301,
  "mmd_std": 0.011955624398216416,
  "mmd_low": 0.021086143556186196,
  "mmd_high": 0.06447384291769463,
  "mmd_runtime_seconds": 7.568141,
  "mmd_runtime_perf_seconds": 7.568141
}