{
  "dataset": "sbm",
  "model": "GRAN",
  "subsample_size": 1024,
  "descriptor": "orbit4",
  "variant": "umve",
  "num_bootstrap": 100,
  "mmd_mean": 0.03805012056462561,
  "mmd_std": 0.005830691460636859,
  "mmd_low": 0.027501696720034323,
  "mmd_high": 0.05178243006215778,
  "mmd_runtime_seconds": 53.101003,
  "mmd_runtime_perf_seconds": 53.101003
}