{
  "dataset": "planar",
  "model": "DIGRESS",
  "subsample_size": 2048,
  "descriptor": "degree",
  "variant": "biased",
  "num_bootstrap": 100,
  "mmd_mean": 0.01432793071566436,
  "mmd_std": 0.0016704420248468974,
  "mmd_low": 0.01081205765129425,
  "mmd_high": 0.017656266574978333,
  "mmd_runtime_seconds": 178.953415,
  "mmd_runtime_perf_seconds": 178.953415
}