{
  "dataset": "sbm",
  "model": "GRAN",
  "subsample_size": 128,
  "descriptor": "degree",
  "variant": "biased",
  "num_bootstrap": 100,
  "mmd_mean": 0.06774158804847015,
  "mmd_std": 0.01510155910387251,
  "mmd_low": 0.04321239520759458,
  "mmd_high": 0.09506560316163078,
  "mmd_runtime_seconds": 4.889818,
  "mmd_runtime_perf_seconds": 4.889818
}