{
  "dataset": "sbm",
  "model": "GRAN",
  "subsample_size": 512,
  "descriptor": "gin",
  "variant": "biased",
  "num_bootstrap": 100,
  "mmd_mean": 0.056222501266706734,
  "mmd_std": 0.007998128398337025,
  "mmd_low": 0.04270719168263467,
  "mmd_high": 0.07387945904917234,
  "mmd_runtime_seconds": 210.878373,
  "mmd_runtime_perf_seconds": 210.878373
}