{
  "dataset": "lobster",
  "model": "DIGRESS",
  "subsample_size": 8,
  "descriptor": "orbit4",
  "variant": "biased",
  "num_bootstrap": 100,
  "mmd_mean": 0.2764718029275248,
  "mmd_std": 0.057094040140290486,
  "mmd_low": 0.24066748614361055,
  "mmd_high": 0.43525697135610025,
  "mmd_runtime_seconds": 2.832401,
  "mmd_runtime_perf_seconds": 2.832401
}