{
  "dataset": "planar",
  "model": "DIGRESS",
  "subsample_size": 512,
  "descriptor": "clustering",
  "variant": "biased",
  "num_bootstrap": 100,
  "mmd_mean": 0.016778592551567745,
  "mmd_std": 0.0035602017710333967,
  "mmd_low": 0.010503472409818033,
  "mmd_high": 0.023216206934730876,
  "mmd_runtime_seconds": 23.802349,
  "mmd_runtime_perf_seconds": 23.802349
}