{
  "dataset": "planar",
  "model": "ESGG",
  "subsample_size": 32,
  "descriptor": "gin",
  "variant": "umve",
  "num_bootstrap": 100,
  "mmd_mean": 0.03243368162771382,
  "mmd_std": 0.029248317069376115,
  "mmd_low": -0.00012192402776455275,
  "mmd_high": 0.09774371071020167,
  "mmd_runtime_seconds": 22.94495,
  "mmd_runtime_perf_seconds": 22.94495
}