{
  "dataset": "planar",
  "model": "GRAN",
  "subsample_size": 8,
  "descriptor": "degree",
  "variant": "umve",
  "num_bootstrap": 100,
  "mmd_mean": 0.04135798027196537,
  "mmd_std": 0.05284918630443365,
  "mmd_low": -2.9537940424735046e-91,
  "mmd_high": 0.1497057861108995,
  "mmd_runtime_seconds": 2.946963,
  "mmd_runtime_perf_seconds": 2.946963
}