{
  "dataset": "sbm",
  "model": "ESGG",
  "subsample_size": 32,
  "descriptor": "degree",
  "variant": "umve",
  "num_bootstrap": 100,
  "mmd_mean": 0.022936373108248604,
  "mmd_std": 0.01901764676724865,
  "mmd_low": 6.041609989240118e-07,
  "mmd_high": 0.062098676991360555,
  "mmd_runtime_seconds": 2.173937,
  "mmd_runtime_perf_seconds": 2.173937
}