{
  "dataset": "lobster",
  "model": "ESGG",
  "subsample_size": 2048,
  "descriptor": "degree",
  "variant": "umve",
  "num_bootstrap": 100,
  "mmd_mean": 0.09180325491373313,
  "mmd_std": 0.004840193345380242,
  "mmd_low": 0.08342333826110128,
  "mmd_high": 0.10246246395946514,
  "mmd_runtime_seconds": 188.322982,
  "mmd_runtime_perf_seconds": 188.322982
}