{
  "dataset": "sbm",
  "model": "AUTOGRAPH",
  "subsample_size": 64,
  "descriptor": "spectral",
  "variant": "biased",
  "num_bootstrap": 100,
  "mmd_mean": 0.03134255688374122,
  "mmd_std": 0.0002769810465024163,
  "mmd_low": 0.03125,
  "mmd_high": 0.032189696855865216,
  "mmd_runtime_seconds": 28.872496,
  "mmd_runtime_perf_seconds": 28.872496
}