{
  "dataset": "sbm",
  "model": "test",
  "subsample_size": 256,
  "descriptor": "orbit5",
  "variant": "biased",
  "num_bootstrap": 100,
  "mmd_mean": 0.008134071439463701,
  "mmd_std": 0.0008507569029377543,
  "mmd_low": 0.007748741698957013,
  "mmd_high": 0.011241751521813914,
  "mmd_runtime_seconds": 7.118479,
  "mmd_runtime_perf_seconds": 7.118479
}