{
  "dataset": "sbm",
  "model": "ESGG",
  "subsample_size": 8,
  "descriptor": "spectral",
  "variant": "biased",
  "num_bootstrap": 100,
  "mmd_mean": 0.2685446191612722,
  "mmd_std": 0.016282282365202787,
  "mmd_low": 0.25181245226229976,
  "mmd_high": 0.3097593490898917,
  "mmd_runtime_seconds": 8.779426,
  "mmd_runtime_perf_seconds": 8.779426
}