{
  "dataset": "lobster",
  "model": "ESGG",
  "subsample_size": 16,
  "descriptor": "orbit4",
  "variant": "biased",
  "num_bootstrap": 100,
  "mmd_mean": 0.27420397214172654,
  "mmd_std": 0.10256061469328719,
  "mmd_low": 0.12677868517613042,
  "mmd_high": 0.5013998382011603,
  "mmd_runtime_seconds": 0.941246,
  "mmd_runtime_perf_seconds": 0.941246
}