{
  "dataset": "lobster",
  "model": "test",
  "subsample_size": 1024,
  "descriptor": "spectral",
  "variant": "umve",
  "num_bootstrap": 100,
  "mmd_mean": 3.628657179592591e-05,
  "mmd_std": 8.066672554227012e-05,
  "mmd_low": -4.766145519275144e-06,
  "mmd_high": 0.0002528137419694317,
  "mmd_runtime_seconds": 54.891943,
  "mmd_runtime_perf_seconds": 54.891943
}