{
  "dataset": "planar",
  "model": "AUTOGRAPH",
  "subsample_size": 256,
  "descriptor": "degree",
  "variant": "biased",
  "num_bootstrap": 100,
  "mmd_mean": 0.008224357897079782,
  "mmd_std": 0.0008612712025824513,
  "mmd_low": 0.007765960693359375,
  "mmd_high": 0.010306703345953018,
  "mmd_runtime_seconds": 7.019322,
  "mmd_runtime_perf_seconds": 7.019322
}