{
  "dataset": "planar",
  "model": "ESGG",
  "subsample_size": 16,
  "descriptor": "degree",
  "variant": "umve",
  "num_bootstrap": 100,
  "mmd_mean": 0.018197618541656163,
  "mmd_std": 0.0246923032798148,
  "mmd_low": -3.0707606674613404e-91,
  "mmd_high": 0.0847090938901767,
  "mmd_runtime_seconds": 1.918425,
  "mmd_runtime_perf_seconds": 1.918425
}