{
  "dataset": "planar",
  "model": "test",
  "subsample_size": 1024,
  "descriptor": "orbit4",
  "variant": "biased",
  "num_bootstrap": 100,
  "mmd_mean": 0.002164888219302034,
  "mmd_std": 0.00022682688741853851,
  "mmd_low": 0.0019510702353516696,
  "mmd_high": 0.002584731760031825,
  "mmd_runtime_seconds": 43.522566,
  "mmd_runtime_perf_seconds": 43.522566
}