{
  "dataset": "lobster",
  "model": "GRAN",
  "subsample_size": 16,
  "descriptor": "degree",
  "variant": "biased",
  "num_bootstrap": 100,
  "mmd_mean": 0.3907403512911924,
  "mmd_std": 0.11292990699456447,
  "mmd_low": 0.2210968137959364,
  "mmd_high": 0.6684745833518745,
  "mmd_runtime_seconds": 2.454765,
  "mmd_runtime_perf_seconds": 2.454765
}