{
  "dataset": "sbm",
  "model": "DIGRESS",
  "subsample_size": 4096,
  "descriptor": "clustering",
  "variant": "umve",
  "num_bootstrap": 100,
  "mmd_mean": 0.002116601631483288,
  "mmd_std": 0.000313267340036603,
  "mmd_low": 0.001473199023004099,
  "mmd_high": 0.0028795355649669442,
  "mmd_runtime_seconds": 1025.15815,
  "mmd_runtime_perf_seconds": 1025.15815
}