{
  "dataset": "sbm",
  "model": "ESGG",
  "subsample_size": 512,
  "descriptor": "orbit4",
  "variant": "biased",
  "num_bootstrap": 100,
  "mmd_mean": 0.07988098132209698,
  "mmd_std": 0.012190105321453195,
  "mmd_low": 0.058599108424816145,
  "mmd_high": 0.10543393449528982,
  "mmd_runtime_seconds": 16.273536,
  "mmd_runtime_perf_seconds": 16.273536
}