{
  "dataset": "lobster",
  "model": "AUTOGRAPH",
  "subsample_size": 64,
  "descriptor": "clustering",
  "variant": "umve",
  "num_bootstrap": 100,
  "mmd_mean": 6.555007234947397e-05,
  "mmd_std": 0.00021836128728297072,
  "mmd_low": 0.0,
  "mmd_high": 0.0006021393904938106,
  "mmd_runtime_seconds": 5.441103,
  "mmd_runtime_perf_seconds": 5.441103
}