{
  "dataset": "lobster",
  "model": "ESGG",
  "subsample_size": 4096,
  "descriptor": "degree",
  "variant": "umve",
  "num_bootstrap": 100,
  "mmd_mean": 0.09258257633449408,
  "mmd_std": 0.002998211433581835,
  "mmd_low": 0.08701357681003297,
  "mmd_high": 0.09754697292484767,
  "mmd_runtime_seconds": 733.002638,
  "mmd_runtime_perf_seconds": 733.002638
}