{
  "dataset": "planar",
  "model": "GRAN",
  "subsample_size": 256,
  "descriptor": "degree",
  "variant": "biased",
  "num_bootstrap": 100,
  "mmd_mean": 0.015941846805601498,
  "mmd_std": 0.0012943979017009998,
  "mmd_low": 0.0147705078125,
  "mmd_high": 0.020200739358505592,
  "mmd_runtime_seconds": 5.545951,
  "mmd_runtime_perf_seconds": 5.545951
}