{
  "dataset": "sbm",
  "model": "AUTOGRAPH",
  "subsample_size": 128,
  "descriptor": "orbit4",
  "variant": "biased",
  "num_bootstrap": 100,
  "mmd_mean": 0.018341733247797056,
  "mmd_std": 0.006330195510554069,
  "mmd_low": 0.015410665586252485,
  "mmd_high": 0.036207461270373116,
  "mmd_runtime_seconds": 7.832654,
  "mmd_runtime_perf_seconds": 7.832654
}