{
  "dataset": "sbm",
  "model": "test",
  "subsample_size": 64,
  "descriptor": "orbit4",
  "variant": "biased",
  "num_bootstrap": 100,
  "mmd_mean": 0.035610129302038114,
  "mmd_std": 0.00966843179561405,
  "mmd_low": 0.030746506588441986,
  "mmd_high": 0.06718626424788054,
  "mmd_runtime_seconds": 0.64508,
  "mmd_runtime_perf_seconds": 0.64508
}