{
  "dataset": "lobster",
  "model": "DIGRESS",
  "subsample_size": 64,
  "descriptor": "orbit5",
  "variant": "biased",
  "num_bootstrap": 100,
  "mmd_mean": 0.03369889975322104,
  "mmd_std": 0.006774628065450301,
  "mmd_low": 0.02927910469539166,
  "mmd_high": 0.05153303093949125,
  "mmd_runtime_seconds": 3.572537,
  "mmd_runtime_perf_seconds": 3.572537
}