{
  "dataset": "lobster",
  "model": "ESGG",
  "subsample_size": 128,
  "descriptor": "spectral",
  "variant": "biased",
  "num_bootstrap": 100,
  "mmd_mean": 0.08088341562229592,
  "mmd_std": 0.01921895560691911,
  "mmd_low": 0.04842968893669356,
  "mmd_high": 0.11566945006125898,
  "mmd_runtime_seconds": 10.611727,
  "mmd_runtime_perf_seconds": 10.611727
}