{
  "dataset": "planar",
  "model": "GRAN",
  "subsample_size": 64,
  "descriptor": "orbit4",
  "variant": "biased",
  "num_bootstrap": 100,
  "mmd_mean": 0.04304944833189033,
  "mmd_std": 0.007367766956922742,
  "mmd_low": 0.037108727653476156,
  "mmd_high": 0.06289540205540631,
  "mmd_runtime_seconds": 2.982714,
  "mmd_runtime_perf_seconds": 2.982714
}