{
  "dataset": "lobster",
  "model": "ESGG",
  "subsample_size": 1024,
  "descriptor": "degree",
  "variant": "biased",
  "num_bootstrap": 100,
  "mmd_mean": 0.09254375742481713,
  "mmd_std": 0.00712997573118775,
  "mmd_low": 0.08115749622459545,
  "mmd_high": 0.10996433213187619,
  "mmd_runtime_seconds": 50.955797,
  "mmd_runtime_perf_seconds": 50.955797
}