{
  "dataset": "sbm",
  "model": "test",
  "subsample_size": 16,
  "descriptor": "orbit4",
  "variant": "umve",
  "num_bootstrap": 100,
  "mmd_mean": 0.031836159130657446,
  "mmd_std": 0.033471394278097547,
  "mmd_low": 0.002365263884772832,
  "mmd_high": 0.10942341575518565,
  "mmd_runtime_seconds": 0.167267,
  "mmd_runtime_perf_seconds": 0.167267
}