{
  "dataset": "sbm",
  "model": "AUTOGRAPH",
  "subsample_size": 16,
  "descriptor": "clustering",
  "variant": "umve",
  "num_bootstrap": 100,
  "mmd_mean": 0.009546571665666406,
  "mmd_std": 0.01128542410089243,
  "mmd_low": 0.0,
  "mmd_high": 0.03665532027945163,
  "mmd_runtime_seconds": 23.26254,
  "mmd_runtime_perf_seconds": 23.26254
}