{
  "dataset": "planar",
  "model": "DIGRESS",
  "subsample_size": 1024,
  "descriptor": "clustering",
  "variant": "umve",
  "num_bootstrap": 100,
  "mmd_mean": 0.01380533617601531,
  "mmd_std": 0.0027103943882584285,
  "mmd_low": 0.008422195507660215,
  "mmd_high": 0.01857711776984629,
  "mmd_runtime_seconds": 60.643892,
  "mmd_runtime_perf_seconds": 60.643892
}