{
  "dataset": "planar",
  "model": "ESGG",
  "subsample_size": 256,
  "descriptor": "spectral",
  "variant": "umve",
  "num_bootstrap": 100,
  "mmd_mean": 0.0006210266960832415,
  "mmd_std": 0.0004114838644152966,
  "mmd_low": 8.209534998831305e-16,
  "mmd_high": 0.0014677294372648527,
  "mmd_runtime_seconds": 12.283043,
  "mmd_runtime_perf_seconds": 12.283043
}