{
  "dataset": "lobster",
  "model": "DIGRESS",
  "subsample_size": 2048,
  "descriptor": "degree",
  "variant": "biased",
  "num_bootstrap": 100,
  "mmd_mean": 0.0010547604145584913,
  "mmd_std": 0.00016632857051882889,
  "mmd_low": 0.0009621858596869808,
  "mmd_high": 0.0014775194611628942,
  "mmd_runtime_seconds": 233.189744,
  "mmd_runtime_perf_seconds": 233.189744
}