{
  "dataset": "planar",
  "model": "test",
  "subsample_size": 8,
  "descriptor": "orbit5",
  "variant": "biased",
  "num_bootstrap": 100,
  "mmd_mean": 0.2554140039743995,
  "mmd_std": 0.012538814694454795,
  "mmd_low": 0.25,
  "mmd_high": 0.29689348305541907,
  "mmd_runtime_seconds": 0.068434,
  "mmd_runtime_perf_seconds": 0.068434
}