{
  "dataset": "planar",
  "model": "ESGG",
  "subsample_size": 2048,
  "descriptor": "orbit4",
  "variant": "biased",
  "num_bootstrap": 100,
  "mmd_mean": 0.030679764088893932,
  "mmd_std": 0.0030591025106123755,
  "mmd_low": 0.026075106575700134,
  "mmd_high": 0.037020981589243475,
  "mmd_runtime_seconds": 196.539169,
  "mmd_runtime_perf_seconds": 196.539169
}