{
  "dataset": "sbm",
  "model": "test",
  "subsample_size": 16,
  "descriptor": "degree",
  "variant": "biased",
  "num_bootstrap": 100,
  "mmd_mean": 0.12582060223244437,
  "mmd_std": 0.002157356282169442,
  "mmd_low": 0.125,
  "mmd_high": 0.13247845069176173,
  "mmd_runtime_seconds": 1.725239,
  "mmd_runtime_perf_seconds": 1.725239
}