{
  "dataset": "planar",
  "model": "DIGRESS",
  "subsample_size": 8,
  "descriptor": "orbit5",
  "variant": "umve",
  "num_bootstrap": 100,
  "mmd_mean": 0.0646360598468878,
  "mmd_std": 0.07976063073564421,
  "mmd_low": -2.3240913292649954e-15,
  "mmd_high": 0.29764912751466144,
  "mmd_runtime_seconds": 5.315772,
  "mmd_runtime_perf_seconds": 5.315772
}