{
  "dataset": "planar",
  "model": "test",
  "subsample_size": 4096,
  "descriptor": "clustering",
  "variant": "umve",
  "num_bootstrap": 100,
  "mmd_mean": 1.7671733098351007e-05,
  "mmd_std": 3.442389431449832e-05,
  "mmd_low": -9.494408583029728e-07,
  "mmd_high": 0.00011987349794412011,
  "mmd_runtime_seconds": 777.502339,
  "mmd_runtime_perf_seconds": 777.502339
}