{
  "dataset": "lobster",
  "model": "ESGG",
  "subsample_size": 256,
  "descriptor": "degree",
  "variant": "umve",
  "num_bootstrap": 100,
  "mmd_mean": 0.09435799081508858,
  "mmd_std": 0.0150786328706372,
  "mmd_low": 0.06787186513515825,
  "mmd_high": 0.12501369201378798,
  "mmd_runtime_seconds": 5.999249,
  "mmd_runtime_perf_seconds": 5.999249
}