{
  "dataset": "lobster",
  "model": "AUTOGRAPH",
  "subsample_size": 4096,
  "descriptor": "degree",
  "variant": "umve",
  "num_bootstrap": 100,
  "mmd_mean": 0.007504512370541085,
  "mmd_std": 0.0011938746588960568,
  "mmd_low": 0.005476716102642021,
  "mmd_high": 0.010067923203252605,
  "mmd_runtime_seconds": 891.645965,
  "mmd_runtime_perf_seconds": 891.645965
}