{
  "dataset": "sbm",
  "model": "GRAN",
  "subsample_size": 8,
  "descriptor": "gin",
  "variant": "umve",
  "num_bootstrap": 100,
  "mmd_mean": 0.08646202818016327,
  "mmd_std": 0.09672811183002161,
  "mmd_low": -4.249387296937755e-12,
  "mmd_high": 0.31177765652424755,
  "mmd_runtime_seconds": 95.839659,
  "mmd_runtime_perf_seconds": 95.839659
}