{
  "dataset": "lobster",
  "model": "AUTOGRAPH",
  "subsample_size": 256,
  "descriptor": "orbit4",
  "variant": "umve",
  "num_bootstrap": 100,
  "mmd_mean": 0.010701515951799589,
  "mmd_std": 0.0068541005456865724,
  "mmd_low": 0.0012353031385534956,
  "mmd_high": 0.024980417461420337,
  "mmd_runtime_seconds": 5.12332,
  "mmd_runtime_perf_seconds": 5.12332
}