{
  "dataset": "sbm",
  "model": "AUTOGRAPH",
  "subsample_size": 32,
  "descriptor": "clustering",
  "variant": "umve",
  "num_bootstrap": 100,
  "mmd_mean": 0.003415047316195202,
  "mmd_std": 0.0046460174868637955,
  "mmd_low": 0.0,
  "mmd_high": 0.014673618106424743,
  "mmd_runtime_seconds": 23.105492,
  "mmd_runtime_perf_seconds": 23.105492
}