{
  "dataset": "lobster",
  "model": "test",
  "subsample_size": 16,
  "descriptor": "spectral",
  "variant": "umve",
  "num_bootstrap": 100,
  "mmd_mean": 0.002176094046266398,
  "mmd_std": 0.0061532373089983545,
  "mmd_low": -1.0746309593823177e-246,
  "mmd_high": 0.019168053984779037,
  "mmd_runtime_seconds": 0.337401,
  "mmd_runtime_perf_seconds": 0.337401
}