{
  "dataset": "lobster",
  "model": "AUTOGRAPH",
  "subsample_size": 128,
  "descriptor": "degree",
  "variant": "biased",
  "num_bootstrap": 100,
  "mmd_mean": 0.020652369252317213,
  "mmd_std": 0.0065193996536839875,
  "mmd_low": 0.0155029296875,
  "mmd_high": 0.03581370807434415,
  "mmd_runtime_seconds": 3.88651,
  "mmd_runtime_perf_seconds": 3.88651
}