{
  "dataset": "sbm",
  "model": "ESGG",
  "subsample_size": 32,
  "descriptor": "orbit5",
  "variant": "umve",
  "num_bootstrap": 100,
  "mmd_mean": 0.09223997330651605,
  "mmd_std": 0.04250088824977038,
  "mmd_low": 0.02721507981147914,
  "mmd_high": 0.17990009577288704,
  "mmd_runtime_seconds": 5.499006,
  "mmd_runtime_perf_seconds": 5.499006
}