{
  "dataset": "planar",
  "model": "GRAN",
  "subsample_size": 4096,
  "descriptor": "spectral",
  "variant": "biased",
  "num_bootstrap": 100,
  "mmd_mean": 0.008284849099194365,
  "mmd_std": 3.0157167076988677e-05,
  "mmd_low": 0.008231555229291613,
  "mmd_high": 0.008338856697082519,
  "mmd_runtime_seconds": 710.206152,
  "mmd_runtime_perf_seconds": 710.206152
}