{
  "dataset": "planar",
  "model": "ESGG",
  "subsample_size": 16,
  "descriptor": "orbit5",
  "variant": "umve",
  "num_bootstrap": 100,
  "mmd_mean": 0.055455822506931284,
  "mmd_std": 0.06084819523920433,
  "mmd_low": -6.695237839464562e-14,
  "mmd_high": 0.23813444331885086,
  "mmd_runtime_seconds": 2.289021,
  "mmd_runtime_perf_seconds": 2.289021
}