{
  "dataset": "lobster",
  "model": "ESGG",
  "subsample_size": 256,
  "descriptor": "orbit4",
  "variant": "biased",
  "num_bootstrap": 100,
  "mmd_mean": 0.22380577161261306,
  "mmd_std": 0.02605131076288384,
  "mmd_low": 0.1672255324014099,
  "mmd_high": 0.2727430468351112,
  "mmd_runtime_seconds": 3.79136,
  "mmd_runtime_perf_seconds": 3.79136
}