{
  "dataset": "planar",
  "model": "AUTOGRAPH",
  "subsample_size": 4096,
  "descriptor": "orbit4",
  "variant": "umve",
  "num_bootstrap": 100,
  "mmd_mean": 0.0027424495851229736,
  "mmd_std": 0.0007565463717373274,
  "mmd_low": 0.0015563511425439548,
  "mmd_high": 0.004376151600489711,
  "mmd_runtime_seconds": 852.16687,
  "mmd_runtime_perf_seconds": 852.16687
}