{
  "dataset": "lobster",
  "model": "GRAN",
  "subsample_size": 512,
  "descriptor": "clustering",
  "variant": "biased",
  "num_bootstrap": 100,
  "mmd_mean": 0.008168542748408378,
  "mmd_std": 0.0023889020780142774,
  "mmd_low": 0.004426580848715706,
  "mmd_high": 0.013576377748236949,
  "mmd_runtime_seconds": 15.341016,
  "mmd_runtime_perf_seconds": 15.341016
}