{
  "dataset": "lobster",
  "model": "ESGG",
  "subsample_size": 8,
  "descriptor": "degree",
  "variant": "umve",
  "num_bootstrap": 100,
  "mmd_mean": 0.07580042636708373,
  "mmd_std": 0.09250295189645805,
  "mmd_low": -4.880096224309447e-64,
  "mmd_high": 0.3195528712724446,
  "mmd_runtime_seconds": 2.092796,
  "mmd_runtime_perf_seconds": 2.092796
}