{
  "dataset": "lobster",
  "model": "GRAN",
  "subsample_size": 128,
  "descriptor": "degree",
  "variant": "umve",
  "num_bootstrap": 100,
  "mmd_mean": 0.3113630645506961,
  "mmd_std": 0.03408968275183639,
  "mmd_low": 0.24185768690739443,
  "mmd_high": 0.3693518376436026,
  "mmd_runtime_seconds": 3.708525,
  "mmd_runtime_perf_seconds": 3.708525
}