{
  "dataset": "sbm",
  "model": "AUTOGRAPH",
  "subsample_size": 128,
  "descriptor": "orbit5",
  "variant": "biased",
  "num_bootstrap": 100,
  "mmd_mean": 0.01832051390851413,
  "mmd_std": 0.005448616031404804,
  "mmd_low": 0.015529907959970921,
  "mmd_high": 0.030034763952469866,
  "mmd_runtime_seconds": 21.118633,
  "mmd_runtime_perf_seconds": 21.118633
}