{
  "dataset": "sbm",
  "model": "test",
  "subsample_size": 512,
  "descriptor": "spectral",
  "variant": "umve",
  "num_bootstrap": 100,
  "mmd_mean": 0.00044758415381604936,
  "mmd_std": 0.00034820058113715647,
  "mmd_low": 9.099318700714547e-06,
  "mmd_high": 0.0012769206162905051,
  "mmd_runtime_seconds": 24.432,
  "mmd_runtime_perf_seconds": 24.432
}