{
  "dataset": "sbm",
  "model": "ESGG",
  "subsample_size": 4096,
  "descriptor": "clustering",
  "variant": "umve",
  "num_bootstrap": 100,
  "mmd_mean": 0.05233042299392559,
  "mmd_std": 0.0010942099678856155,
  "mmd_low": 0.05003316885701775,
  "mmd_high": 0.05413143556002977,
  "mmd_runtime_seconds": 842.9179,
  "mmd_runtime_perf_seconds": 842.9179
}