{
  "dataset": "planar",
  "model": "AUTOGRAPH",
  "subsample_size": 128,
  "descriptor": "orbit4",
  "variant": "biased",
  "num_bootstrap": 100,
  "mmd_mean": 0.01853570429443217,
  "mmd_std": 0.005595522930473847,
  "mmd_low": 0.015619628358936929,
  "mmd_high": 0.030059185960365685,
  "mmd_runtime_seconds": 4.981738,
  "mmd_runtime_perf_seconds": 4.981738
}