{
  "dataset": "sbm",
  "model": "GRAN",
  "subsample_size": 32,
  "descriptor": "spectral",
  "variant": "umve",
  "num_bootstrap": 100,
  "mmd_mean": 0.0042625586624426195,
  "mmd_std": 0.004663364920178568,
  "mmd_low": 0.0,
  "mmd_high": 0.018170029950977766,
  "mmd_runtime_seconds": 25.530046,
  "mmd_runtime_perf_seconds": 25.530046
}