{
  "dataset": "sbm",
  "model": "AUTOGRAPH",
  "subsample_size": 32,
  "descriptor": "gin",
  "variant": "umve",
  "num_bootstrap": 100,
  "mmd_mean": 0.013722881671488538,
  "mmd_std": 0.02064118818725879,
  "mmd_low": -0.0001792134996745394,
  "mmd_high": 0.07496412679575712,
  "mmd_runtime_seconds": 102.899531,
  "mmd_runtime_perf_seconds": 102.899531
}