{
  "dataset": "planar",
  "model": "AUTOGRAPH",
  "subsample_size": 32,
  "descriptor": "orbit5",
  "variant": "umve",
  "num_bootstrap": 100,
  "mmd_mean": 0.01341700018502912,
  "mmd_std": 0.021082334538088148,
  "mmd_low": -1.7357400948705318e-10,
  "mmd_high": 0.060358257306743504,
  "mmd_runtime_seconds": 5.426134,
  "mmd_runtime_perf_seconds": 5.426134
}