{
  "dataset": "lobster",
  "model": "test",
  "subsample_size": 512,
  "descriptor": "orbit5",
  "variant": "umve",
  "num_bootstrap": 100,
  "mmd_mean": 0.0011483854405395272,
  "mmd_std": 0.001142511905282289,
  "mmd_low": 5.2465331860313914e-06,
  "mmd_high": 0.004449184111134567,
  "mmd_runtime_seconds": 10.956912,
  "mmd_runtime_perf_seconds": 10.956912
}