{
  "dataset": "sbm",
  "model": "DIGRESS",
  "subsample_size": 4096,
  "descriptor": "orbit5",
  "variant": "biased",
  "num_bootstrap": 100,
  "mmd_mean": 0.003846580809887671,
  "mmd_std": 0.0008640160874917455,
  "mmd_low": 0.0023436150522329812,
  "mmd_high": 0.005503214989659757,
  "mmd_runtime_seconds": 998.136994,
  "mmd_runtime_perf_seconds": 998.136994
}