{
  "dataset": "planar",
  "model": "ESGG",
  "subsample_size": 64,
  "descriptor": "spectral",
  "variant": "biased",
  "num_bootstrap": 100,
  "mmd_mean": 0.03125514970298013,
  "mmd_std": 1.062584937372223e-05,
  "mmd_low": 0.03125,
  "mmd_high": 0.03128913304199394,
  "mmd_runtime_seconds": 9.455951,
  "mmd_runtime_perf_seconds": 9.455951
}