{
  "dataset": "planar",
  "model": "AUTOGRAPH",
  "subsample_size": 1024,
  "descriptor": "clustering",
  "variant": "biased",
  "num_bootstrap": 100,
  "mmd_mean": 0.0021547552552139567,
  "mmd_std": 0.00028553188140823037,
  "mmd_low": 0.00194549560546875,
  "mmd_high": 0.002768233327713823,
  "mmd_runtime_seconds": 78.925734,
  "mmd_runtime_perf_seconds": 78.925734
}