{
  "dataset": "sbm",
  "model": "DIGRESS",
  "subsample_size": 16,
  "descriptor": "degree",
  "variant": "umve",
  "num_bootstrap": 100,
  "mmd_mean": 0.032730446478705,
  "mmd_std": 0.034707779475261574,
  "mmd_low": -1.2659719628878824e-229,
  "mmd_high": 0.12364882383300894,
  "mmd_runtime_seconds": 3.80458,
  "mmd_runtime_perf_seconds": 3.80458
}