{
  "dataset": "lobster",
  "model": "DIGRESS",
  "subsample_size": 256,
  "descriptor": "orbit5",
  "variant": "umve",
  "num_bootstrap": 100,
  "mmd_mean": 0.0022449439982786786,
  "mmd_std": 0.002720475544694729,
  "mmd_low": -2.6298803171770355e-05,
  "mmd_high": 0.00991016071342769,
  "mmd_runtime_seconds": 7.253825,
  "mmd_runtime_perf_seconds": 7.253825
}