{
  "dataset": "sbm",
  "model": "AUTOGRAPH",
  "subsample_size": 128,
  "descriptor": "spectral",
  "variant": "umve",
  "num_bootstrap": 100,
  "mmd_mean": 0.0005188652242267255,
  "mmd_std": 0.000688975249832697,
  "mmd_low": 0.0,
  "mmd_high": 0.0023792014853031922,
  "mmd_runtime_seconds": 33.347126,
  "mmd_runtime_perf_seconds": 33.347126
}