{
  "dataset": "sbm",
  "model": "test",
  "subsample_size": 32,
  "descriptor": "orbit4",
  "variant": "umve",
  "num_bootstrap": 100,
  "mmd_mean": 0.0160725155158598,
  "mmd_std": 0.024602004094313675,
  "mmd_low": -0.00024034053405866233,
  "mmd_high": 0.06719113860539469,
  "mmd_runtime_seconds": 0.306017,
  "mmd_runtime_perf_seconds": 0.306017
}