{
  "dataset": "planar",
  "model": "GRAN",
  "subsample_size": 512,
  "descriptor": "spectral",
  "variant": "biased",
  "num_bootstrap": 100,
  "mmd_mean": 0.011698470498378783,
  "mmd_std": 0.0002202600808144655,
  "mmd_low": 0.011310005187988281,
  "mmd_high": 0.01219196319580078,
  "mmd_runtime_seconds": 29.695306,
  "mmd_runtime_perf_seconds": 29.695306
}