{
  "dataset": "lobster",
  "model": "AUTOGRAPH",
  "subsample_size": 16,
  "descriptor": "gin",
  "variant": "umve",
  "num_bootstrap": 100,
  "mmd_mean": 0.03764012965291033,
  "mmd_std": 0.04855518158598604,
  "mmd_low": -0.000473729326786726,
  "mmd_high": 0.1636430925340635,
  "mmd_runtime_seconds": 15.838904,
  "mmd_runtime_perf_seconds": 15.838904
}