{
  "dataset": "planar",
  "model": "AUTOGRAPH",
  "subsample_size": 1024,
  "descriptor": "orbit5",
  "variant": "biased",
  "num_bootstrap": 100,
  "mmd_mean": 0.00407093390442323,
  "mmd_std": 0.0012422387934217926,
  "mmd_low": 0.0023174925157979477,
  "mmd_high": 0.006964995598629516,
  "mmd_runtime_seconds": 66.735318,
  "mmd_runtime_perf_seconds": 66.735318
}