{
  "dataset": "sbm",
  "model": "DIGRESS",
  "subsample_size": 2048,
  "descriptor": "orbit5",
  "variant": "biased",
  "num_bootstrap": 100,
  "mmd_mean": 0.004109876407483182,
  "mmd_std": 0.0013189757865641354,
  "mmd_low": 0.0022392042083201258,
  "mmd_high": 0.007766563412517101,
  "mmd_runtime_seconds": 275.92271,
  "mmd_runtime_perf_seconds": 275.92271
}