{
  "dataset": "sbm",
  "model": "test",
  "subsample_size": 32,
  "descriptor": "clustering",
  "variant": "umve",
  "num_bootstrap": 100,
  "mmd_mean": 0.006406023368264914,
  "mmd_std": 0.005755295864197142,
  "mmd_low": 0.0,
  "mmd_high": 0.020322523866790863,
  "mmd_runtime_seconds": 0.922445,
  "mmd_runtime_perf_seconds": 0.922445
}