{
  "dataset": "planar",
  "model": "AUTOGRAPH",
  "subsample_size": 32,
  "descriptor": "spectral",
  "variant": "biased",
  "num_bootstrap": 100,
  "mmd_mean": 0.06250804307774623,
  "mmd_std": 2.0306452849169264e-05,
  "mmd_low": 0.0625,
  "mmd_high": 0.06257805097502096,
  "mmd_runtime_seconds": 17.546853,
  "mmd_runtime_perf_seconds": 17.546853
}