{
  "dataset": "sbm",
  "model": "GRAN",
  "subsample_size": 64,
  "descriptor": "orbit4",
  "variant": "umve",
  "num_bootstrap": 100,
  "mmd_mean": 0.04610117241578524,
  "mmd_std": 0.029904490849549683,
  "mmd_low": 0.004935540912514908,
  "mmd_high": 0.11382501488367514,
  "mmd_runtime_seconds": 5.60433,
  "mmd_runtime_perf_seconds": 5.60433
}