{
  "dataset": "sbm",
  "model": "DIGRESS",
  "subsample_size": 32,
  "descriptor": "orbit4",
  "variant": "umve",
  "num_bootstrap": 100,
  "mmd_mean": 0.02409122452923965,
  "mmd_std": 0.031460175715603306,
  "mmd_low": -9.597361524682796e-05,
  "mmd_high": 0.11686335545169345,
  "mmd_runtime_seconds": 7.363931,
  "mmd_runtime_perf_seconds": 7.363931
}