{
  "dataset": "lobster",
  "model": "GRAN",
  "subsample_size": 4096,
  "descriptor": "gin",
  "variant": "biased",
  "num_bootstrap": 100,
  "mmd_mean": 0.1346511799331938,
  "mmd_std": 0.003631670604075877,
  "mmd_low": 0.12754774824395668,
  "mmd_high": 0.14245482587025265,
  "mmd_runtime_seconds": 708.053223,
  "mmd_runtime_perf_seconds": 708.053223
}