{
  "dataset": "planar",
  "model": "GRAN",
  "subsample_size": 512,
  "descriptor": "degree",
  "variant": "umve",
  "num_bootstrap": 100,
  "mmd_mean": 0.00798798963994822,
  "mmd_std": 0.0006025231714299304,
  "mmd_low": 0.007395477817483145,
  "mmd_high": 0.009549112468908529,
  "mmd_runtime_seconds": 13.033284,
  "mmd_runtime_perf_seconds": 13.033284
}