{
  "dataset": "planar",
  "model": "GRAN",
  "subsample_size": 8,
  "descriptor": "gin",
  "variant": "biased",
  "num_bootstrap": 100,
  "mmd_mean": 0.2862936002773292,
  "mmd_std": 0.06542256167332589,
  "mmd_low": 0.23945120981949078,
  "mmd_high": 0.48087314087760225,
  "mmd_runtime_seconds": 40.630598,
  "mmd_runtime_perf_seconds": 40.630598
}