{
  "dataset": "sbm",
  "model": "GRAN",
  "subsample_size": 32,
  "descriptor": "orbit4",
  "variant": "biased",
  "num_bootstrap": 100,
  "mmd_mean": 0.08602394713902532,
  "mmd_std": 0.027437106426140122,
  "mmd_low": 0.06138911227947225,
  "mmd_high": 0.1569238995896237,
  "mmd_runtime_seconds": 5.277691,
  "mmd_runtime_perf_seconds": 5.277691
}