{
  "dataset": "sbm",
  "model": "ESGG",
  "subsample_size": 256,
  "descriptor": "orbit5",
  "variant": "biased",
  "num_bootstrap": 100,
  "mmd_mean": 0.11126441726499792,
  "mmd_std": 0.015244396043111065,
  "mmd_low": 0.08287418253778076,
  "mmd_high": 0.14191059161761235,
  "mmd_runtime_seconds": 10.128637,
  "mmd_runtime_perf_seconds": 10.128637
}