{
  "dataset": "lobster",
  "model": "DIGRESS",
  "subsample_size": 128,
  "descriptor": "gin",
  "variant": "biased",
  "num_bootstrap": 100,
  "mmd_mean": 0.017958157044793924,
  "mmd_std": 0.004512832701256258,
  "mmd_low": 0.01534888874626659,
  "mmd_high": 0.028843498164759035,
  "mmd_runtime_seconds": 21.218696,
  "mmd_runtime_perf_seconds": 21.218696
}