{
  "dataset": "sbm",
  "model": "DIGRESS",
  "subsample_size": 8,
  "descriptor": "gin",
  "variant": "biased",
  "num_bootstrap": 100,
  "mmd_mean": 0.2743897431834783,
  "mmd_std": 0.045458652434731545,
  "mmd_low": 0.24922831084465247,
  "mmd_high": 0.4253407177777862,
  "mmd_runtime_seconds": 113.301871,
  "mmd_runtime_perf_seconds": 113.301871
}