{
  "dataset": "sbm",
  "model": "DIGRESS",
  "subsample_size": 8,
  "descriptor": "orbit4",
  "variant": "biased",
  "num_bootstrap": 100,
  "mmd_mean": 0.2793610627158983,
  "mmd_std": 0.05451951054061374,
  "mmd_low": 0.24921684081085296,
  "mmd_high": 0.4478460728487822,
  "mmd_runtime_seconds": 7.603301,
  "mmd_runtime_perf_seconds": 7.603301
}