{
  "dataset": "sbm",
  "model": "DIGRESS",
  "subsample_size": 256,
  "descriptor": "spectral",
  "variant": "biased",
  "num_bootstrap": 100,
  "mmd_mean": 0.007843931163347683,
  "mmd_std": 7.801606195766807e-05,
  "mmd_low": 0.0078125,
  "mmd_high": 0.00807671084694478,
  "mmd_runtime_seconds": 34.490227,
  "mmd_runtime_perf_seconds": 34.490227
}