{
  "dataset": "planar",
  "model": "ESGG",
  "subsample_size": 1024,
  "descriptor": "degree",
  "variant": "umve",
  "num_bootstrap": 100,
  "mmd_mean": 0.0013601436210732118,
  "mmd_std": 0.0006859808482028794,
  "mmd_low": 0.00042874112755964834,
  "mmd_high": 0.0030069960697734982,
  "mmd_runtime_seconds": 50.653482,
  "mmd_runtime_perf_seconds": 50.653482
}