{
  "dataset": "sbm",
  "model": "DIGRESS",
  "subsample_size": 2048,
  "descriptor": "orbit4",
  "variant": "biased",
  "num_bootstrap": 100,
  "mmd_mean": 0.005149833586307,
  "mmd_std": 0.001674564331252494,
  "mmd_low": 0.0023933479450356735,
  "mmd_high": 0.009436855413496533,
  "mmd_runtime_seconds": 244.697393,
  "mmd_runtime_perf_seconds": 244.697393
}