{
  "dataset": "lobster",
  "model": "GRAN",
  "subsample_size": 8,
  "descriptor": "orbit4",
  "variant": "biased",
  "num_bootstrap": 100,
  "mmd_mean": 0.33918372177555545,
  "mmd_std": 0.1141611249793687,
  "mmd_low": 0.18044870612159922,
  "mmd_high": 0.5745358604064061,
  "mmd_runtime_seconds": 1.463817,
  "mmd_runtime_perf_seconds": 1.463817
}