{
  "dataset": "planar",
  "model": "ESGG",
  "subsample_size": 4096,
  "descriptor": "spectral",
  "variant": "umve",
  "num_bootstrap": 100,
  "mmd_mean": 0.0007872121507959951,
  "mmd_std": 4.192967242448613e-05,
  "mmd_low": 0.0007045351248062354,
  "mmd_high": 0.0008599835410287331,
  "mmd_runtime_seconds": 973.70594,
  "mmd_runtime_perf_seconds": 973.70594
}