{
  "dataset": "lobster",
  "model": "test",
  "subsample_size": 512,
  "descriptor": "degree",
  "variant": "umve",
  "num_bootstrap": 100,
  "mmd_mean": 0.00042626040991957515,
  "mmd_std": 0.0006698667193557415,
  "mmd_low": -1.490209816757313e-05,
  "mmd_high": 0.0021692382350200997,
  "mmd_runtime_seconds": 13.53096,
  "mmd_runtime_perf_seconds": 13.53096
}