{
  "dataset": "lobster",
  "model": "test",
  "subsample_size": 512,
  "descriptor": "spectral",
  "variant": "biased",
  "num_bootstrap": 100,
  "mmd_mean": 0.004031628917893677,
  "mmd_std": 0.00036020689177464796,
  "mmd_low": 0.003885554752577515,
  "mmd_high": 0.005285307419863999,
  "mmd_runtime_seconds": 17.21909,
  "mmd_runtime_perf_seconds": 17.21909
}