{
  "dataset": "lobster",
  "model": "DIGRESS",
  "subsample_size": 128,
  "descriptor": "clustering",
  "variant": "umve",
  "num_bootstrap": 100,
  "mmd_mean": 4.18963789866389e-06,
  "mmd_std": 2.4168756137804015e-05,
  "mmd_low": 0.0,
  "mmd_high": 6.459153543516455e-05,
  "mmd_runtime_seconds": 6.634758,
  "mmd_runtime_perf_seconds": 6.634758
}