{
  "dataset": "lobster",
  "model": "AUTOGRAPH",
  "subsample_size": 512,
  "descriptor": "gin",
  "variant": "umve",
  "num_bootstrap": 100,
  "mmd_mean": 0.013588835859481459,
  "mmd_std": 0.006761564599998003,
  "mmd_low": 0.00415411942440722,
  "mmd_high": 0.027638278855778825,
  "mmd_runtime_seconds": 40.698008,
  "mmd_runtime_perf_seconds": 40.698008
}