{
  "dataset": "sbm",
  "model": "DIGRESS",
  "subsample_size": 128,
  "descriptor": "orbit4",
  "variant": "umve",
  "num_bootstrap": 100,
  "mmd_mean": 0.006166008124142575,
  "mmd_std": 0.006316319076947211,
  "mmd_low": -3.5512085381980336e-06,
  "mmd_high": 0.022087025928244648,
  "mmd_runtime_seconds": 8.585164,
  "mmd_runtime_perf_seconds": 8.585164
}