{
  "dataset": "lobster",
  "model": "ESGG",
  "subsample_size": 8,
  "descriptor": "gin",
  "variant": "umve",
  "num_bootstrap": 100,
  "mmd_mean": 0.08642163687533291,
  "mmd_std": 0.13020401240772012,
  "mmd_low": -1.6613723298541991e-09,
  "mmd_high": 0.48183224099800975,
  "mmd_runtime_seconds": 7.613032,
  "mmd_runtime_perf_seconds": 7.613032
}