{
  "dataset": "lobster",
  "model": "test",
  "subsample_size": 512,
  "descriptor": "orbit4",
  "variant": "umve",
  "num_bootstrap": 100,
  "mmd_mean": 0.0012994736963727,
  "mmd_std": 0.001388548898780586,
  "mmd_low": -1.4026397612043606e-05,
  "mmd_high": 0.005352741449029878,
  "mmd_runtime_seconds": 11.224591,
  "mmd_runtime_perf_seconds": 11.224591
}