{
  "dataset": "lobster",
  "model": "ESGG",
  "subsample_size": 2048,
  "descriptor": "orbit4",
  "variant": "umve",
  "num_bootstrap": 100,
  "mmd_mean": 0.22431181531501232,
  "mmd_std": 0.00896365614021,
  "mmd_low": 0.2080164209280706,
  "mmd_high": 0.24057425572957863,
  "mmd_runtime_seconds": 194.934932,
  "mmd_runtime_perf_seconds": 194.934932
}