{
  "dataset": "sbm",
  "model": "test",
  "subsample_size": 512,
  "descriptor": "degree",
  "variant": "biased",
  "num_bootstrap": 100,
  "mmd_mean": 0.004043244492323331,
  "mmd_std": 0.000332259327215533,
  "mmd_low": 0.00390625,
  "mmd_high": 0.0049907477710204,
  "mmd_runtime_seconds": 13.755607,
  "mmd_runtime_perf_seconds": 13.755607
}