{
  "dataset": "planar",
  "model": "DIGRESS",
  "subsample_size": 64,
  "descriptor": "clustering",
  "variant": "umve",
  "num_bootstrap": 100,
  "mmd_mean": 0.02051750803787701,
  "mmd_std": 0.01260538968283184,
  "mmd_low": 0.0001270053795429995,
  "mmd_high": 0.04533852728086169,
  "mmd_runtime_seconds": 10.434692,
  "mmd_runtime_perf_seconds": 10.434692
}