{
  "dataset": "lobster",
  "model": "AUTOGRAPH",
  "subsample_size": 256,
  "descriptor": "orbit5",
  "variant": "umve",
  "num_bootstrap": 100,
  "mmd_mean": 0.008772272953519922,
  "mmd_std": 0.005794776076112903,
  "mmd_low": 0.0008133258859589184,
  "mmd_high": 0.020614016858108996,
  "mmd_runtime_seconds": 4.834393,
  "mmd_runtime_perf_seconds": 4.834393
}