{
  "dataset": "sbm",
  "model": "test",
  "subsample_size": 16,
  "descriptor": "degree",
  "variant": "umve",
  "num_bootstrap": 100,
  "mmd_mean": 0.003758954394450466,
  "mmd_std": 0.007359118245709177,
  "mmd_low": -1.898645119711957e-230,
  "mmd_high": 0.030653403402948056,
  "mmd_runtime_seconds": 1.727842,
  "mmd_runtime_perf_seconds": 1.727842
}