{
  "dataset": "planar",
  "model": "AUTOGRAPH",
  "subsample_size": 2048,
  "descriptor": "orbit4",
  "variant": "umve",
  "num_bootstrap": 100,
  "mmd_mean": 0.0022910505899504567,
  "mmd_std": 0.0010865053616919136,
  "mmd_low": 0.0006807483950838246,
  "mmd_high": 0.004641720903287594,
  "mmd_runtime_seconds": 228.751446,
  "mmd_runtime_perf_seconds": 228.751446
}