{
  "dataset": "sbm",
  "model": "AUTOGRAPH",
  "subsample_size": 1024,
  "descriptor": "spectral",
  "variant": "umve",
  "num_bootstrap": 100,
  "mmd_mean": 0.00015100276015283948,
  "mmd_std": 0.0001485076301343363,
  "mmd_low": 0.0,
  "mmd_high": 0.0005077278110549655,
  "mmd_runtime_seconds": 84.537791,
  "mmd_runtime_perf_seconds": 84.537791
}