{
  "dataset": "sbm",
  "model": "DIGRESS",
  "subsample_size": 64,
  "descriptor": "spectral",
  "variant": "biased",
  "num_bootstrap": 100,
  "mmd_mean": 0.031295631126192845,
  "mmd_std": 0.0001067759834025938,
  "mmd_low": 0.03125,
  "mmd_high": 0.03164618938133548,
  "mmd_runtime_seconds": 31.408856,
  "mmd_runtime_perf_seconds": 31.408856
}