{
  "dataset": "sbm",
  "model": "ESGG",
  "subsample_size": 128,
  "descriptor": "degree",
  "variant": "biased",
  "num_bootstrap": 100,
  "mmd_mean": 0.04725408829236097,
  "mmd_std": 0.011929421713515392,
  "mmd_low": 0.028011796677338243,
  "mmd_high": 0.07279237432502432,
  "mmd_runtime_seconds": 3.180459,
  "mmd_runtime_perf_seconds": 3.180459
}