{
  "dataset": "sbm",
  "model": "test",
  "subsample_size": 128,
  "descriptor": "gin",
  "variant": "biased",
  "num_bootstrap": 100,
  "mmd_mean": 0.01653056128434695,
  "mmd_std": 0.0024939073852778084,
  "mmd_low": 0.015427242267321695,
  "mmd_high": 0.022258518140087596,
  "mmd_runtime_seconds": 30.180263,
  "mmd_runtime_perf_seconds": 30.180263
}