{
  "dataset": "planar",
  "model": "AUTOGRAPH",
  "subsample_size": 128,
  "descriptor": "orbit4",
  "variant": "umve",
  "num_bootstrap": 100,
  "mmd_mean": 0.0059405275725425526,
  "mmd_std": 0.007045685487814392,
  "mmd_low": -7.807438495028969e-07,
  "mmd_high": 0.020089463753934292,
  "mmd_runtime_seconds": 5.568384,
  "mmd_runtime_perf_seconds": 5.568384
}