{
  "dataset": "planar",
  "model": "test",
  "subsample_size": 8,
  "descriptor": "degree",
  "variant": "biased",
  "num_bootstrap": 100,
  "mmd_mean": 0.2522862406234133,
  "mmd_std": 0.009547066691239942,
  "mmd_low": 0.25,
  "mmd_high": 0.2698909830228956,
  "mmd_runtime_seconds": 1.786246,
  "mmd_runtime_perf_seconds": 1.786246
}