{
  "dataset": "sbm",
  "model": "GRAN",
  "subsample_size": 8,
  "descriptor": "degree",
  "variant": "umve",
  "num_bootstrap": 100,
  "mmd_mean": 0.05529297965521785,
  "mmd_std": 0.06108126122857632,
  "mmd_low": -9.025354875391627e-299,
  "mmd_high": 0.19268929480187127,
  "mmd_runtime_seconds": 3.111309,
  "mmd_runtime_perf_seconds": 3.111309
}