{
  "dataset": "lobster",
  "model": "GRAN",
  "subsample_size": 16,
  "descriptor": "orbit4",
  "variant": "biased",
  "num_bootstrap": 100,
  "mmd_mean": 0.26328018855442575,
  "mmd_std": 0.09286653350519646,
  "mmd_low": 0.13334264045086125,
  "mmd_high": 0.4757763325421417,
  "mmd_runtime_seconds": 1.676601,
  "mmd_runtime_perf_seconds": 1.676601
}