{
  "dataset": "sbm",
  "model": "ESGG",
  "subsample_size": 8,
  "descriptor": "clustering",
  "variant": "biased",
  "num_bootstrap": 100,
  "mmd_mean": 0.2623868136621699,
  "mmd_std": 0.017051274228002636,
  "mmd_low": 0.25,
  "mmd_high": 0.3019051993381599,
  "mmd_runtime_seconds": 7.139278,
  "mmd_runtime_perf_seconds": 7.139278
}