{
  "dataset": "planar",
  "model": "AUTOGRAPH",
  "subsample_size": 32,
  "descriptor": "orbit4",
  "variant": "biased",
  "num_bootstrap": 100,
  "mmd_mean": 0.06969938294747663,
  "mmd_std": 0.016923528412171623,
  "mmd_low": 0.06249840692953402,
  "mmd_high": 0.11800643674130591,
  "mmd_runtime_seconds": 3.878344,
  "mmd_runtime_perf_seconds": 3.878344
}