{
  "dataset": "planar",
  "model": "DIGRESS",
  "subsample_size": 64,
  "descriptor": "clustering",
  "variant": "biased",
  "num_bootstrap": 100,
  "mmd_mean": 0.04336820947827076,
  "mmd_std": 0.010804968718653886,
  "mmd_low": 0.03125,
  "mmd_high": 0.0672317077228328,
  "mmd_runtime_seconds": 10.168292,
  "mmd_runtime_perf_seconds": 10.168292
}