{
  "dataset": "lobster",
  "model": "ESGG",
  "subsample_size": 1024,
  "descriptor": "gin",
  "variant": "umve",
  "num_bootstrap": 100,
  "mmd_mean": 0.033515815656895286,
  "mmd_std": 0.0034157946733483287,
  "mmd_low": 0.028575876107274824,
  "mmd_high": 0.040735487943856535,
  "mmd_runtime_seconds": 79.736874,
  "mmd_runtime_perf_seconds": 79.736874
}