{
  "dataset": "sbm",
  "model": "AUTOGRAPH",
  "subsample_size": 64,
  "descriptor": "gin",
  "variant": "umve",
  "num_bootstrap": 100,
  "mmd_mean": 0.007626059897477324,
  "mmd_std": 0.011201907770269092,
  "mmd_low": -9.515490398749324e-05,
  "mmd_high": 0.04121270571512397,
  "mmd_runtime_seconds": 112.932708,
  "mmd_runtime_perf_seconds": 112.932708
}