{
  "dataset": "sbm",
  "model": "test",
  "subsample_size": 8,
  "descriptor": "clustering",
  "variant": "umve",
  "num_bootstrap": 100,
  "mmd_mean": 0.0012600952596582315,
  "mmd_std": 0.003179538000250862,
  "mmd_low": 0.0,
  "mmd_high": 0.010902470366178401,
  "mmd_runtime_seconds": 0.231355,
  "mmd_runtime_perf_seconds": 0.231355
}