{
  "dataset": "planar",
  "model": "DIGRESS",
  "subsample_size": 256,
  "descriptor": "clustering",
  "variant": "biased",
  "num_bootstrap": 100,
  "mmd_mean": 0.018756937945796436,
  "mmd_std": 0.004885875346686766,
  "mmd_low": 0.010587838055362375,
  "mmd_high": 0.02675551447982461,
  "mmd_runtime_seconds": 14.274038,
  "mmd_runtime_perf_seconds": 14.274038
}