{
  "dataset": "sbm",
  "model": "ESGG",
  "subsample_size": 2048,
  "descriptor": "clustering",
  "variant": "biased",
  "num_bootstrap": 100,
  "mmd_mean": 0.053752656782740785,
  "mmd_std": 0.001845459149681036,
  "mmd_low": 0.05021893179373765,
  "mmd_high": 0.057035734942891894,
  "mmd_runtime_seconds": 244.185746,
  "mmd_runtime_perf_seconds": 244.185746
}