{
  "dataset": "sbm",
  "model": "test",
  "subsample_size": 1024,
  "descriptor": "orbit5",
  "variant": "umve",
  "num_bootstrap": 100,
  "mmd_mean": 0.0002555262101309033,
  "mmd_std": 0.00038928349107646636,
  "mmd_low": -2.3769192823191945e-06,
  "mmd_high": 0.0014089745282328463,
  "mmd_runtime_seconds": 58.086988,
  "mmd_runtime_perf_seconds": 58.086988
}