{
  "dataset": "lobster",
  "model": "AUTOGRAPH",
  "subsample_size": 2048,
  "descriptor": "clustering",
  "variant": "biased",
  "num_bootstrap": 100,
  "mmd_mean": 4.815680922403143e-05,
  "mmd_std": 1.9504083953835605e-05,
  "mmd_low": 2.1592623298494207e-05,
  "mmd_high": 9.416004279658716e-05,
  "mmd_runtime_seconds": 210.478397,
  "mmd_runtime_perf_seconds": 210.478397
}