{
  "dataset": "planar",
  "model": "DIGRESS",
  "subsample_size": 16,
  "descriptor": "degree",
  "variant": "biased",
  "num_bootstrap": 100,
  "mmd_mean": 0.13792126724053058,
  "mmd_std": 0.022874605685989702,
  "mmd_low": 0.125,
  "mmd_high": 0.20340785902992034,
  "mmd_runtime_seconds": 3.95411,
  "mmd_runtime_perf_seconds": 3.95411
}