{
  "dataset": "planar",
  "model": "GRAN",
  "subsample_size": 1024,
  "descriptor": "spectral",
  "variant": "umve",
  "num_bootstrap": 100,
  "mmd_mean": 0.007817872726813443,
  "mmd_std": 0.0001381268768332402,
  "mmd_low": 0.007534136730205318,
  "mmd_high": 0.00806820571470802,
  "mmd_runtime_seconds": 70.520708,
  "mmd_runtime_perf_seconds": 70.520708
}