{
  "dataset": "planar",
  "model": "GRAN",
  "subsample_size": 32,
  "descriptor": "degree",
  "variant": "biased",
  "num_bootstrap": 100,
  "mmd_mean": 0.07230640934138835,
  "mmd_std": 0.007556144142550066,
  "mmd_low": 0.064453125,
  "mmd_high": 0.08529925051733675,
  "mmd_runtime_seconds": 2.445862,
  "mmd_runtime_perf_seconds": 2.445862
}