{
  "dataset": "planar",
  "model": "ESGG",
  "subsample_size": 1024,
  "descriptor": "spectral",
  "variant": "biased",
  "num_bootstrap": 100,
  "mmd_mean": 0.002272067880248556,
  "mmd_std": 0.00010482042439733829,
  "mmd_low": 0.002091270079479428,
  "mmd_high": 0.002497796144977182,
  "mmd_runtime_seconds": 69.405684,
  "mmd_runtime_perf_seconds": 69.405684
}