{
  "dataset": "sbm",
  "model": "ESGG",
  "subsample_size": 32,
  "descriptor": "orbit4",
  "variant": "biased",
  "num_bootstrap": 100,
  "mmd_mean": 0.11136737955670306,
  "mmd_std": 0.03818561718633861,
  "mmd_low": 0.06859724203164244,
  "mmd_high": 0.19172533590151772,
  "mmd_runtime_seconds": 2.217557,
  "mmd_runtime_perf_seconds": 2.217557
}