{
  "dataset": "lobster",
  "model": "AUTOGRAPH",
  "subsample_size": 256,
  "descriptor": "spectral",
  "variant": "biased",
  "num_bootstrap": 100,
  "mmd_mean": 0.013653815174499182,
  "mmd_std": 0.00497312761969647,
  "mmd_low": 0.00781304935448027,
  "mmd_high": 0.025041101119169004,
  "mmd_runtime_seconds": 16.91752,
  "mmd_runtime_perf_seconds": 16.91752
}