{
  "dataset": "sbm",
  "model": "DIGRESS",
  "subsample_size": 4096,
  "descriptor": "orbit4",
  "variant": "umve",
  "num_bootstrap": 100,
  "mmd_mean": 0.004934576876370266,
  "mmd_std": 0.001042105934071997,
  "mmd_low": 0.002962769759960143,
  "mmd_high": 0.0071770917289201855,
  "mmd_runtime_seconds": 928.460528,
  "mmd_runtime_perf_seconds": 928.460528
}