{
  "dataset": "lobster",
  "model": "DIGRESS",
  "subsample_size": 16,
  "descriptor": "degree",
  "variant": "biased",
  "num_bootstrap": 100,
  "mmd_mean": 0.13290534175611574,
  "mmd_std": 0.01761715712011448,
  "mmd_low": 0.125,
  "mmd_high": 0.17895271839965946,
  "mmd_runtime_seconds": 2.708217,
  "mmd_runtime_perf_seconds": 2.708217
}