{
  "dataset": "planar",
  "model": "ESGG",
  "subsample_size": 32,
  "descriptor": "spectral",
  "variant": "biased",
  "num_bootstrap": 100,
  "mmd_mean": 0.06250659815103171,
  "mmd_std": 1.3810268852052574e-05,
  "mmd_low": 0.0625,
  "mmd_high": 0.06254722130272615,
  "mmd_runtime_seconds": 8.776115,
  "mmd_runtime_perf_seconds": 8.776115
}