{
  "dataset": "lobster",
  "model": "test",
  "subsample_size": 512,
  "descriptor": "orbit5",
  "variant": "biased",
  "num_bootstrap": 100,
  "mmd_mean": 0.004503445251627427,
  "mmd_std": 0.0009229340500437951,
  "mmd_low": 0.0037679815005957663,
  "mmd_high": 0.007069676364669845,
  "mmd_runtime_seconds": 11.06697,
  "mmd_runtime_perf_seconds": 11.06697
}