{
  "dataset": "planar",
  "model": "GRAN",
  "subsample_size": 32,
  "descriptor": "spectral",
  "variant": "umve",
  "num_bootstrap": 100,
  "mmd_mean": 0.0078012272978872635,
  "mmd_std": 0.0036111596811618015,
  "mmd_low": 0.002016129032258219,
  "mmd_high": 0.01540162249876792,
  "mmd_runtime_seconds": 16.611782,
  "mmd_runtime_perf_seconds": 16.611782
}