{
  "dataset": "planar",
  "model": "DIGRESS",
  "subsample_size": 128,
  "descriptor": "gin",
  "variant": "biased",
  "num_bootstrap": 100,
  "mmd_mean": 0.039201796346573475,
  "mmd_std": 0.013427841196742262,
  "mmd_low": 0.01944099139700175,
  "mmd_high": 0.06300186522887986,
  "mmd_runtime_seconds": 52.405548,
  "mmd_runtime_perf_seconds": 52.405548
}