{
  "dataset": "sbm",
  "model": "test",
  "subsample_size": 128,
  "descriptor": "gin",
  "variant": "umve",
  "num_bootstrap": 100,
  "mmd_mean": 0.0032048896953043456,
  "mmd_std": 0.004706193234737545,
  "mmd_low": -6.133831115590072e-05,
  "mmd_high": 0.01507288672250035,
  "mmd_runtime_seconds": 31.537881,
  "mmd_runtime_perf_seconds": 31.537881
}