{
  "dataset": "lobster",
  "model": "test",
  "subsample_size": 4096,
  "descriptor": "spectral",
  "variant": "biased",
  "num_bootstrap": 100,
  "mmd_mean": 0.0004933944192785305,
  "mmd_std": 2.1293973044626902e-05,
  "mmd_low": 0.000486481189711956,
  "mmd_high": 0.000519848175258384,
  "mmd_runtime_seconds": 791.344678,
  "mmd_runtime_perf_seconds": 791.344678
}