{
  "dataset": "lobster",
  "model": "test",
  "subsample_size": 4096,
  "descriptor": "degree",
  "variant": "biased",
  "num_bootstrap": 100,
  "mmd_mean": 0.0005027815690816658,
  "mmd_std": 3.762691096671557e-05,
  "mmd_low": 0.00048612950291674473,
  "mmd_high": 0.0005835423604980321,
  "mmd_runtime_seconds": 733.224288,
  "mmd_runtime_perf_seconds": 733.224288
}