{
  "dataset": "planar",
  "model": "test",
  "subsample_size": 8,
  "descriptor": "spectral",
  "variant": "umve",
  "num_bootstrap": 100,
  "mmd_mean": 0.0067107001321233695,
  "mmd_std": 0.008072893784975489,
  "mmd_low": 0.0,
  "mmd_high": 0.024639792985660495,
  "mmd_runtime_seconds": 0.176427,
  "mmd_runtime_perf_seconds": 0.176427
}