{
  "dataset": "sbm",
  "model": "AUTOGRAPH",
  "subsample_size": 4096,
  "descriptor": "degree",
  "variant": "biased",
  "num_bootstrap": 100,
  "mmd_mean": 0.0008011425090658153,
  "mmd_std": 0.0001742609391160884,
  "mmd_low": 0.0005394122520518574,
  "mmd_high": 0.001162587731156317,
  "mmd_runtime_seconds": 935.515723,
  "mmd_runtime_perf_seconds": 935.515723
}