{
  "dataset": "lobster",
  "model": "AUTOGRAPH",
  "subsample_size": 8,
  "descriptor": "spectral",
  "variant": "umve",
  "num_bootstrap": 100,
  "mmd_mean": 0.03969230999777701,
  "mmd_std": 0.05375572612636615,
  "mmd_low": -3.415223495205515e-228,
  "mmd_high": 0.19429848519960702,
  "mmd_runtime_seconds": 16.637847,
  "mmd_runtime_perf_seconds": 16.637847
}