{
  "dataset": "lobster",
  "model": "ESGG",
  "subsample_size": 64,
  "descriptor": "orbit4",
  "variant": "umve",
  "num_bootstrap": 100,
  "mmd_mean": 0.2231489972347304,
  "mmd_std": 0.06457088748650926,
  "mmd_low": 0.11775334786670391,
  "mmd_high": 0.3555856845409418,
  "mmd_runtime_seconds": 1.21505,
  "mmd_runtime_perf_seconds": 1.21505
}