{
  "dataset": "sbm",
  "model": "test",
  "subsample_size": 256,
  "descriptor": "degree",
  "variant": "biased",
  "num_bootstrap": 100,
  "mmd_mean": 0.007859794604853709,
  "mmd_std": 0.00012824909326561744,
  "mmd_low": 0.0078125,
  "mmd_high": 0.008273449208672057,
  "mmd_runtime_seconds": 5.2698,
  "mmd_runtime_perf_seconds": 5.2698
}