{
  "dataset": "lobster",
  "model": "test",
  "subsample_size": 64,
  "descriptor": "spectral",
  "variant": "umve",
  "num_bootstrap": 100,
  "mmd_mean": 0.0010810589960609316,
  "mmd_std": 0.0014192401770761892,
  "mmd_low": 7.750496026227934e-06,
  "mmd_high": 0.005777447656026124,
  "mmd_runtime_seconds": 1.359556,
  "mmd_runtime_perf_seconds": 1.359556
}