{
  "dataset": "sbm",
  "model": "AUTOGRAPH",
  "subsample_size": 512,
  "descriptor": "spectral",
  "variant": "umve",
  "num_bootstrap": 100,
  "mmd_mean": 0.00022746129102492723,
  "mmd_std": 0.00036250909295251614,
  "mmd_low": 0.0,
  "mmd_high": 0.0009676216575903475,
  "mmd_runtime_seconds": 46.129712,
  "mmd_runtime_perf_seconds": 46.129712
}