{
  "dataset": "sbm",
  "model": "ESGG",
  "subsample_size": 512,
  "descriptor": "clustering",
  "variant": "umve",
  "num_bootstrap": 100,
  "mmd_mean": 0.05283355239414897,
  "mmd_std": 0.003987978012023877,
  "mmd_low": 0.046376281696914746,
  "mmd_high": 0.060257991066275135,
  "mmd_runtime_seconds": 31.401725,
  "mmd_runtime_perf_seconds": 31.401725
}