{
  "dataset": "sbm",
  "model": "GRAN",
  "subsample_size": 64,
  "descriptor": "orbit4",
  "variant": "biased",
  "num_bootstrap": 100,
  "mmd_mean": 0.06600556368860416,
  "mmd_std": 0.02796269328304094,
  "mmd_low": 0.031084942300540663,
  "mmd_high": 0.13095483311678702,
  "mmd_runtime_seconds": 5.548815,
  "mmd_runtime_perf_seconds": 5.548815
}