{
  "dataset": "lobster",
  "model": "DIGRESS",
  "subsample_size": 1024,
  "descriptor": "orbit5",
  "variant": "biased",
  "num_bootstrap": 100,
  "mmd_mean": 0.002511653533922597,
  "mmd_std": 0.0008258379838089031,
  "mmd_low": 0.001882622645956799,
  "mmd_high": 0.004348265638410742,
  "mmd_runtime_seconds": 60.949496,
  "mmd_runtime_perf_seconds": 60.949496
}