{
  "dataset": "sbm",
  "model": "ESGG",
  "subsample_size": 64,
  "descriptor": "degree",
  "variant": "biased",
  "num_bootstrap": 100,
  "mmd_mean": 0.052945909234539734,
  "mmd_std": 0.015119321704680734,
  "mmd_low": 0.0327521658805851,
  "mmd_high": 0.0892135871034172,
  "mmd_runtime_seconds": 2.55443,
  "mmd_runtime_perf_seconds": 2.55443
}