{
  "dataset": "planar",
  "model": "GRAN",
  "subsample_size": 8,
  "descriptor": "orbit5",
  "variant": "umve",
  "num_bootstrap": 100,
  "mmd_mean": 0.056913966572917786,
  "mmd_std": 0.0689789658633165,
  "mmd_low": -7.444743032496906e-25,
  "mmd_high": 0.22250076527309035,
  "mmd_runtime_seconds": 4.598001,
  "mmd_runtime_perf_seconds": 4.598001
}