{
  "dataset": "planar",
  "model": "ESGG",
  "subsample_size": 64,
  "descriptor": "spectral",
  "variant": "umve",
  "num_bootstrap": 100,
  "mmd_mean": 0.0010337853632411392,
  "mmd_std": 0.001267413347397362,
  "mmd_low": 0.0,
  "mmd_high": 0.004304452240528137,
  "mmd_runtime_seconds": 9.549611,
  "mmd_runtime_perf_seconds": 9.549611
}