{
  "dataset": "lobster",
  "model": "GRAN",
  "subsample_size": 1024,
  "descriptor": "orbit5",
  "variant": "umve",
  "num_bootstrap": 100,
  "mmd_mean": 0.17860799138021313,
  "mmd_std": 0.010007174525257468,
  "mmd_low": 0.15824038815077557,
  "mmd_high": 0.19382385549045553,
  "mmd_runtime_seconds": 40.898397,
  "mmd_runtime_perf_seconds": 40.898397
}