{
  "dataset": "planar",
  "model": "test",
  "subsample_size": 32,
  "descriptor": "orbit5",
  "variant": "biased",
  "num_bootstrap": 100,
  "mmd_mean": 0.06941622181416673,
  "mmd_std": 0.012363963175200846,
  "mmd_low": 0.062499999999790244,
  "mmd_high": 0.10891142903436668,
  "mmd_runtime_seconds": 0.333288,
  "mmd_runtime_perf_seconds": 0.333288
}