{
  "dataset": "sbm",
  "model": "AUTOGRAPH",
  "subsample_size": 128,
  "descriptor": "clustering",
  "variant": "biased",
  "num_bootstrap": 100,
  "mmd_mean": 0.015767883691157912,
  "mmd_std": 0.0005687585680165215,
  "mmd_low": 0.015625,
  "mmd_high": 0.016522942134546602,
  "mmd_runtime_seconds": 26.772975,
  "mmd_runtime_perf_seconds": 26.772975
}