{
  "dataset": "sbm",
  "model": "test",
  "subsample_size": 64,
  "descriptor": "spectral",
  "variant": "umve",
  "num_bootstrap": 100,
  "mmd_mean": 0.0009203175501776161,
  "mmd_std": 0.001147388703557765,
  "mmd_low": 0.0,
  "mmd_high": 0.003959346531211923,
  "mmd_runtime_seconds": 2.293382,
  "mmd_runtime_perf_seconds": 2.293382
}