{
  "dataset": "planar",
  "model": "GRAN",
  "subsample_size": 4096,
  "descriptor": "clustering",
  "variant": "biased",
  "num_bootstrap": 100,
  "mmd_mean": 0.00838489462970439,
  "mmd_std": 3.825147032827758e-05,
  "mmd_low": 0.008329286169998033,
  "mmd_high": 0.00845959842231954,
  "mmd_runtime_seconds": 697.040388,
  "mmd_runtime_perf_seconds": 697.040388
}