{
  "dataset": "lobster",
  "model": "ESGG",
  "subsample_size": 2048,
  "descriptor": "spectral",
  "variant": "biased",
  "num_bootstrap": 100,
  "mmd_mean": 0.0720351101317175,
  "mmd_std": 0.004462444099870718,
  "mmd_low": 0.063169840782011,
  "mmd_high": 0.08037566817727723,
  "mmd_runtime_seconds": 217.381008,
  "mmd_runtime_perf_seconds": 217.381008
}