{
  "dataset": "sbm",
  "model": "AUTOGRAPH",
  "subsample_size": 4096,
  "descriptor": "spectral",
  "variant": "umve",
  "num_bootstrap": 100,
  "mmd_mean": 0.00016353426987005925,
  "mmd_std": 7.26022177422406e-05,
  "mmd_low": 6.937158845463921e-05,
  "mmd_high": 0.00033105438407437496,
  "mmd_runtime_seconds": 1026.601596,
  "mmd_runtime_perf_seconds": 1026.601596
}