{
  "dataset": "planar",
  "model": "test",
  "subsample_size": 256,
  "descriptor": "orbit5",
  "variant": "umve",
  "num_bootstrap": 100,
  "mmd_mean": 0.0005792034129708183,
  "mmd_std": 0.0009182387974047734,
  "mmd_low": -4.599367896971353e-08,
  "mmd_high": 0.002561237888226135,
  "mmd_runtime_seconds": 3.131915,
  "mmd_runtime_perf_seconds": 3.131915
}