{
  "dataset": "planar",
  "model": "GRAN",
  "subsample_size": 256,
  "descriptor": "clustering",
  "variant": "umve",
  "num_bootstrap": 100,
  "mmd_mean": 0.008240873378361584,
  "mmd_std": 0.0012720855074511233,
  "mmd_low": 0.007079799769767315,
  "mmd_high": 0.012270573974884513,
  "mmd_runtime_seconds": 13.030863,
  "mmd_runtime_perf_seconds": 13.030863
}