{
  "dataset": "sbm",
  "model": "ESGG",
  "subsample_size": 2048,
  "descriptor": "gin",
  "variant": "biased",
  "num_bootstrap": 100,
  "mmd_mean": 0.4321611008055106,
  "mmd_std": 0.009913860855728126,
  "mmd_low": 0.4116291343803295,
  "mmd_high": 0.4512910873647753,
  "mmd_runtime_seconds": 633.160228,
  "mmd_runtime_perf_seconds": 633.160228
}