{
  "dataset": "lobster",
  "model": "test",
  "subsample_size": 2048,
  "descriptor": "orbit5",
  "variant": "umve",
  "num_bootstrap": 100,
  "mmd_mean": 4.112695714708563e-05,
  "mmd_std": 9.385061541488561e-05,
  "mmd_low": -4.126377378538271e-06,
  "mmd_high": 0.0002404796658157068,
  "mmd_runtime_seconds": 159.396027,
  "mmd_runtime_perf_seconds": 159.396027
}