{
  "dataset": "lobster",
  "model": "ESGG",
  "subsample_size": 512,
  "descriptor": "degree",
  "variant": "umve",
  "num_bootstrap": 100,
  "mmd_mean": 0.09448271213302474,
  "mmd_std": 0.010937586650841151,
  "mmd_low": 0.07484732410005002,
  "mmd_high": 0.11599324549348207,
  "mmd_runtime_seconds": 15.139755,
  "mmd_runtime_perf_seconds": 15.139755
}