{
  "dataset": "lobster",
  "model": "test",
  "subsample_size": 2048,
  "descriptor": "orbit5",
  "variant": "biased",
  "num_bootstrap": 100,
  "mmd_mean": 0.0009784667047173657,
  "mmd_std": 6.364742233594528e-05,
  "mmd_low": 0.0009172494143334735,
  "mmd_high": 0.0010737247360076917,
  "mmd_runtime_seconds": 161.137036,
  "mmd_runtime_perf_seconds": 161.137036
}