{
  "dataset": "sbm",
  "model": "GRAN",
  "subsample_size": 16,
  "descriptor": "orbit4",
  "variant": "umve",
  "num_bootstrap": 100,
  "mmd_mean": 0.049514971950878194,
  "mmd_std": 0.050215125305473014,
  "mmd_low": -0.00021577455744031733,
  "mmd_high": 0.2009969816553987,
  "mmd_runtime_seconds": 5.106072,
  "mmd_runtime_perf_seconds": 5.106072
}