{
  "dataset": "lobster",
  "model": "AUTOGRAPH",
  "subsample_size": 256,
  "descriptor": "gin",
  "variant": "biased",
  "num_bootstrap": 100,
  "mmd_mean": 0.01482752929830928,
  "mmd_std": 0.006372393862312369,
  "mmd_low": 0.007790981099379015,
  "mmd_high": 0.02904905436953305,
  "mmd_runtime_seconds": 25.013679,
  "mmd_runtime_perf_seconds": 25.013679
}