{
  "dataset": "planar",
  "model": "GRAN",
  "subsample_size": 256,
  "descriptor": "degree",
  "variant": "umve",
  "num_bootstrap": 100,
  "mmd_mean": 0.008398807793419729,
  "mmd_std": 0.0017643367095129825,
  "mmd_low": 0.006985464657054227,
  "mmd_high": 0.014461108470803808,
  "mmd_runtime_seconds": 5.597442,
  "mmd_runtime_perf_seconds": 5.597442
}