{
  "dataset": "lobster",
  "model": "ESGG",
  "subsample_size": 16,
  "descriptor": "degree",
  "variant": "biased",
  "num_bootstrap": 100,
  "mmd_mean": 0.16738869166847928,
  "mmd_std": 0.04730324657206697,
  "mmd_low": 0.125,
  "mmd_high": 0.28134044714883216,
  "mmd_runtime_seconds": 2.102341,
  "mmd_runtime_perf_seconds": 2.102341
}