{
  "dataset": "planar",
  "model": "AUTOGRAPH",
  "subsample_size": 2048,
  "descriptor": "spectral",
  "variant": "biased",
  "num_bootstrap": 100,
  "mmd_mean": 0.0016133176730561494,
  "mmd_std": 7.89085622849473e-05,
  "mmd_low": 0.001454814803026934,
  "mmd_high": 0.0017628969719663656,
  "mmd_runtime_seconds": 269.016182,
  "mmd_runtime_perf_seconds": 269.016182
}