{
  "dataset": "planar",
  "model": "GRAN",
  "subsample_size": 256,
  "descriptor": "orbit4",
  "variant": "umve",
  "num_bootstrap": 100,
  "mmd_mean": 0.011348247965483192,
  "mmd_std": 0.005068871119688726,
  "mmd_low": 0.007320794258339918,
  "mmd_high": 0.025298020986049583,
  "mmd_runtime_seconds": 5.244934,
  "mmd_runtime_perf_seconds": 5.244934
}