{
  "dataset": "sbm",
  "model": "GRAN",
  "subsample_size": 32,
  "descriptor": "gin",
  "variant": "umve",
  "num_bootstrap": 100,
  "mmd_mean": 0.05964037819850873,
  "mmd_std": 0.03430298434471695,
  "mmd_low": 0.009754192640791661,
  "mmd_high": 0.13746114289925643,
  "mmd_runtime_seconds": 103.772688,
  "mmd_runtime_perf_seconds": 103.772688
}