{
  "dataset": "sbm",
  "model": "AUTOGRAPH",
  "subsample_size": 8,
  "descriptor": "orbit4",
  "variant": "umve",
  "num_bootstrap": 100,
  "mmd_mean": 0.0566750185947446,
  "mmd_std": 0.09490891370198076,
  "mmd_low": -9.398498920537179e-05,
  "mmd_high": 0.33596116278891536,
  "mmd_runtime_seconds": 7.678707,
  "mmd_runtime_perf_seconds": 7.678707
}