{
  "dataset": "sbm",
  "model": "test",
  "subsample_size": 1024,
  "descriptor": "clustering",
  "variant": "biased",
  "num_bootstrap": 100,
  "mmd_mean": 0.001975601942881628,
  "mmd_std": 7.173397452769397e-05,
  "mmd_low": 0.001953125,
  "mmd_high": 0.002113591562918135,
  "mmd_runtime_seconds": 70.102034,
  "mmd_runtime_perf_seconds": 70.102034
}