{
  "dataset": "sbm",
  "model": "DIGRESS",
  "subsample_size": 64,
  "descriptor": "degree",
  "variant": "umve",
  "num_bootstrap": 100,
  "mmd_mean": 0.00504205295805684,
  "mmd_std": 0.0070761929381527415,
  "mmd_low": -2.7752595769595545e-134,
  "mmd_high": 0.025020034879424623,
  "mmd_runtime_seconds": 3.343717,
  "mmd_runtime_perf_seconds": 3.343717
}