{
  "dataset": "planar",
  "model": "ESGG",
  "subsample_size": 4096,
  "descriptor": "orbit4",
  "variant": "biased",
  "num_bootstrap": 100,
  "mmd_mean": 0.031164808389114732,
  "mmd_std": 0.001357151939701217,
  "mmd_low": 0.02811365410245844,
  "mmd_high": 0.03359761081460164,
  "mmd_runtime_seconds": 744.747229,
  "mmd_runtime_perf_seconds": 744.747229
}