{
  "dataset": "sbm",
  "model": "DIGRESS",
  "subsample_size": 8,
  "descriptor": "orbit4",
  "variant": "umve",
  "num_bootstrap": 100,
  "mmd_mean": 0.05368645318223356,
  "mmd_std": 0.07493322086136849,
  "mmd_low": -2.519026379916049e-05,
  "mmd_high": 0.264220539595802,
  "mmd_runtime_seconds": 7.580438,
  "mmd_runtime_perf_seconds": 7.580438
}