{
  "dataset": "sbm",
  "model": "GRAN",
  "subsample_size": 8,
  "descriptor": "spectral",
  "variant": "umve",
  "num_bootstrap": 100,
  "mmd_mean": 0.011823654272846438,
  "mmd_std": 0.015038009698674413,
  "mmd_low": 0.0,
  "mmd_high": 0.05454696762925435,
  "mmd_runtime_seconds": 25.364079,
  "mmd_runtime_perf_seconds": 25.364079
}