{
  "dataset": "lobster",
  "model": "GRAN",
  "subsample_size": 16,
  "descriptor": "clustering",
  "variant": "umve",
  "num_bootstrap": 100,
  "mmd_mean": 0.007585263415585759,
  "mmd_std": 0.01207547788408774,
  "mmd_low": 0.0,
  "mmd_high": 0.04333934418315065,
  "mmd_runtime_seconds": 3.641757,
  "mmd_runtime_perf_seconds": 3.641757
}