{
  "dataset": "sbm",
  "model": "ESGG",
  "subsample_size": 32,
  "descriptor": "orbit5",
  "variant": "biased",
  "num_bootstrap": 100,
  "mmd_mean": 0.14020291120228026,
  "mmd_std": 0.038582503881783775,
  "mmd_low": 0.08228058927248254,
  "mmd_high": 0.22099900480693416,
  "mmd_runtime_seconds": 5.437937,
  "mmd_runtime_perf_seconds": 5.437937
}