{
  "dataset": "lobster",
  "model": "AUTOGRAPH",
  "subsample_size": 32,
  "descriptor": "orbit5",
  "variant": "umve",
  "num_bootstrap": 100,
  "mmd_mean": 0.016823377683534646,
  "mmd_std": 0.02134548782196679,
  "mmd_low": -0.0002546193709409783,
  "mmd_high": 0.07012388328148467,
  "mmd_runtime_seconds": 3.721189,
  "mmd_runtime_perf_seconds": 3.721189
}