{
  "dataset": "sbm",
  "model": "GRAN",
  "subsample_size": 8,
  "descriptor": "orbit5",
  "variant": "biased",
  "num_bootstrap": 100,
  "mmd_mean": 0.2974456119984228,
  "mmd_std": 0.07736018807832301,
  "mmd_low": 0.24290109442223223,
  "mmd_high": 0.5302972319067513,
  "mmd_runtime_seconds": 15.104231,
  "mmd_runtime_perf_seconds": 15.104231
}