{
  "dataset": "lobster",
  "model": "GRAN",
  "subsample_size": 1024,
  "descriptor": "degree",
  "variant": "umve",
  "num_bootstrap": 100,
  "mmd_mean": 0.3012194475935804,
  "mmd_std": 0.01197199572693286,
  "mmd_low": 0.2788875857806414,
  "mmd_high": 0.32465427848391687,
  "mmd_runtime_seconds": 48.075148,
  "mmd_runtime_perf_seconds": 48.075148
}