{
  "dataset": "lobster",
  "model": "test",
  "subsample_size": 2048,
  "descriptor": "gin",
  "variant": "biased",
  "num_bootstrap": 100,
  "mmd_mean": 0.0010192647875715418,
  "mmd_std": 8.970872095862138e-05,
  "mmd_low": 0.0009641416285147919,
  "mmd_high": 0.0012479824368093017,
  "mmd_runtime_seconds": 263.667493,
  "mmd_runtime_perf_seconds": 263.667493
}