{
  "dataset": "sbm",
  "model": "GRAN",
  "subsample_size": 2048,
  "descriptor": "clustering",
  "variant": "umve",
  "num_bootstrap": 100,
  "mmd_mean": 0.04455504398919972,
  "mmd_std": 0.002055983387858089,
  "mmd_low": 0.04046756895258697,
  "mmd_high": 0.04866710204072031,
  "mmd_runtime_seconds": 234.83594,
  "mmd_runtime_perf_seconds": 234.83594
}