{
  "dataset": "sbm",
  "model": "GRAN",
  "subsample_size": 4096,
  "descriptor": "degree",
  "variant": "biased",
  "num_bootstrap": 100,
  "mmd_mean": 0.05085057364467068,
  "mmd_std": 0.001705712675399689,
  "mmd_low": 0.04792838932425604,
  "mmd_high": 0.05457564724631186,
  "mmd_runtime_seconds": 654.091571,
  "mmd_runtime_perf_seconds": 654.091571
}