{
  "dataset": "lobster",
  "model": "test",
  "subsample_size": 8,
  "descriptor": "spectral",
  "variant": "biased",
  "num_bootstrap": 100,
  "mmd_mean": 0.2522165758595882,
  "mmd_std": 0.009592987131454707,
  "mmd_low": 0.25,
  "mmd_high": 0.2757668906741152,
  "mmd_runtime_seconds": 0.164343,
  "mmd_runtime_perf_seconds": 0.164343
}