{
  "dataset": "lobster",
  "model": "DIGRESS",
  "subsample_size": 512,
  "descriptor": "spectral",
  "variant": "biased",
  "num_bootstrap": 100,
  "mmd_mean": 0.004090844803849069,
  "mmd_std": 0.0004896300269810368,
  "mmd_low": 0.0038909912109373794,
  "mmd_high": 0.005875822827901924,
  "mmd_runtime_seconds": 31.917247,
  "mmd_runtime_perf_seconds": 31.917247
}