{
  "dataset": "lobster",
  "model": "ESGG",
  "subsample_size": 16,
  "descriptor": "orbit5",
  "variant": "umve",
  "num_bootstrap": 100,
  "mmd_mean": 0.19204983588248223,
  "mmd_std": 0.0887850345075331,
  "mmd_low": 0.05106556421388301,
  "mmd_high": 0.37988412489679524,
  "mmd_runtime_seconds": 1.114711,
  "mmd_runtime_perf_seconds": 1.114711
}