{
  "dataset": "planar",
  "model": "GRAN",
  "subsample_size": 512,
  "descriptor": "gin",
  "variant": "umve",
  "num_bootstrap": 100,
  "mmd_mean": 0.010220967277200859,
  "mmd_std": 0.002762621056231277,
  "mmd_low": 0.007424246638902931,
  "mmd_high": 0.017611517746195005,
  "mmd_runtime_seconds": 87.21453,
  "mmd_runtime_perf_seconds": 87.21453
}