{
  "dataset": "lobster",
  "model": "ESGG",
  "subsample_size": 16,
  "descriptor": "gin",
  "variant": "umve",
  "num_bootstrap": 100,
  "mmd_mean": 0.03894434185285874,
  "mmd_std": 0.04283607864977093,
  "mmd_low": -7.736146650107451e-10,
  "mmd_high": 0.14325128337714307,
  "mmd_runtime_seconds": 8.212432,
  "mmd_runtime_perf_seconds": 8.212432
}