{
  "dataset": "sbm",
  "model": "GRAN",
  "subsample_size": 8,
  "descriptor": "orbit5",
  "variant": "umve",
  "num_bootstrap": 100,
  "mmd_mean": 0.09526042851422659,
  "mmd_std": 0.10609673423698533,
  "mmd_low": -0.0006028807248877751,
  "mmd_high": 0.36531175367547464,
  "mmd_runtime_seconds": 15.285916,
  "mmd_runtime_perf_seconds": 15.285916
}