{
  "dataset": "planar",
  "model": "GRAN",
  "subsample_size": 8,
  "descriptor": "spectral",
  "variant": "umve",
  "num_bootstrap": 100,
  "mmd_mean": 0.011975295700153179,
  "mmd_std": 0.015409467022055364,
  "mmd_low": 0.0,
  "mmd_high": 0.03881048999341954,
  "mmd_runtime_seconds": 16.443795,
  "mmd_runtime_perf_seconds": 16.443795
}