{
  "dataset": "sbm",
  "model": "DIGRESS",
  "subsample_size": 8,
  "descriptor": "clustering",
  "variant": "biased",
  "num_bootstrap": 100,
  "mmd_mean": 0.25103305412408344,
  "mmd_std": 0.0035912578819928135,
  "mmd_low": 0.25,
  "mmd_high": 0.2546648262895276,
  "mmd_runtime_seconds": 23.821657,
  "mmd_runtime_perf_seconds": 23.821657
}