{
  "dataset": "planar",
  "model": "AUTOGRAPH",
  "subsample_size": 8,
  "descriptor": "gin",
  "variant": "umve",
  "num_bootstrap": 100,
  "mmd_mean": 0.06809619121051352,
  "mmd_std": 0.10666669872162855,
  "mmd_low": -5.594945892058768e-05,
  "mmd_high": 0.3808377399623488,
  "mmd_runtime_seconds": 36.83245,
  "mmd_runtime_perf_seconds": 36.83245
}