{
  "dataset": "sbm",
  "model": "test",
  "subsample_size": 512,
  "descriptor": "spectral",
  "variant": "biased",
  "num_bootstrap": 100,
  "mmd_mean": 0.003994096155791542,
  "mmd_std": 0.0001561712028133388,
  "mmd_low": 0.00390625,
  "mmd_high": 0.004467563548518406,
  "mmd_runtime_seconds": 24.762007,
  "mmd_runtime_perf_seconds": 24.762007
}