{
  "dataset": "lobster",
  "model": "GRAN",
  "subsample_size": 64,
  "descriptor": "degree",
  "variant": "biased",
  "num_bootstrap": 100,
  "mmd_mean": 0.31910272169463355,
  "mmd_std": 0.04612859731351799,
  "mmd_low": 0.24054887660260213,
  "mmd_high": 0.41586408256174145,
  "mmd_runtime_seconds": 2.772385,
  "mmd_runtime_perf_seconds": 2.772385
}