{
  "dataset": "sbm",
  "model": "GRAN",
  "subsample_size": 512,
  "descriptor": "orbit4",
  "variant": "umve",
  "num_bootstrap": 100,
  "mmd_mean": 0.03736965273139825,
  "mmd_std": 0.008781379294082936,
  "mmd_low": 0.022553080323783847,
  "mmd_high": 0.053884491612319355,
  "mmd_runtime_seconds": 16.095923,
  "mmd_runtime_perf_seconds": 16.095923
}