{
  "dataset": "planar",
  "model": "AUTOGRAPH",
  "subsample_size": 64,
  "descriptor": "spectral",
  "variant": "umve",
  "num_bootstrap": 100,
  "mmd_mean": 0.001429141585987396,
  "mmd_std": 0.0015544589599719458,
  "mmd_low": 0.0,
  "mmd_high": 0.0047898177130767045,
  "mmd_runtime_seconds": 18.776787,
  "mmd_runtime_perf_seconds": 18.776787
}