{
  "dataset": "planar",
  "model": "AUTOGRAPH",
  "subsample_size": 1024,
  "descriptor": "degree",
  "variant": "biased",
  "num_bootstrap": 100,
  "mmd_mean": 0.002633321728073133,
  "mmd_std": 0.0007337674805062376,
  "mmd_low": 0.0019483089447021485,
  "mmd_high": 0.004515222450924221,
  "mmd_runtime_seconds": 60.263419,
  "mmd_runtime_perf_seconds": 60.263419
}