{
  "dataset": "planar",
  "model": "ESGG",
  "subsample_size": 1024,
  "descriptor": "clustering",
  "variant": "umve",
  "num_bootstrap": 100,
  "mmd_mean": 0.003435847648756398,
  "mmd_std": 0.0012931556133472597,
  "mmd_low": 0.0011292588617204614,
  "mmd_high": 0.005448698626504077,
  "mmd_runtime_seconds": 61.655488,
  "mmd_runtime_perf_seconds": 61.655488
}