{
  "dataset": "planar",
  "model": "DIGRESS",
  "subsample_size": 32,
  "descriptor": "spectral",
  "variant": "umve",
  "num_bootstrap": 100,
  "mmd_mean": 0.0018941928559109997,
  "mmd_std": 0.002422704229183459,
  "mmd_low": 0.0,
  "mmd_high": 0.007934769776085397,
  "mmd_runtime_seconds": 17.477497,
  "mmd_runtime_perf_seconds": 17.477497
}