{
  "dataset": "sbm",
  "model": "DIGRESS",
  "subsample_size": 16,
  "descriptor": "orbit5",
  "variant": "umve",
  "num_bootstrap": 100,
  "mmd_mean": 0.04763587676258368,
  "mmd_std": 0.06888588780271394,
  "mmd_low": -0.00011454012253717858,
  "mmd_high": 0.22338155005598428,
  "mmd_runtime_seconds": 20.76328,
  "mmd_runtime_perf_seconds": 20.76328
}