{
  "dataset": "planar",
  "model": "GRAN",
  "subsample_size": 32,
  "descriptor": "spectral",
  "variant": "biased",
  "num_bootstrap": 100,
  "mmd_mean": 0.06947852224060622,
  "mmd_std": 0.003376584302086242,
  "mmd_low": 0.064453125,
  "mmd_high": 0.07619302744171677,
  "mmd_runtime_seconds": 16.56381,
  "mmd_runtime_perf_seconds": 16.56381
}