{
  "dataset": "sbm",
  "model": "AUTOGRAPH",
  "subsample_size": 8,
  "descriptor": "clustering",
  "variant": "biased",
  "num_bootstrap": 100,
  "mmd_mean": 0.2509716376575642,
  "mmd_std": 0.0037874129408794954,
  "mmd_low": 0.25,
  "mmd_high": 0.25449641837060943,
  "mmd_runtime_seconds": 22.556364,
  "mmd_runtime_perf_seconds": 22.556364
}