{
  "dataset": "lobster",
  "model": "ESGG",
  "subsample_size": 4096,
  "descriptor": "orbit4",
  "variant": "biased",
  "num_bootstrap": 100,
  "mmd_mean": 0.22249907636873842,
  "mmd_std": 0.006710659087752059,
  "mmd_low": 0.21021871833211228,
  "mmd_high": 0.2342993847558897,
  "mmd_runtime_seconds": 733.733055,
  "mmd_runtime_perf_seconds": 733.733055
}