{
  "dataset": "lobster",
  "model": "DIGRESS",
  "subsample_size": 16,
  "descriptor": "degree",
  "variant": "umve",
  "num_bootstrap": 100,
  "mmd_mean": 0.023442481987263192,
  "mmd_std": 0.031385128530965055,
  "mmd_low": -1.81650109389661e-91,
  "mmd_high": 0.09546679593218428,
  "mmd_runtime_seconds": 2.707842,
  "mmd_runtime_perf_seconds": 2.707842
}