{
  "dataset": "sbm",
  "model": "DIGRESS",
  "subsample_size": 128,
  "descriptor": "degree",
  "variant": "umve",
  "num_bootstrap": 100,
  "mmd_mean": 0.0031430321250050454,
  "mmd_std": 0.0037747142032658085,
  "mmd_low": -4.2779799162607075e-115,
  "mmd_high": 0.013575262252100437,
  "mmd_runtime_seconds": 3.947378,
  "mmd_runtime_perf_seconds": 3.947378
}