{
  "dataset": "sbm",
  "model": "test",
  "subsample_size": 32,
  "descriptor": "orbit5",
  "variant": "biased",
  "num_bootstrap": 100,
  "mmd_mean": 0.07073650559151223,
  "mmd_std": 0.01765185551134367,
  "mmd_low": 0.06243414445339312,
  "mmd_high": 0.1048309046846664,
  "mmd_runtime_seconds": 0.910205,
  "mmd_runtime_perf_seconds": 0.910205
}