{
  "dataset": "sbm",
  "model": "ESGG",
  "subsample_size": 4096,
  "descriptor": "spectral",
  "variant": "umve",
  "num_bootstrap": 100,
  "mmd_mean": 0.04780278873867377,
  "mmd_std": 0.0012121409661654283,
  "mmd_low": 0.04551807339509336,
  "mmd_high": 0.050214871166408465,
  "mmd_runtime_seconds": 843.053085,
  "mmd_runtime_perf_seconds": 843.053085
}