{
  "dataset": "planar",
  "model": "ESGG",
  "subsample_size": 512,
  "descriptor": "gin",
  "variant": "umve",
  "num_bootstrap": 100,
  "mmd_mean": 0.034505149277325925,
  "mmd_std": 0.007565557659983521,
  "mmd_low": 0.021820674740878638,
  "mmd_high": 0.05205808661560936,
  "mmd_runtime_seconds": 69.926947,
  "mmd_runtime_perf_seconds": 69.926947
}