{
  "dataset": "lobster",
  "model": "DIGRESS",
  "subsample_size": 32,
  "descriptor": "orbit5",
  "variant": "umve",
  "num_bootstrap": 100,
  "mmd_mean": 0.01328818572027975,
  "mmd_std": 0.01693875287784061,
  "mmd_low": -0.0002706948277263199,
  "mmd_high": 0.06183504147308379,
  "mmd_runtime_seconds": 3.241655,
  "mmd_runtime_perf_seconds": 3.241655
}