{
  "dataset": "planar",
  "model": "test",
  "subsample_size": 128,
  "descriptor": "orbit5",
  "variant": "biased",
  "num_bootstrap": 100,
  "mmd_mean": 0.021097479680532626,
  "mmd_std": 0.004715739461780872,
  "mmd_low": 0.015625000004634536,
  "mmd_high": 0.03203381329004835,
  "mmd_runtime_seconds": 1.489973,
  "mmd_runtime_perf_seconds": 1.489973
}