{
  "dataset": "sbm",
  "model": "DIGRESS",
  "subsample_size": 8,
  "descriptor": "degree",
  "variant": "biased",
  "num_bootstrap": 100,
  "mmd_mean": 0.25469456141505675,
  "mmd_std": 0.014337269554491511,
  "mmd_low": 0.25,
  "mmd_high": 0.28365306950365227,
  "mmd_runtime_seconds": 3.690488,
  "mmd_runtime_perf_seconds": 3.690488
}