{
  "dataset": "lobster",
  "model": "GRAN",
  "subsample_size": 2048,
  "descriptor": "spectral",
  "variant": "biased",
  "num_bootstrap": 100,
  "mmd_mean": 0.23740783445821978,
  "mmd_std": 0.008406654123917168,
  "mmd_low": 0.2208692316067593,
  "mmd_high": 0.2525722017274835,
  "mmd_runtime_seconds": 201.101857,
  "mmd_runtime_perf_seconds": 201.101857
}