{
  "dataset": "sbm",
  "model": "test",
  "subsample_size": 256,
  "descriptor": "spectral",
  "variant": "biased",
  "num_bootstrap": 100,
  "mmd_mean": 0.007814444153220027,
  "mmd_std": 9.813951772577398e-06,
  "mmd_low": 0.0078125,
  "mmd_high": 0.007838491871102771,
  "mmd_runtime_seconds": 9.744814,
  "mmd_runtime_perf_seconds": 9.744814
}