{
  "dataset": "lobster",
  "model": "test",
  "subsample_size": 16,
  "descriptor": "degree",
  "variant": "biased",
  "num_bootstrap": 100,
  "mmd_mean": 0.1280191711819887,
  "mmd_std": 0.007077536769365947,
  "mmd_low": 0.125,
  "mmd_high": 0.14545669923969237,
  "mmd_runtime_seconds": 1.870156,
  "mmd_runtime_perf_seconds": 1.870156
}