{
  "dataset": "lobster",
  "model": "AUTOGRAPH",
  "subsample_size": 512,
  "descriptor": "orbit5",
  "variant": "umve",
  "num_bootstrap": 100,
  "mmd_mean": 0.00856646226274184,
  "mmd_std": 0.004262832119227013,
  "mmd_low": 0.0021404210202188145,
  "mmd_high": 0.01762386217823418,
  "mmd_runtime_seconds": 17.183256,
  "mmd_runtime_perf_seconds": 17.183256
}