{
  "dataset": "planar",
  "model": "test",
  "subsample_size": 256,
  "descriptor": "gin",
  "variant": "biased",
  "num_bootstrap": 100,
  "mmd_mean": 0.008329847955690585,
  "mmd_std": 0.001227049091333767,
  "mmd_low": 0.007721031098346404,
  "mmd_high": 0.012008270963165313,
  "mmd_runtime_seconds": 23.226626,
  "mmd_runtime_perf_seconds": 23.226626
}