{
  "dataset": "planar",
  "model": "DIGRESS",
  "subsample_size": 4096,
  "descriptor": "orbit5",
  "variant": "biased",
  "num_bootstrap": 100,
  "mmd_mean": 0.04251032723982747,
  "mmd_std": 0.0032037707215839474,
  "mmd_low": 0.03713015825807203,
  "mmd_high": 0.04873547525884272,
  "mmd_runtime_seconds": 920.537141,
  "mmd_runtime_perf_seconds": 920.537141
}