{
  "dataset": "planar",
  "model": "test",
  "subsample_size": 16,
  "descriptor": "orbit4",
  "variant": "umve",
  "num_bootstrap": 100,
  "mmd_mean": 0.04346082272000258,
  "mmd_std": 0.041803632514912745,
  "mmd_low": -1.5634710174814005e-13,
  "mmd_high": 0.16313150794785958,
  "mmd_runtime_seconds": 0.081042,
  "mmd_runtime_perf_seconds": 0.081042
}