{
  "dataset": "lobster",
  "model": "ESGG",
  "subsample_size": 32,
  "descriptor": "spectral",
  "variant": "umve",
  "num_bootstrap": 100,
  "mmd_mean": 0.07199412064296168,
  "mmd_std": 0.037554362989425445,
  "mmd_low": 0.012889245733017717,
  "mmd_high": 0.14153623420539777,
  "mmd_runtime_seconds": 8.052191,
  "mmd_runtime_perf_seconds": 8.052191
}