{
  "dataset": "sbm",
  "model": "DIGRESS",
  "subsample_size": 512,
  "descriptor": "spectral",
  "variant": "umve",
  "num_bootstrap": 100,
  "mmd_mean": 0.0003920354451103269,
  "mmd_std": 0.00028026858130336473,
  "mmd_low": 2.1497407036199646e-10,
  "mmd_high": 0.0011593568629487154,
  "mmd_runtime_seconds": 52.177212,
  "mmd_runtime_perf_seconds": 52.177212
}