{
  "dataset": "sbm",
  "model": "ESGG",
  "subsample_size": 64,
  "descriptor": "orbit4",
  "variant": "umve",
  "num_bootstrap": 100,
  "mmd_mean": 0.07227668601136215,
  "mmd_std": 0.03247604337474678,
  "mmd_low": 0.02717578200852892,
  "mmd_high": 0.14130228650408128,
  "mmd_runtime_seconds": 2.903173,
  "mmd_runtime_perf_seconds": 2.903173
}