{
  "dataset": "planar",
  "model": "GRAN",
  "subsample_size": 128,
  "descriptor": "spectral",
  "variant": "umve",
  "num_bootstrap": 100,
  "mmd_mean": 0.007911647860738868,
  "mmd_std": 0.0010103782773046293,
  "mmd_low": 0.0063268946850394085,
  "mmd_high": 0.010037003443580805,
  "mmd_runtime_seconds": 18.807382,
  "mmd_runtime_perf_seconds": 18.807382
}