{
  "dataset": "planar",
  "model": "DIGRESS",
  "subsample_size": 32,
  "descriptor": "orbit4",
  "variant": "umve",
  "num_bootstrap": 100,
  "mmd_mean": 0.02596579843558996,
  "mmd_std": 0.02836630741189971,
  "mmd_low": 7.762240367246301e-10,
  "mmd_high": 0.10384487914308628,
  "mmd_runtime_seconds": 3.884722,
  "mmd_runtime_perf_seconds": 3.884722
}