{
  "dataset": "lobster",
  "model": "AUTOGRAPH",
  "subsample_size": 2048,
  "descriptor": "clustering",
  "variant": "umve",
  "num_bootstrap": 100,
  "mmd_mean": 4.24172192514316e-05,
  "mmd_std": 1.841000716897802e-05,
  "mmd_low": 1.7320673551202148e-05,
  "mmd_high": 8.584757341021374e-05,
  "mmd_runtime_seconds": 208.281194,
  "mmd_runtime_perf_seconds": 208.281194
}