{
  "dataset": "lobster",
  "model": "DIGRESS",
  "subsample_size": 4096,
  "descriptor": "clustering",
  "variant": "umve",
  "num_bootstrap": 100,
  "mmd_mean": 7.814608237008968e-06,
  "mmd_std": 3.303627840156979e-06,
  "mmd_low": 2.117692068076549e-06,
  "mmd_high": 1.543463623975838e-05,
  "mmd_runtime_seconds": 793.053892,
  "mmd_runtime_perf_seconds": 793.053892
}