{
  "dataset": "lobster",
  "model": "test",
  "subsample_size": 32,
  "descriptor": "orbit4",
  "variant": "biased",
  "num_bootstrap": 100,
  "mmd_mean": 0.06625302571704425,
  "mmd_std": 0.008591129594247082,
  "mmd_low": 0.06024540630829819,
  "mmd_high": 0.08946554280329422,
  "mmd_runtime_seconds": 0.188576,
  "mmd_runtime_perf_seconds": 0.188576
}