{
  "dataset": "sbm",
  "model": "DIGRESS",
  "subsample_size": 8,
  "descriptor": "spectral",
  "variant": "umve",
  "num_bootstrap": 100,
  "mmd_mean": 0.006919909462482094,
  "mmd_std": 0.01060979369311506,
  "mmd_low": 0.0,
  "mmd_high": 0.03503139635109364,
  "mmd_runtime_seconds": 29.008455,
  "mmd_runtime_perf_seconds": 29.008455
}