{
  "dataset": "planar",
  "model": "ESGG",
  "subsample_size": 16,
  "descriptor": "orbit4",
  "variant": "biased",
  "num_bootstrap": 100,
  "mmd_mean": 0.15659889900891721,
  "mmd_std": 0.04839267362375613,
  "mmd_low": 0.12499931466837007,
  "mmd_high": 0.316067384674993,
  "mmd_runtime_seconds": 1.479693,
  "mmd_runtime_perf_seconds": 1.479693
}