{
  "dataset": "sbm",
  "model": "AUTOGRAPH",
  "subsample_size": 2048,
  "descriptor": "spectral",
  "variant": "umve",
  "num_bootstrap": 100,
  "mmd_mean": 0.0001589362724593649,
  "mmd_std": 0.00010703120961616899,
  "mmd_low": 1.3127840770306378e-05,
  "mmd_high": 0.00042401949572647694,
  "mmd_runtime_seconds": 249.921501,
  "mmd_runtime_perf_seconds": 249.921501
}