{
  "dataset": "sbm",
  "model": "AUTOGRAPH",
  "subsample_size": 2048,
  "descriptor": "clustering",
  "variant": "biased",
  "num_bootstrap": 100,
  "mmd_mean": 0.0012967802378226834,
  "mmd_std": 0.0001995641158189435,
  "mmd_low": 0.0010029907839945312,
  "mmd_high": 0.0017070783334217907,
  "mmd_runtime_seconds": 250.553873,
  "mmd_runtime_perf_seconds": 250.553873
}