{
  "dataset": "sbm",
  "model": "AUTOGRAPH",
  "subsample_size": 1024,
  "descriptor": "orbit4",
  "variant": "biased",
  "num_bootstrap": 100,
  "mmd_mean": 0.0021876425460484027,
  "mmd_std": 0.0004061071163477834,
  "mmd_low": 0.0019312146915977009,
  "mmd_high": 0.0035856044044680546,
  "mmd_runtime_seconds": 51.875655,
  "mmd_runtime_perf_seconds": 51.875655
}