{
  "dataset": "planar",
  "model": "ESGG",
  "subsample_size": 32,
  "descriptor": "orbit5",
  "variant": "umve",
  "num_bootstrap": 100,
  "mmd_mean": 0.0318995924149208,
  "mmd_std": 0.02992051360237886,
  "mmd_low": -1.3067164277444508e-13,
  "mmd_high": 0.10080253337757578,
  "mmd_runtime_seconds": 2.388244,
  "mmd_runtime_perf_seconds": 2.388244
}