{
  "dataset": "planar",
  "model": "ESGG",
  "subsample_size": 32,
  "descriptor": "orbit5",
  "variant": "biased",
  "num_bootstrap": 100,
  "mmd_mean": 0.08070136818663434,
  "mmd_std": 0.023510741061871076,
  "mmd_low": 0.06249999943793125,
  "mmd_high": 0.14289408879657037,
  "mmd_runtime_seconds": 2.899145,
  "mmd_runtime_perf_seconds": 2.899145
}