{
  "dataset": "lobster",
  "model": "ESGG",
  "subsample_size": 1024,
  "descriptor": "spectral",
  "variant": "biased",
  "num_bootstrap": 100,
  "mmd_mean": 0.07280237207193573,
  "mmd_std": 0.006012730603328836,
  "mmd_low": 0.06230484593998566,
  "mmd_high": 0.08532989830927688,
  "mmd_runtime_seconds": 65.051947,
  "mmd_runtime_perf_seconds": 65.051947
}