{
  "dataset": "lobster",
  "model": "GRAN",
  "subsample_size": 8,
  "descriptor": "spectral",
  "variant": "umve",
  "num_bootstrap": 100,
  "mmd_mean": 0.22566154964709537,
  "mmd_std": 0.16272935754562243,
  "mmd_low": 0.03821023240621754,
  "mmd_high": 0.5867400030919079,
  "mmd_runtime_seconds": 13.169452,
  "mmd_runtime_perf_seconds": 13.169452
}