{
  "dataset": "planar",
  "model": "test",
  "subsample_size": 4096,
  "descriptor": "spectral",
  "variant": "biased",
  "num_bootstrap": 100,
  "mmd_mean": 0.0004883098520478419,
  "mmd_std": 8.224364238427086e-08,
  "mmd_low": 0.00048828125,
  "mmd_high": 0.0004885736269180316,
  "mmd_runtime_seconds": 804.391538,
  "mmd_runtime_perf_seconds": 804.391538
}