{
  "dataset": "sbm",
  "model": "ESGG",
  "subsample_size": 16,
  "descriptor": "clustering",
  "variant": "biased",
  "num_bootstrap": 100,
  "mmd_mean": 0.1614903881136707,
  "mmd_std": 0.025790599836152006,
  "mmd_low": 0.12706906516241334,
  "mmd_high": 0.21616990892658958,
  "mmd_runtime_seconds": 6.873332,
  "mmd_runtime_perf_seconds": 6.873332
}