{
  "dataset": "planar",
  "model": "DIGRESS",
  "subsample_size": 256,
  "descriptor": "orbit4",
  "variant": "umve",
  "num_bootstrap": 100,
  "mmd_mean": 0.03202784776661758,
  "mmd_std": 0.01042599897146051,
  "mmd_low": 0.014711826892716176,
  "mmd_high": 0.05363466188300881,
  "mmd_runtime_seconds": 6.046669,
  "mmd_runtime_perf_seconds": 6.046669
}