{
  "dataset": "lobster",
  "model": "AUTOGRAPH",
  "subsample_size": 64,
  "descriptor": "spectral",
  "variant": "umve",
  "num_bootstrap": 100,
  "mmd_mean": 0.010868104197726935,
  "mmd_std": 0.01147887578141382,
  "mmd_low": -1.6548027619376094e-175,
  "mmd_high": 0.03864424555013554,
  "mmd_runtime_seconds": 17.126365,
  "mmd_runtime_perf_seconds": 17.126365
}