{
  "dataset": "sbm",
  "model": "AUTOGRAPH",
  "subsample_size": 8,
  "descriptor": "degree",
  "variant": "biased",
  "num_bootstrap": 100,
  "mmd_mean": 0.25525963879596075,
  "mmd_std": 0.017436456697849618,
  "mmd_low": 0.25,
  "mmd_high": 0.2821298909453344,
  "mmd_runtime_seconds": 3.549709,
  "mmd_runtime_perf_seconds": 3.549709
}