{
  "dataset": "planar",
  "model": "ESGG",
  "subsample_size": 16,
  "descriptor": "clustering",
  "variant": "umve",
  "num_bootstrap": 100,
  "mmd_mean": 0.01899075954222741,
  "mmd_std": 0.02420012549201815,
  "mmd_low": -1.1292047839674536e-99,
  "mmd_high": 0.08059669319185683,
  "mmd_runtime_seconds": 4.36236,
  "mmd_runtime_perf_seconds": 4.36236
}