{
  "dataset": "lobster",
  "model": "ESGG",
  "subsample_size": 256,
  "descriptor": "orbit5",
  "variant": "umve",
  "num_bootstrap": 100,
  "mmd_mean": 0.19999312631943403,
  "mmd_std": 0.02532503562106027,
  "mmd_low": 0.1493541674029449,
  "mmd_high": 0.2464490668815942,
  "mmd_runtime_seconds": 3.672035,
  "mmd_runtime_perf_seconds": 3.672035
}