{
  "dataset": "planar",
  "model": "AUTOGRAPH",
  "subsample_size": 512,
  "descriptor": "gin",
  "variant": "umve",
  "num_bootstrap": 100,
  "mmd_mean": 0.004469276007580783,
  "mmd_std": 0.0032250341164874363,
  "mmd_low": 0.00018096780585815156,
  "mmd_high": 0.012375867942030548,
  "mmd_runtime_seconds": 85.747983,
  "mmd_runtime_perf_seconds": 85.747983
}