{
  "dataset": "sbm",
  "model": "AUTOGRAPH",
  "subsample_size": 8,
  "descriptor": "orbit5",
  "variant": "umve",
  "num_bootstrap": 100,
  "mmd_mean": 0.056834887754141764,
  "mmd_std": 0.08861197874252966,
  "mmd_low": -9.818980604953416e-05,
  "mmd_high": 0.31160949331844745,
  "mmd_runtime_seconds": 17.575368,
  "mmd_runtime_perf_seconds": 17.575368
}