{
  "dataset": "planar",
  "model": "test",
  "subsample_size": 256,
  "descriptor": "orbit4",
  "variant": "umve",
  "num_bootstrap": 100,
  "mmd_mean": 0.0004911269765002465,
  "mmd_std": 0.0011075517005766425,
  "mmd_low": -8.727846845995788e-06,
  "mmd_high": 0.003738757443882043,
  "mmd_runtime_seconds": 2.869848,
  "mmd_runtime_perf_seconds": 2.869848
}