{
  "dataset": "lobster",
  "model": "ESGG",
  "subsample_size": 2048,
  "descriptor": "orbit5",
  "variant": "biased",
  "num_bootstrap": 100,
  "mmd_mean": 0.20675971216573408,
  "mmd_std": 0.007952565895436962,
  "mmd_low": 0.19112384694714055,
  "mmd_high": 0.22335478707406473,
  "mmd_runtime_seconds": 180.644993,
  "mmd_runtime_perf_seconds": 180.644993
}