{
  "dataset": "lobster",
  "model": "ESGG",
  "subsample_size": 32,
  "descriptor": "gin",
  "variant": "biased",
  "num_bootstrap": 100,
  "mmd_mean": 0.09348817377503654,
  "mmd_std": 0.03021421061783167,
  "mmd_low": 0.0624579629080106,
  "mmd_high": 0.16784902518032918,
  "mmd_runtime_seconds": 9.073167,
  "mmd_runtime_perf_seconds": 9.073167
}