{
  "dataset": "planar",
  "model": "ESGG",
  "subsample_size": 2048,
  "descriptor": "spectral",
  "variant": "umve",
  "num_bootstrap": 100,
  "mmd_mean": 0.0008227995266510502,
  "mmd_std": 9.127129837750126e-05,
  "mmd_low": 0.0006752281057373244,
  "mmd_high": 0.001006943289003162,
  "mmd_runtime_seconds": 221.371155,
  "mmd_runtime_perf_seconds": 221.371155
}