{
  "dataset": "sbm",
  "model": "AUTOGRAPH",
  "subsample_size": 256,
  "descriptor": "orbit5",
  "variant": "biased",
  "num_bootstrap": 100,
  "mmd_mean": 0.009066159324913248,
  "mmd_std": 0.002113935842381494,
  "mmd_low": 0.007745765906027494,
  "mmd_high": 0.01476913905263235,
  "mmd_runtime_seconds": 19.520622,
  "mmd_runtime_perf_seconds": 19.520622
}