{
  "dataset": "planar",
  "model": "DIGRESS",
  "subsample_size": 4096,
  "descriptor": "orbit4",
  "variant": "umve",
  "num_bootstrap": 100,
  "mmd_mean": 0.034273703358699274,
  "mmd_std": 0.002829412520620683,
  "mmd_low": 0.02833499270302645,
  "mmd_high": 0.03991911345666152,
  "mmd_runtime_seconds": 913.104967,
  "mmd_runtime_perf_seconds": 913.104967
}