{
  "dataset": "lobster",
  "model": "DIGRESS",
  "subsample_size": 4096,
  "descriptor": "degree",
  "variant": "umve",
  "num_bootstrap": 100,
  "mmd_mean": 0.00016724924949361754,
  "mmd_std": 0.00017800888379023572,
  "mmd_low": -6.347182870429054e-08,
  "mmd_high": 0.0006867313238249641,
  "mmd_runtime_seconds": 893.258136,
  "mmd_runtime_perf_seconds": 893.258136
}