{
  "dataset": "lobster",
  "model": "GRAN",
  "subsample_size": 16,
  "descriptor": "spectral",
  "variant": "biased",
  "num_bootstrap": 100,
  "mmd_mean": 0.3148080266690858,
  "mmd_std": 0.10744947134427962,
  "mmd_low": 0.1490993975623674,
  "mmd_high": 0.5824112880740764,
  "mmd_runtime_seconds": 14.339269,
  "mmd_runtime_perf_seconds": 14.339269
}