{
  "dataset": "sbm",
  "model": "test",
  "subsample_size": 64,
  "descriptor": "gin",
  "variant": "umve",
  "num_bootstrap": 100,
  "mmd_mean": 0.019032447897412527,
  "mmd_std": 0.014849912020254125,
  "mmd_low": 0.0002172718035427823,
  "mmd_high": 0.050025161459900234,
  "mmd_runtime_seconds": 15.939326,
  "mmd_runtime_perf_seconds": 15.939326
}