{
  "dataset": "lobster",
  "model": "test",
  "subsample_size": 32,
  "descriptor": "degree",
  "variant": "umve",
  "num_bootstrap": 100,
  "mmd_mean": 0.012413049306912996,
  "mmd_std": 0.011610662530063336,
  "mmd_low": -1.4483350038587362e-31,
  "mmd_high": 0.037053388549698946,
  "mmd_runtime_seconds": 1.993954,
  "mmd_runtime_perf_seconds": 1.993954
}