{
  "dataset": "sbm",
  "model": "GRAN",
  "subsample_size": 4096,
  "descriptor": "orbit5",
  "variant": "umve",
  "num_bootstrap": 100,
  "mmd_mean": 0.03684922999138593,
  "mmd_std": 0.0028123935068820154,
  "mmd_low": 0.030852083907750256,
  "mmd_high": 0.04247626754440687,
  "mmd_runtime_seconds": 763.664192,
  "mmd_runtime_perf_seconds": 763.664192
}