{
  "dataset": "lobster",
  "model": "AUTOGRAPH",
  "subsample_size": 8,
  "descriptor": "gin",
  "variant": "biased",
  "num_bootstrap": 100,
  "mmd_mean": 0.27865621581453515,
  "mmd_std": 0.05373400677609014,
  "mmd_low": 0.24999802854252323,
  "mmd_high": 0.41782457837196574,
  "mmd_runtime_seconds": 15.640872,
  "mmd_runtime_perf_seconds": 15.640872
}