{
  "dataset": "sbm",
  "model": "ESGG",
  "subsample_size": 4096,
  "descriptor": "degree",
  "variant": "biased",
  "num_bootstrap": 100,
  "mmd_mean": 0.031731560803628864,
  "mmd_std": 0.0014822049813445655,
  "mmd_low": 0.029378552330449295,
  "mmd_high": 0.03458961815571272,
  "mmd_runtime_seconds": 724.251168,
  "mmd_runtime_perf_seconds": 724.251168
}