{
  "dataset": "lobster",
  "model": "ESGG",
  "subsample_size": 64,
  "descriptor": "degree",
  "variant": "umve",
  "num_bootstrap": 100,
  "mmd_mean": 0.0911858074036952,
  "mmd_std": 0.0357898233227054,
  "mmd_low": 0.038203030376432384,
  "mmd_high": 0.1736793544516538,
  "mmd_runtime_seconds": 2.364491,
  "mmd_runtime_perf_seconds": 2.364491
}