{
  "dataset": "lobster",
  "model": "DIGRESS",
  "subsample_size": 32,
  "descriptor": "degree",
  "variant": "biased",
  "num_bootstrap": 100,
  "mmd_mean": 0.06475071497750325,
  "mmd_std": 0.005025248055429005,
  "mmd_low": 0.0625,
  "mmd_high": 0.08175619937440895,
  "mmd_runtime_seconds": 3.850429,
  "mmd_runtime_perf_seconds": 3.850429
}