{
  "dataset": "lobster",
  "model": "DIGRESS",
  "subsample_size": 16,
  "descriptor": "clustering",
  "variant": "biased",
  "num_bootstrap": 100,
  "mmd_mean": 0.0009519350491251899,
  "mmd_std": 0.0051090809552264424,
  "mmd_low": 0.0,
  "mmd_high": 0.007812500000000232,
  "mmd_runtime_seconds": 5.207736,
  "mmd_runtime_perf_seconds": 5.207736
}