{
  "dataset": "sbm",
  "model": "AUTOGRAPH",
  "subsample_size": 16,
  "descriptor": "gin",
  "variant": "umve",
  "num_bootstrap": 100,
  "mmd_mean": 0.025918152240375688,
  "mmd_std": 0.0333695607418763,
  "mmd_low": -5.4913436747064804e-05,
  "mmd_high": 0.12858050140906813,
  "mmd_runtime_seconds": 97.293441,
  "mmd_runtime_perf_seconds": 97.293441
}