{
  "dataset": "sbm",
  "model": "AUTOGRAPH",
  "subsample_size": 2048,
  "descriptor": "spectral",
  "variant": "biased",
  "num_bootstrap": 100,
  "mmd_mean": 0.0010201318360705302,
  "mmd_std": 6.64142188294561e-05,
  "mmd_low": 0.000976562759591284,
  "mmd_high": 0.0012227434517751835,
  "mmd_runtime_seconds": 249.617629,
  "mmd_runtime_perf_seconds": 249.617629
}