{
  "dataset": "sbm",
  "model": "GRAN",
  "subsample_size": 2048,
  "descriptor": "spectral",
  "variant": "umve",
  "num_bootstrap": 100,
  "mmd_mean": 0.0040980963337645315,
  "mmd_std": 0.0005201557185713035,
  "mmd_low": 0.003064550372304343,
  "mmd_high": 0.005015811434794571,
  "mmd_runtime_seconds": 236.946678,
  "mmd_runtime_perf_seconds": 236.946678
}