{
  "dataset": "sbm",
  "model": "ESGG",
  "subsample_size": 32,
  "descriptor": "spectral",
  "variant": "biased",
  "num_bootstrap": 100,
  "mmd_mean": 0.0989790372017029,
  "mmd_std": 0.013135429023081928,
  "mmd_low": 0.07902097359602994,
  "mmd_high": 0.1308231596652402,
  "mmd_runtime_seconds": 9.551187,
  "mmd_runtime_perf_seconds": 9.551187
}