{
  "dataset": "sbm",
  "model": "test",
  "subsample_size": 8,
  "descriptor": "orbit5",
  "variant": "biased",
  "num_bootstrap": 100,
  "mmd_mean": 0.2770643639957963,
  "mmd_std": 0.03959504923963172,
  "mmd_low": 0.2499048702690784,
  "mmd_high": 0.3652090113663611,
  "mmd_runtime_seconds": 0.23231,
  "mmd_runtime_perf_seconds": 0.23231
}