{
  "dataset": "sbm",
  "model": "GRAN",
  "subsample_size": 64,
  "descriptor": "clustering",
  "variant": "umve",
  "num_bootstrap": 100,
  "mmd_mean": 0.04735541086682864,
  "mmd_std": 0.013575065984479277,
  "mmd_low": 0.02454324709278172,
  "mmd_high": 0.07865626070491304,
  "mmd_runtime_seconds": 22.151733,
  "mmd_runtime_perf_seconds": 22.151733
}