{
  "dataset": "planar",
  "model": "AUTOGRAPH",
  "subsample_size": 8,
  "descriptor": "gin",
  "variant": "biased",
  "num_bootstrap": 100,
  "mmd_mean": 0.28708272927066725,
  "mmd_std": 0.07748355519050883,
  "mmd_low": 0.2498556916215077,
  "mmd_high": 0.528602913772493,
  "mmd_runtime_seconds": 56.965229,
  "mmd_runtime_perf_seconds": 56.965229
}