{
  "dataset": "lobster",
  "model": "AUTOGRAPH",
  "subsample_size": 16,
  "descriptor": "orbit5",
  "variant": "umve",
  "num_bootstrap": 100,
  "mmd_mean": 0.026252538111008222,
  "mmd_std": 0.039508618902343036,
  "mmd_low": -0.00045572204752779744,
  "mmd_high": 0.13058857056655476,
  "mmd_runtime_seconds": 3.645973,
  "mmd_runtime_perf_seconds": 3.645973
}