{
  "dataset": "sbm",
  "model": "AUTOGRAPH",
  "subsample_size": 8,
  "descriptor": "spectral",
  "variant": "umve",
  "num_bootstrap": 100,
  "mmd_mean": 0.007803833441970156,
  "mmd_std": 0.00955530162575644,
  "mmd_low": 0.0,
  "mmd_high": 0.029223760376746715,
  "mmd_runtime_seconds": 28.274002,
  "mmd_runtime_perf_seconds": 28.274002
}