{
  "dataset": "sbm",
  "model": "ESGG",
  "subsample_size": 4096,
  "descriptor": "gin",
  "variant": "biased",
  "num_bootstrap": 100,
  "mmd_mean": 0.4295635774695641,
  "mmd_std": 0.007961059318633607,
  "mmd_low": 0.4155669491335056,
  "mmd_high": 0.4470563890697184,
  "mmd_runtime_seconds": 1543.110646,
  "mmd_runtime_perf_seconds": 1543.110646
}