{
  "dataset": "sbm",
  "model": "test",
  "subsample_size": 64,
  "descriptor": "orbit5",
  "variant": "biased",
  "num_bootstrap": 100,
  "mmd_mean": 0.03779074919773449,
  "mmd_std": 0.011617739554374217,
  "mmd_low": 0.030781967743907727,
  "mmd_high": 0.07674664272490424,
  "mmd_runtime_seconds": 1.603302,
  "mmd_runtime_perf_seconds": 1.603302
}