{
  "dataset": "sbm",
  "model": "DIGRESS",
  "subsample_size": 512,
  "descriptor": "clustering",
  "variant": "umve",
  "num_bootstrap": 100,
  "mmd_mean": 0.0025763200167935713,
  "mmd_std": 0.0012642142879025328,
  "mmd_low": 0.0007011889259678218,
  "mmd_high": 0.006162157354097659,
  "mmd_runtime_seconds": 50.428434,
  "mmd_runtime_perf_seconds": 50.428434
}