{
  "dataset": "planar",
  "model": "DIGRESS",
  "subsample_size": 64,
  "descriptor": "gin",
  "variant": "biased",
  "num_bootstrap": 100,
  "mmd_mean": 0.05757068319128166,
  "mmd_std": 0.023772409020305627,
  "mmd_low": 0.031030892541122512,
  "mmd_high": 0.11691874274657273,
  "mmd_runtime_seconds": 45.956903,
  "mmd_runtime_perf_seconds": 45.956903
}