{
  "dataset": "lobster",
  "model": "test",
  "subsample_size": 128,
  "descriptor": "spectral",
  "variant": "biased",
  "num_bootstrap": 100,
  "mmd_mean": 0.015883975788253693,
  "mmd_std": 0.0007587806378231399,
  "mmd_low": 0.015502929687502874,
  "mmd_high": 0.018546918737073724,
  "mmd_runtime_seconds": 3.022303,
  "mmd_runtime_perf_seconds": 3.022303
}