{
  "dataset": "sbm",
  "model": "ESGG",
  "subsample_size": 2048,
  "descriptor": "orbit4",
  "variant": "umve",
  "num_bootstrap": 100,
  "mmd_mean": 0.0798917827879841,
  "mmd_std": 0.005895906593287222,
  "mmd_low": 0.0692911975800679,
  "mmd_high": 0.09148449512281165,
  "mmd_runtime_seconds": 199.1019,
  "mmd_runtime_perf_seconds": 199.1019
}