{
  "dataset": "planar",
  "model": "DIGRESS",
  "subsample_size": 512,
  "descriptor": "clustering",
  "variant": "umve",
  "num_bootstrap": 100,
  "mmd_mean": 0.014676264377580068,
  "mmd_std": 0.0035847371306725233,
  "mmd_low": 0.00828592247550798,
  "mmd_high": 0.021199392848089797,
  "mmd_runtime_seconds": 23.80906,
  "mmd_runtime_perf_seconds": 23.80906
}