{
  "dataset": "lobster",
  "model": "ESGG",
  "subsample_size": 8,
  "descriptor": "orbit4",
  "variant": "umve",
  "num_bootstrap": 100,
  "mmd_mean": 0.19156511405108784,
  "mmd_std": 0.15733045086701186,
  "mmd_low": 0.003823305699381246,
  "mmd_high": 0.5428608634604182,
  "mmd_runtime_seconds": 0.956836,
  "mmd_runtime_perf_seconds": 0.956836
}