{
  "dataset": "planar",
  "model": "DIGRESS",
  "subsample_size": 256,
  "descriptor": "spectral",
  "variant": "umve",
  "num_bootstrap": 100,
  "mmd_mean": 0.001529819705685146,
  "mmd_std": 0.0005321680355972547,
  "mmd_low": 0.0005549602383671111,
  "mmd_high": 0.002503407463335375,
  "mmd_runtime_seconds": 18.881494,
  "mmd_runtime_perf_seconds": 18.881494
}