{
  "dataset": "lobster",
  "model": "ESGG",
  "subsample_size": 8,
  "descriptor": "orbit4",
  "variant": "biased",
  "num_bootstrap": 100,
  "mmd_mean": 0.34506458665123796,
  "mmd_std": 0.12472316060694127,
  "mmd_low": 0.24701218178248885,
  "mmd_high": 0.6651407976195963,
  "mmd_runtime_seconds": 0.906501,
  "mmd_runtime_perf_seconds": 0.906501
}