{
  "dataset": "sbm",
  "model": "DIGRESS",
  "subsample_size": 16,
  "descriptor": "clustering",
  "variant": "umve",
  "num_bootstrap": 100,
  "mmd_mean": 0.013679304060724398,
  "mmd_std": 0.014000840996759637,
  "mmd_low": 0.0,
  "mmd_high": 0.04734484512313592,
  "mmd_runtime_seconds": 24.594597,
  "mmd_runtime_perf_seconds": 24.594597
}