{
  "dataset": "sbm",
  "model": "ESGG",
  "subsample_size": 128,
  "descriptor": "spectral",
  "variant": "biased",
  "num_bootstrap": 100,
  "mmd_mean": 0.06040121255153217,
  "mmd_std": 0.006727737549333226,
  "mmd_low": 0.04550980141271354,
  "mmd_high": 0.07330668959673875,
  "mmd_runtime_seconds": 13.363182,
  "mmd_runtime_perf_seconds": 13.363182
}