{
  "dataset": "planar",
  "model": "DIGRESS",
  "subsample_size": 32,
  "descriptor": "gin",
  "variant": "biased",
  "num_bootstrap": 100,
  "mmd_mean": 0.07703765843665854,
  "mmd_std": 0.022371034200364237,
  "mmd_low": 0.061682777703475744,
  "mmd_high": 0.1446675674657789,
  "mmd_runtime_seconds": 42.399264,
  "mmd_runtime_perf_seconds": 42.399264
}