{
  "dataset": "sbm",
  "model": "DIGRESS",
  "subsample_size": 8,
  "descriptor": "spectral",
  "variant": "biased",
  "num_bootstrap": 100,
  "mmd_mean": 0.2504038738012906,
  "mmd_std": 0.0008942294762464796,
  "mmd_low": 0.25,
  "mmd_high": 0.2530720579768258,
  "mmd_runtime_seconds": 28.64371,
  "mmd_runtime_perf_seconds": 28.64371
}