{
  "dataset": "lobster",
  "model": "AUTOGRAPH",
  "subsample_size": 64,
  "descriptor": "orbit5",
  "variant": "umve",
  "num_bootstrap": 100,
  "mmd_mean": 0.014279832860020514,
  "mmd_std": 0.0179060922255298,
  "mmd_low": -9.511874995611343e-05,
  "mmd_high": 0.05357264022084229,
  "mmd_runtime_seconds": 3.472944,
  "mmd_runtime_perf_seconds": 3.472944
}