{
  "dataset": "lobster",
  "model": "AUTOGRAPH",
  "subsample_size": 64,
  "descriptor": "degree",
  "variant": "biased",
  "num_bootstrap": 100,
  "mmd_mean": 0.036441021346328845,
  "mmd_std": 0.009776937012632436,
  "mmd_low": 0.03125,
  "mmd_high": 0.06679476692074,
  "mmd_runtime_seconds": 2.922982,
  "mmd_runtime_perf_seconds": 2.922982
}