{
  "dataset": "sbm",
  "model": "test",
  "subsample_size": 128,
  "descriptor": "orbit5",
  "variant": "umve",
  "num_bootstrap": 100,
  "mmd_mean": 0.002145176752566213,
  "mmd_std": 0.0032296736249235436,
  "mmd_low": -6.634607780937124e-05,
  "mmd_high": 0.011576361800207494,
  "mmd_runtime_seconds": 3.437436,
  "mmd_runtime_perf_seconds": 3.437436
}