{
  "dataset": "lobster",
  "model": "ESGG",
  "subsample_size": 64,
  "descriptor": "gin",
  "variant": "umve",
  "num_bootstrap": 100,
  "mmd_mean": 0.03611506264474713,
  "mmd_std": 0.019283695125523047,
  "mmd_low": 0.008375792784261468,
  "mmd_high": 0.0696935508880786,
  "mmd_runtime_seconds": 10.156602,
  "mmd_runtime_perf_seconds": 10.156602
}