{
  "dataset": "sbm",
  "model": "test",
  "subsample_size": 512,
  "descriptor": "clustering",
  "variant": "umve",
  "num_bootstrap": 100,
  "mmd_mean": 0.00046855286169389664,
  "mmd_std": 0.0004123244363487463,
  "mmd_low": 1.6191096137086927e-09,
  "mmd_high": 0.0014823550753849148,
  "mmd_runtime_seconds": 25.654256,
  "mmd_runtime_perf_seconds": 25.654256
}