{
  "dataset": "planar",
  "model": "ESGG",
  "subsample_size": 8,
  "descriptor": "gin",
  "variant": "biased",
  "num_bootstrap": 100,
  "mmd_mean": 0.28828813191034725,
  "mmd_std": 0.06033494626918425,
  "mmd_low": 0.24736231291143554,
  "mmd_high": 0.4725017591929703,
  "mmd_runtime_seconds": 21.400095,
  "mmd_runtime_perf_seconds": 21.400095
}