{
  "dataset": "sbm",
  "model": "GRAN",
  "subsample_size": 32,
  "descriptor": "clustering",
  "variant": "umve",
  "num_bootstrap": 100,
  "mmd_mean": 0.046058965044197556,
  "mmd_std": 0.022990872212077233,
  "mmd_low": 0.006024443648532638,
  "mmd_high": 0.08800085494329091,
  "mmd_runtime_seconds": 19.80929,
  "mmd_runtime_perf_seconds": 19.80929
}