{
  "dataset": "planar",
  "model": "GRAN",
  "subsample_size": 16,
  "descriptor": "spectral",
  "variant": "umve",
  "num_bootstrap": 100,
  "mmd_mean": 0.009706366259607578,
  "mmd_std": 0.008057625744791155,
  "mmd_low": 0.0,
  "mmd_high": 0.025061350882039403,
  "mmd_runtime_seconds": 16.413997,
  "mmd_runtime_perf_seconds": 16.413997
}