{
  "dataset": "sbm",
  "model": "AUTOGRAPH",
  "subsample_size": 64,
  "descriptor": "orbit5",
  "variant": "biased",
  "num_bootstrap": 100,
  "mmd_mean": 0.03582668999841235,
  "mmd_std": 0.009927621803463064,
  "mmd_low": 0.03088655547227215,
  "mmd_high": 0.06581031455992124,
  "mmd_runtime_seconds": 19.667226,
  "mmd_runtime_perf_seconds": 19.667226
}