{
  "dataset": "planar",
  "model": "GRAN",
  "subsample_size": 32,
  "descriptor": "orbit4",
  "variant": "biased",
  "num_bootstrap": 100,
  "mmd_mean": 0.07593557775968884,
  "mmd_std": 0.01396083454563345,
  "mmd_low": 0.06491663560596604,
  "mmd_high": 0.11707050386860081,
  "mmd_runtime_seconds": 2.906541,
  "mmd_runtime_perf_seconds": 2.906541
}