{
  "dataset": "planar",
  "model": "AUTOGRAPH",
  "subsample_size": 256,
  "descriptor": "gin",
  "variant": "biased",
  "num_bootstrap": 100,
  "mmd_mean": 0.010085456453363515,
  "mmd_std": 0.003345757427360307,
  "mmd_low": 0.00704176115191945,
  "mmd_high": 0.019459234869351014,
  "mmd_runtime_seconds": 57.211712,
  "mmd_runtime_perf_seconds": 57.211712
}