{
  "dataset": "planar",
  "model": "ESGG",
  "subsample_size": 4096,
  "descriptor": "orbit5",
  "variant": "biased",
  "num_bootstrap": 100,
  "mmd_mean": 0.029499669864859187,
  "mmd_std": 0.0012457241431756269,
  "mmd_low": 0.0267668132592548,
  "mmd_high": 0.03177153008633657,
  "mmd_runtime_seconds": 754.320645,
  "mmd_runtime_perf_seconds": 754.320645
}