{
  "dataset": "sbm",
  "model": "test",
  "subsample_size": 32,
  "descriptor": "degree",
  "variant": "umve",
  "num_bootstrap": 100,
  "mmd_mean": 0.004375600159493752,
  "mmd_std": 0.008435179842709258,
  "mmd_low": -1.8069235313155754e-95,
  "mmd_high": 0.022211971803656715,
  "mmd_runtime_seconds": 1.893096,
  "mmd_runtime_perf_seconds": 1.893096
}