{
  "dataset": "planar",
  "model": "ESGG",
  "subsample_size": 8,
  "descriptor": "orbit4",
  "variant": "biased",
  "num_bootstrap": 100,
  "mmd_mean": 0.2839028017212234,
  "mmd_std": 0.05602547432432527,
  "mmd_low": 0.24999988555883734,
  "mmd_high": 0.42904992098595185,
  "mmd_runtime_seconds": 1.388468,
  "mmd_runtime_perf_seconds": 1.388468
}