{
  "dataset": "lobster",
  "model": "AUTOGRAPH",
  "subsample_size": 32,
  "descriptor": "degree",
  "variant": "umve",
  "num_bootstrap": 100,
  "mmd_mean": 0.011935288210886588,
  "mmd_std": 0.01492947197701307,
  "mmd_low": -6.75229655610614e-75,
  "mmd_high": 0.0482533943259509,
  "mmd_runtime_seconds": 3.042073,
  "mmd_runtime_perf_seconds": 3.042073
}