{
  "dataset": "planar",
  "model": "ESGG",
  "subsample_size": 16,
  "descriptor": "orbit4",
  "variant": "umve",
  "num_bootstrap": 100,
  "mmd_mean": 0.05730132870635287,
  "mmd_std": 0.06245809806605964,
  "mmd_low": -2.914986950112713e-15,
  "mmd_high": 0.23691199501123572,
  "mmd_runtime_seconds": 1.475398,
  "mmd_runtime_perf_seconds": 1.475398
}