{
  "dataset": "planar",
  "model": "GRAN",
  "subsample_size": 256,
  "descriptor": "orbit4",
  "variant": "biased",
  "num_bootstrap": 100,
  "mmd_mean": 0.018067853208031216,
  "mmd_std": 0.004005712360099722,
  "mmd_low": 0.015024370764088997,
  "mmd_high": 0.029780278965611435,
  "mmd_runtime_seconds": 5.147142,
  "mmd_runtime_perf_seconds": 5.147142
}