{
  "dataset": "sbm",
  "model": "DIGRESS",
  "subsample_size": 8,
  "descriptor": "orbit5",
  "variant": "umve",
  "num_bootstrap": 100,
  "mmd_mean": 0.051648730328110515,
  "mmd_std": 0.0712587616364804,
  "mmd_low": -1.2001266343315381e-05,
  "mmd_high": 0.26108099596640744,
  "mmd_runtime_seconds": 19.272411,
  "mmd_runtime_perf_seconds": 19.272411
}