{
  "dataset": "sbm",
  "model": "ESGG",
  "subsample_size": 16,
  "descriptor": "gin",
  "variant": "umve",
  "num_bootstrap": 100,
  "mmd_mean": 0.44713820878721977,
  "mmd_std": 0.1283717927817255,
  "mmd_low": 0.21930610807836512,
  "mmd_high": 0.7036441037203165,
  "mmd_runtime_seconds": 34.32799,
  "mmd_runtime_perf_seconds": 34.32799
}