{
  "dataset": "planar",
  "model": "ESGG",
  "subsample_size": 2048,
  "descriptor": "orbit4",
  "variant": "umve",
  "num_bootstrap": 100,
  "mmd_mean": 0.030155517447489132,
  "mmd_std": 0.0030607774344323458,
  "mmd_low": 0.025546336142484687,
  "mmd_high": 0.03650089876995218,
  "mmd_runtime_seconds": 196.068821,
  "mmd_runtime_perf_seconds": 196.068821
}