{
  "dataset": "lobster",
  "model": "test",
  "subsample_size": 32,
  "descriptor": "spectral",
  "variant": "umve",
  "num_bootstrap": 100,
  "mmd_mean": 0.005901162160788179,
  "mmd_std": 0.0065888966858837356,
  "mmd_low": -1.1911804234571163e-05,
  "mmd_high": 0.023287879351646376,
  "mmd_runtime_seconds": 0.6708,
  "mmd_runtime_perf_seconds": 0.6708
}