{
  "dataset": "lobster",
  "model": "GRAN",
  "subsample_size": 128,
  "descriptor": "gin",
  "variant": "umve",
  "num_bootstrap": 100,
  "mmd_mean": 0.13923853726096805,
  "mmd_std": 0.030550576808018846,
  "mmd_low": 0.08827858016146299,
  "mmd_high": 0.19690854974817967,
  "mmd_runtime_seconds": 17.929535,
  "mmd_runtime_perf_seconds": 17.929535
}