{
  "dataset": "lobster",
  "model": "GRAN",
  "subsample_size": 32,
  "descriptor": "degree",
  "variant": "biased",
  "num_bootstrap": 100,
  "mmd_mean": 0.32899602386941396,
  "mmd_std": 0.07238140941281411,
  "mmd_low": 0.20564303053379,
  "mmd_high": 0.4607286899168696,
  "mmd_runtime_seconds": 2.600689,
  "mmd_runtime_perf_seconds": 2.600689
}