{
  "dataset": "lobster",
  "model": "GRAN",
  "subsample_size": 64,
  "descriptor": "gin",
  "variant": "biased",
  "num_bootstrap": 100,
  "mmd_mean": 0.15216220672496075,
  "mmd_std": 0.03503478539656401,
  "mmd_low": 0.09694899426212815,
  "mmd_high": 0.2221283921672541,
  "mmd_runtime_seconds": 16.019129,
  "mmd_runtime_perf_seconds": 16.019129
}