{
  "dataset": "sbm",
  "model": "DIGRESS",
  "subsample_size": 4096,
  "descriptor": "degree",
  "variant": "umve",
  "num_bootstrap": 100,
  "mmd_mean": 0.004413611588413269,
  "mmd_std": 0.0006951350103297463,
  "mmd_low": 0.00317677586877517,
  "mmd_high": 0.0056267969307283614,
  "mmd_runtime_seconds": 898.911737,
  "mmd_runtime_perf_seconds": 898.911737
}