{
  "dataset": "lobster",
  "model": "AUTOGRAPH",
  "subsample_size": 128,
  "descriptor": "clustering",
  "variant": "umve",
  "num_bootstrap": 100,
  "mmd_mean": 3.837761921722249e-05,
  "mmd_std": 9.093189008092472e-05,
  "mmd_low": 0.0,
  "mmd_high": 0.0003871641510571675,
  "mmd_runtime_seconds": 6.268397,
  "mmd_runtime_perf_seconds": 6.268397
}