{
  "dataset": "lobster",
  "model": "AUTOGRAPH",
  "subsample_size": 128,
  "descriptor": "orbit4",
  "variant": "biased",
  "num_bootstrap": 100,
  "mmd_mean": 0.019988863025593228,
  "mmd_std": 0.007691814441998119,
  "mmd_low": 0.014785979763677983,
  "mmd_high": 0.043434872296683046,
  "mmd_runtime_seconds": 3.925744,
  "mmd_runtime_perf_seconds": 3.925744
}