{
  "dataset": "planar",
  "model": "DIGRESS",
  "subsample_size": 8,
  "descriptor": "orbit5",
  "variant": "biased",
  "num_bootstrap": 100,
  "mmd_mean": 0.2786104525866317,
  "mmd_std": 0.05073059866985035,
  "mmd_low": 0.24999999999999448,
  "mmd_high": 0.4290725431510925,
  "mmd_runtime_seconds": 5.055905,
  "mmd_runtime_perf_seconds": 5.055905
}