{
  "dataset": "planar",
  "model": "GRAN",
  "subsample_size": 8,
  "descriptor": "clustering",
  "variant": "umve",
  "num_bootstrap": 100,
  "mmd_mean": 0.03565228297438913,
  "mmd_std": 0.04069349833412853,
  "mmd_low": -6.147923187521365e-206,
  "mmd_high": 0.11953539937285933,
  "mmd_runtime_seconds": 7.805125,
  "mmd_runtime_perf_seconds": 7.805125
}