{
  "dataset": "planar",
  "model": "test",
  "subsample_size": 4096,
  "descriptor": "degree",
  "variant": "umve",
  "num_bootstrap": 100,
  "mmd_mean": 8.033506250607332e-05,
  "mmd_std": 8.237562449965407e-05,
  "mmd_low": -1.1176536655388418e-06,
  "mmd_high": 0.00028945681245266233,
  "mmd_runtime_seconds": 726.399051,
  "mmd_runtime_perf_seconds": 726.399051
}