{
  "dataset": "lobster",
  "model": "DIGRESS",
  "subsample_size": 2048,
  "descriptor": "orbit5",
  "variant": "biased",
  "num_bootstrap": 100,
  "mmd_mean": 0.0012186107215990038,
  "mmd_std": 0.000378715980756389,
  "mmd_low": 0.0009393528654277511,
  "mmd_high": 0.0019273732413300948,
  "mmd_runtime_seconds": 226.873987,
  "mmd_runtime_perf_seconds": 226.873987
}