{
  "dataset": "planar",
  "model": "GRAN",
  "subsample_size": 32,
  "descriptor": "clustering",
  "variant": "umve",
  "num_bootstrap": 100,
  "mmd_mean": 0.011030716147141637,
  "mmd_std": 0.007496566774519806,
  "mmd_low": 0.00207767629363358,
  "mmd_high": 0.028014482417611945,
  "mmd_runtime_seconds": 8.381273,
  "mmd_runtime_perf_seconds": 8.381273
}