{
  "dataset": "sbm",
  "model": "ESGG",
  "subsample_size": 16,
  "descriptor": "degree",
  "variant": "umve",
  "num_bootstrap": 100,
  "mmd_mean": 0.02329758134704988,
  "mmd_std": 0.025501299641884755,
  "mmd_low": 0.0,
  "mmd_high": 0.09314466331938528,
  "mmd_runtime_seconds": 1.965058,
  "mmd_runtime_perf_seconds": 1.965058
}