{
  "dataset": "sbm",
  "model": "GRAN",
  "subsample_size": 512,
  "descriptor": "clustering",
  "variant": "umve",
  "num_bootstrap": 100,
  "mmd_mean": 0.04357786096133007,
  "mmd_std": 0.004953057595718122,
  "mmd_low": 0.03601177109882662,
  "mmd_high": 0.05564216608236352,
  "mmd_runtime_seconds": 41.295563,
  "mmd_runtime_perf_seconds": 41.295563
}