{
  "dataset": "planar",
  "model": "test",
  "subsample_size": 1024,
  "descriptor": "degree",
  "variant": "biased",
  "num_bootstrap": 100,
  "mmd_mean": 0.0019709918908336725,
  "mmd_std": 2.9351038534318905e-05,
  "mmd_low": 0.0019397735595703125,
  "mmd_high": 0.002070822448643695,
  "mmd_runtime_seconds": 44.267159,
  "mmd_runtime_perf_seconds": 44.267159
}