{
  "dataset": "planar",
  "model": "DIGRESS",
  "subsample_size": 1024,
  "descriptor": "clustering",
  "variant": "biased",
  "num_bootstrap": 100,
  "mmd_mean": 0.014821793370293913,
  "mmd_std": 0.0027080915168340765,
  "mmd_low": 0.009444076921531748,
  "mmd_high": 0.019590548689093303,
  "mmd_runtime_seconds": 61.233706,
  "mmd_runtime_perf_seconds": 61.233706
}