{
  "dataset": "sbm",
  "model": "GRAN",
  "subsample_size": 8,
  "descriptor": "orbit4",
  "variant": "umve",
  "num_bootstrap": 100,
  "mmd_mean": 0.09513479003535796,
  "mmd_std": 0.10978811037247416,
  "mmd_low": -6.172073355261204e-05,
  "mmd_high": 0.32737113916081695,
  "mmd_runtime_seconds": 5.191698,
  "mmd_runtime_perf_seconds": 5.191698
}