{
  "dataset": "lobster",
  "model": "DIGRESS",
  "subsample_size": 8,
  "descriptor": "orbit5",
  "variant": "umve",
  "num_bootstrap": 100,
  "mmd_mean": 0.04511556092656544,
  "mmd_std": 0.07300596046846958,
  "mmd_low": -0.0011483122578694435,
  "mmd_high": 0.2537406788397026,
  "mmd_runtime_seconds": 3.093986,
  "mmd_runtime_perf_seconds": 3.093986
}