{
  "dataset": "lobster",
  "model": "test",
  "subsample_size": 4096,
  "descriptor": "gin",
  "variant": "biased",
  "num_bootstrap": 100,
  "mmd_mean": 0.0005057438605075003,
  "mmd_std": 3.1450276811893433e-05,
  "mmd_low": 0.00048477356029769423,
  "mmd_high": 0.0006044567041641076,
  "mmd_runtime_seconds": 789.502331,
  "mmd_runtime_perf_seconds": 789.502331
}