{
  "dataset": "planar",
  "model": "test",
  "subsample_size": 1024,
  "descriptor": "orbit5",
  "variant": "biased",
  "num_bootstrap": 100,
  "mmd_mean": 0.0020248972673858035,
  "mmd_std": 9.71036970133499e-05,
  "mmd_low": 0.0019530806416868053,
  "mmd_high": 0.0022461049009880984,
  "mmd_runtime_seconds": 45.869465,
  "mmd_runtime_perf_seconds": 45.869465
}