{
  "dataset": "planar",
  "model": "test",
  "subsample_size": 64,
  "descriptor": "orbit4",
  "variant": "biased",
  "num_bootstrap": 100,
  "mmd_mean": 0.0365278240735031,
  "mmd_std": 0.005583385527018148,
  "mmd_low": 0.031242208217801697,
  "mmd_high": 0.05399821634425066,
  "mmd_runtime_seconds": 0.428304,
  "mmd_runtime_perf_seconds": 0.428304
}