{
  "dataset": "sbm",
  "model": "ESGG",
  "subsample_size": 512,
  "descriptor": "degree",
  "variant": "umve",
  "num_bootstrap": 100,
  "mmd_mean": 0.030835210821564887,
  "mmd_std": 0.005127378586244423,
  "mmd_low": 0.022446861734141746,
  "mmd_high": 0.04118773138704455,
  "mmd_runtime_seconds": 16.042113,
  "mmd_runtime_perf_seconds": 16.042113
}