{
  "dataset": "sbm",
  "model": "ESGG",
  "subsample_size": 1024,
  "descriptor": "gin",
  "variant": "biased",
  "num_bootstrap": 100,
  "mmd_mean": 0.42555603264668385,
  "mmd_std": 0.014898223616363414,
  "mmd_low": 0.39763906316230624,
  "mmd_high": 0.454788771534024,
  "mmd_runtime_seconds": 292.143629,
  "mmd_runtime_perf_seconds": 292.143629
}