{
  "dataset": "lobster",
  "model": "test",
  "subsample_size": 256,
  "descriptor": "orbit5",
  "variant": "biased",
  "num_bootstrap": 100,
  "mmd_mean": 0.008166293563307525,
  "mmd_std": 0.0012350023019983031,
  "mmd_low": 0.006865988160563489,
  "mmd_high": 0.011525230677543186,
  "mmd_runtime_seconds": 3.233298,
  "mmd_runtime_perf_seconds": 3.233298
}