{
  "dataset": "sbm",
  "model": "GRAN",
  "subsample_size": 32,
  "descriptor": "degree",
  "variant": "umve",
  "num_bootstrap": 100,
  "mmd_mean": 0.04980120811633292,
  "mmd_std": 0.023900753091428518,
  "mmd_low": 0.012879022247607948,
  "mmd_high": 0.0949979533930982,
  "mmd_runtime_seconds": 3.185746,
  "mmd_runtime_perf_seconds": 3.185746
}