{
  "dataset": "planar",
  "model": "DIGRESS",
  "subsample_size": 128,
  "descriptor": "clustering",
  "variant": "biased",
  "num_bootstrap": 100,
  "mmd_mean": 0.024853068626814006,
  "mmd_std": 0.007707780398304376,
  "mmd_low": 0.015625,
  "mmd_high": 0.04280857341175577,
  "mmd_runtime_seconds": 11.898682,
  "mmd_runtime_perf_seconds": 11.898682
}