{
  "dataset": "planar",
  "model": "AUTOGRAPH",
  "subsample_size": 1024,
  "descriptor": "gin",
  "variant": "umve",
  "num_bootstrap": 100,
  "mmd_mean": 0.003233917240608423,
  "mmd_std": 0.0015742597959661879,
  "mmd_low": 0.0010850454143912641,
  "mmd_high": 0.006580000690682568,
  "mmd_runtime_seconds": 158.602452,
  "mmd_runtime_perf_seconds": 158.602452
}