{
  "dataset": "planar",
  "model": "test",
  "subsample_size": 16,
  "descriptor": "gin",
  "variant": "biased",
  "num_bootstrap": 100,
  "mmd_mean": 0.12976413802784825,
  "mmd_std": 0.010871123200650564,
  "mmd_low": 0.12455967267830897,
  "mmd_high": 0.16386916423464803,
  "mmd_runtime_seconds": 3.142541,
  "mmd_runtime_perf_seconds": 3.142541
}