{
  "dataset": "planar",
  "model": "DIGRESS",
  "subsample_size": 512,
  "descriptor": "orbit5",
  "variant": "biased",
  "num_bootstrap": 100,
  "mmd_mean": 0.04477137046562286,
  "mmd_std": 0.009384334561646293,
  "mmd_low": 0.029030732470635458,
  "mmd_high": 0.06364697560593367,
  "mmd_runtime_seconds": 15.545591,
  "mmd_runtime_perf_seconds": 15.545591
}