{
  "dataset": "sbm",
  "model": "ESGG",
  "subsample_size": 16,
  "descriptor": "orbit4",
  "variant": "biased",
  "num_bootstrap": 100,
  "mmd_mean": 0.16593720615074198,
  "mmd_std": 0.04452014262558519,
  "mmd_low": 0.12499601996871863,
  "mmd_high": 0.2834535093921759,
  "mmd_runtime_seconds": 1.976396,
  "mmd_runtime_perf_seconds": 1.976396
}