{
  "dataset": "planar",
  "model": "GRAN",
  "subsample_size": 8,
  "descriptor": "spectral",
  "variant": "biased",
  "num_bootstrap": 100,
  "mmd_mean": 0.25688588896410514,
  "mmd_std": 0.013676553763842582,
  "mmd_low": 0.25,
  "mmd_high": 0.2812800519440516,
  "mmd_runtime_seconds": 16.11551,
  "mmd_runtime_perf_seconds": 16.11551
}