{
  "dataset": "sbm",
  "model": "GRAN",
  "subsample_size": 16,
  "descriptor": "orbit5",
  "variant": "biased",
  "num_bootstrap": 100,
  "mmd_mean": 0.14679086649531756,
  "mmd_std": 0.03393434791262305,
  "mmd_low": 0.12055433420882851,
  "mmd_high": 0.2516502615987032,
  "mmd_runtime_seconds": 16.378523,
  "mmd_runtime_perf_seconds": 16.378523
}