{
  "dataset": "sbm",
  "model": "ESGG",
  "subsample_size": 64,
  "descriptor": "orbit5",
  "variant": "umve",
  "num_bootstrap": 100,
  "mmd_mean": 0.09135783032655409,
  "mmd_std": 0.02448695473259708,
  "mmd_low": 0.04657228882600008,
  "mmd_high": 0.1381785933392024,
  "mmd_runtime_seconds": 6.452742,
  "mmd_runtime_perf_seconds": 6.452742
}