{
  "dataset": "lobster",
  "model": "ESGG",
  "subsample_size": 512,
  "descriptor": "orbit4",
  "variant": "biased",
  "num_bootstrap": 100,
  "mmd_mean": 0.22925085962591424,
  "mmd_std": 0.02114743869415933,
  "mmd_low": 0.1884621965532759,
  "mmd_high": 0.267258642594063,
  "mmd_runtime_seconds": 13.293103,
  "mmd_runtime_perf_seconds": 13.293103
}