{
  "dataset": "lobster",
  "model": "AUTOGRAPH",
  "subsample_size": 2048,
  "descriptor": "orbit4",
  "variant": "biased",
  "num_bootstrap": 100,
  "mmd_mean": 0.009698491560846931,
  "mmd_std": 0.0019010603420545158,
  "mmd_low": 0.006573328739658585,
  "mmd_high": 0.013683648804492276,
  "mmd_runtime_seconds": 232.772938,
  "mmd_runtime_perf_seconds": 232.772938
}