{
  "dataset": "sbm",
  "model": "DIGRESS",
  "subsample_size": 32,
  "descriptor": "clustering",
  "variant": "biased",
  "num_bootstrap": 100,
  "mmd_mean": 0.06288224484097568,
  "mmd_std": 0.0007979031385152398,
  "mmd_low": 0.0625,
  "mmd_high": 0.06462215626622624,
  "mmd_runtime_seconds": 24.326438,
  "mmd_runtime_perf_seconds": 24.326438
}