{
  "dataset": "planar",
  "model": "DIGRESS",
  "subsample_size": 8,
  "descriptor": "orbit4",
  "variant": "umve",
  "num_bootstrap": 100,
  "mmd_mean": 0.06250003412215645,
  "mmd_std": 0.07196611643508152,
  "mmd_low": -7.29714827206383e-16,
  "mmd_high": 0.23988551152964555,
  "mmd_runtime_seconds": 3.771261,
  "mmd_runtime_perf_seconds": 3.771261
}