{
  "dataset": "planar",
  "model": "test",
  "subsample_size": 2048,
  "descriptor": "gin",
  "variant": "umve",
  "num_bootstrap": 100,
  "mmd_mean": 0.00016360601977851257,
  "mmd_std": 0.00023980578940461,
  "mmd_low": -4.553595513523412e-06,
  "mmd_high": 0.0006468974085954258,
  "mmd_runtime_seconds": 341.411799,
  "mmd_runtime_perf_seconds": 341.411799
}