{
  "dataset": "planar",
  "model": "test",
  "subsample_size": 128,
  "descriptor": "orbit5",
  "variant": "umve",
  "num_bootstrap": 100,
  "mmd_mean": 0.008458047942452659,
  "mmd_std": 0.005862879310388401,
  "mmd_low": 0.00082369014300975,
  "mmd_high": 0.021987619459183927,
  "mmd_runtime_seconds": 1.30565,
  "mmd_runtime_perf_seconds": 1.30565
}