{
  "dataset": "lobster",
  "model": "DIGRESS",
  "subsample_size": 1024,
  "descriptor": "gin",
  "variant": "biased",
  "num_bootstrap": 100,
  "mmd_mean": 0.002374517156624503,
  "mmd_std": 0.0005597045603035117,
  "mmd_low": 0.0019374315420094654,
  "mmd_high": 0.0038484241023842005,
  "mmd_runtime_seconds": 92.093489,
  "mmd_runtime_perf_seconds": 92.093489
}