{
  "dataset": "planar",
  "model": "DIGRESS",
  "subsample_size": 8,
  "descriptor": "spectral",
  "variant": "umve",
  "num_bootstrap": 100,
  "mmd_mean": 0.00433177091305887,
  "mmd_std": 0.0076083892315128646,
  "mmd_low": 0.0,
  "mmd_high": 0.028016539248361793,
  "mmd_runtime_seconds": 17.022708,
  "mmd_runtime_perf_seconds": 17.022708
}