{
  "dataset": "sbm",
  "model": "GRAN",
  "subsample_size": 32,
  "descriptor": "orbit4",
  "variant": "umve",
  "num_bootstrap": 100,
  "mmd_mean": 0.03985373247527133,
  "mmd_std": 0.03450916778141394,
  "mmd_low": -0.00023473034105908614,
  "mmd_high": 0.12515664682075453,
  "mmd_runtime_seconds": 5.215443,
  "mmd_runtime_perf_seconds": 5.215443
}