{
  "dataset": "lobster",
  "model": "AUTOGRAPH",
  "subsample_size": 256,
  "descriptor": "degree",
  "variant": "biased",
  "num_bootstrap": 100,
  "mmd_mean": 0.01393795213993247,
  "mmd_std": 0.005156812336474075,
  "mmd_low": 0.007810263299759985,
  "mmd_high": 0.025309718327780034,
  "mmd_runtime_seconds": 6.033123,
  "mmd_runtime_perf_seconds": 6.033123
}