{
  "dataset": "sbm",
  "model": "test",
  "subsample_size": 4096,
  "descriptor": "orbit4",
  "variant": "biased",
  "num_bootstrap": 100,
  "mmd_mean": 0.0005335504055735743,
  "mmd_std": 0.00010139203306114229,
  "mmd_low": 0.00048267809576093087,
  "mmd_high": 0.0008296947215275935,
  "mmd_runtime_seconds": 753.827251,
  "mmd_runtime_perf_seconds": 753.827251
}