{
  "dataset": "sbm",
  "model": "DIGRESS",
  "subsample_size": 128,
  "descriptor": "orbit5",
  "variant": "biased",
  "num_bootstrap": 100,
  "mmd_mean": 0.018560220663562974,
  "mmd_std": 0.004192401276423383,
  "mmd_low": 0.015563975313514606,
  "mmd_high": 0.030239880045050165,
  "mmd_runtime_seconds": 21.539114,
  "mmd_runtime_perf_seconds": 21.539114
}