{
  "dataset": "planar",
  "model": "GRAN",
  "subsample_size": 1024,
  "descriptor": "clustering",
  "variant": "umve",
  "num_bootstrap": 100,
  "mmd_mean": 0.007956771484444075,
  "mmd_std": 0.0001541325563985234,
  "mmd_low": 0.007654962676321808,
  "mmd_high": 0.008246056565563691,
  "mmd_runtime_seconds": 62.900443,
  "mmd_runtime_perf_seconds": 62.900443
}