{
  "dataset": "lobster",
  "model": "test",
  "subsample_size": 128,
  "descriptor": "orbit5",
  "variant": "biased",
  "num_bootstrap": 100,
  "mmd_mean": 0.01611015898149666,
  "mmd_std": 0.0014195573338838493,
  "mmd_low": 0.014984162919560793,
  "mmd_high": 0.019273544806610976,
  "mmd_runtime_seconds": 0.940133,
  "mmd_runtime_perf_seconds": 0.940133
}