{
  "dataset": "lobster",
  "model": "GRAN",
  "subsample_size": 8,
  "descriptor": "orbit4",
  "variant": "umve",
  "num_bootstrap": 100,
  "mmd_mean": 0.19961546937527053,
  "mmd_std": 0.11926981560967947,
  "mmd_low": 0.009673978642252577,
  "mmd_high": 0.43832792181132385,
  "mmd_runtime_seconds": 1.46412,
  "mmd_runtime_perf_seconds": 1.46412
}