{
  "dataset": "lobster",
  "model": "GRAN",
  "subsample_size": 1024,
  "descriptor": "spectral",
  "variant": "umve",
  "num_bootstrap": 100,
  "mmd_mean": 0.23755257267740126,
  "mmd_std": 0.014024213399248423,
  "mmd_low": 0.2098219280555184,
  "mmd_high": 0.26300130390098697,
  "mmd_runtime_seconds": 66.126737,
  "mmd_runtime_perf_seconds": 66.126737
}