{
  "dataset": "lobster",
  "model": "DIGRESS",
  "subsample_size": 32,
  "descriptor": "orbit4",
  "variant": "biased",
  "num_bootstrap": 100,
  "mmd_mean": 0.0689115871208427,
  "mmd_std": 0.01427846607474401,
  "mmd_low": 0.05840474346801923,
  "mmd_high": 0.1068203392884283,
  "mmd_runtime_seconds": 2.668394,
  "mmd_runtime_perf_seconds": 2.668394
}