{
  "dataset": "planar",
  "model": "ESGG",
  "subsample_size": 8,
  "descriptor": "clustering",
  "variant": "umve",
  "num_bootstrap": 100,
  "mmd_mean": 0.02762252982673176,
  "mmd_std": 0.037610672609808375,
  "mmd_low": -4.917944215121108e-117,
  "mmd_high": 0.12811767778106292,
  "mmd_runtime_seconds": 4.179811,
  "mmd_runtime_perf_seconds": 4.179811
}