{
  "dataset": "planar",
  "model": "GRAN",
  "subsample_size": 32,
  "descriptor": "orbit5",
  "variant": "biased",
  "num_bootstrap": 100,
  "mmd_mean": 0.07565607876502019,
  "mmd_std": 0.011190510472583825,
  "mmd_low": 0.06637200379700008,
  "mmd_high": 0.1064528501273713,
  "mmd_runtime_seconds": 4.30163,
  "mmd_runtime_perf_seconds": 4.30163
}