{
  "dataset": "planar",
  "model": "GRAN",
  "subsample_size": 512,
  "descriptor": "orbit4",
  "variant": "umve",
  "num_bootstrap": 100,
  "mmd_mean": 0.009093204185361416,
  "mmd_std": 0.0014864647192082225,
  "mmd_low": 0.007630296277789129,
  "mmd_high": 0.013044845042799869,
  "mmd_runtime_seconds": 14.481796,
  "mmd_runtime_perf_seconds": 14.481796
}