{
  "dataset": "lobster",
  "model": "ESGG",
  "subsample_size": 512,
  "descriptor": "spectral",
  "variant": "biased",
  "num_bootstrap": 100,
  "mmd_mean": 0.07437503808222987,
  "mmd_std": 0.009180786756169674,
  "mmd_low": 0.057802873347867434,
  "mmd_high": 0.09318645765451179,
  "mmd_runtime_seconds": 24.000494,
  "mmd_runtime_perf_seconds": 24.000494
}