{
  "dataset": "planar",
  "model": "AUTOGRAPH",
  "subsample_size": 256,
  "descriptor": "orbit4",
  "variant": "umve",
  "num_bootstrap": 100,
  "mmd_mean": 0.003630273473398159,
  "mmd_std": 0.003174876312782892,
  "mmd_low": -5.774909999753547e-07,
  "mmd_high": 0.010312396908345029,
  "mmd_runtime_seconds": 6.030141,
  "mmd_runtime_perf_seconds": 6.030141
}