{
  "dataset": "sbm",
  "model": "test",
  "subsample_size": 2048,
  "descriptor": "clustering",
  "variant": "umve",
  "num_bootstrap": 100,
  "mmd_mean": 6.651135326971322e-05,
  "mmd_std": 6.471097171911192e-05,
  "mmd_low": -4.4440905138688213e-240,
  "mmd_high": 0.00022870124944469322,
  "mmd_runtime_seconds": 222.158484,
  "mmd_runtime_perf_seconds": 222.158484
}