{
  "dataset": "planar",
  "model": "GRAN",
  "subsample_size": 32,
  "descriptor": "orbit5",
  "variant": "umve",
  "num_bootstrap": 100,
  "mmd_mean": 0.019328350711937007,
  "mmd_std": 0.01873487217343365,
  "mmd_low": 0.00403225806451387,
  "mmd_high": 0.07057149285879108,
  "mmd_runtime_seconds": 4.390026,
  "mmd_runtime_perf_seconds": 4.390026
}