{
  "dataset": "lobster",
  "model": "AUTOGRAPH",
  "subsample_size": 256,
  "descriptor": "orbit5",
  "variant": "biased",
  "num_bootstrap": 100,
  "mmd_mean": 0.013254710301425887,
  "mmd_std": 0.0052160636784322565,
  "mmd_low": 0.007433435614112589,
  "mmd_high": 0.02419817238309315,
  "mmd_runtime_seconds": 5.484334,
  "mmd_runtime_perf_seconds": 5.484334
}