{
  "dataset": "lobster",
  "model": "test",
  "subsample_size": 4096,
  "descriptor": "degree",
  "variant": "umve",
  "num_bootstrap": 100,
  "mmd_mean": 6.54689662418335e-05,
  "mmd_std": 9.157014266836973e-05,
  "mmd_low": -7.987753703361898e-07,
  "mmd_high": 0.00030965985344339457,
  "mmd_runtime_seconds": 896.335764,
  "mmd_runtime_perf_seconds": 896.335764
}