{
  "dataset": "planar",
  "model": "ESGG",
  "subsample_size": 4096,
  "descriptor": "gin",
  "variant": "umve",
  "num_bootstrap": 100,
  "mmd_mean": 0.03241121042152777,
  "mmd_std": 0.0014411728044633428,
  "mmd_low": 0.029772396933251073,
  "mmd_high": 0.035311059864775354,
  "mmd_runtime_seconds": 1028.116707,
  "mmd_runtime_perf_seconds": 1028.116707
}