{
  "dataset": "sbm",
  "model": "ESGG",
  "subsample_size": 16,
  "descriptor": "orbit5",
  "variant": "biased",
  "num_bootstrap": 100,
  "mmd_mean": 0.19213891095540025,
  "mmd_std": 0.046158723539503,
  "mmd_low": 0.13077397990413353,
  "mmd_high": 0.3118497493465056,
  "mmd_runtime_seconds": 5.092578,
  "mmd_runtime_perf_seconds": 5.092578
}