{
  "dataset": "planar",
  "model": "DIGRESS",
  "subsample_size": 4096,
  "descriptor": "gin",
  "variant": "biased",
  "num_bootstrap": 100,
  "mmd_mean": 0.026546870504950252,
  "mmd_std": 0.0022707782005115715,
  "mmd_low": 0.02209584200834864,
  "mmd_high": 0.031059275802930164,
  "mmd_runtime_seconds": 1065.507061,
  "mmd_runtime_perf_seconds": 1065.507061
}