{
  "dataset": "lobster",
  "model": "GRAN",
  "subsample_size": 1024,
  "descriptor": "spectral",
  "variant": "biased",
  "num_bootstrap": 100,
  "mmd_mean": 0.23870181085550818,
  "mmd_std": 0.014014202768553325,
  "mmd_low": 0.2109912539895257,
  "mmd_high": 0.26412956974740676,
  "mmd_runtime_seconds": 65.375704,
  "mmd_runtime_perf_seconds": 65.375704
}