{
  "dataset": "planar",
  "model": "DIGRESS",
  "subsample_size": 8,
  "descriptor": "degree",
  "variant": "biased",
  "num_bootstrap": 100,
  "mmd_mean": 0.26587928219376566,
  "mmd_std": 0.03069127316920247,
  "mmd_low": 0.25,
  "mmd_high": 0.3635332852210559,
  "mmd_runtime_seconds": 2.880511,
  "mmd_runtime_perf_seconds": 2.880511
}