{
  "dataset": "sbm",
  "model": "test",
  "subsample_size": 128,
  "descriptor": "orbit4",
  "variant": "umve",
  "num_bootstrap": 100,
  "mmd_mean": 0.0015524640359702334,
  "mmd_std": 0.002750607118241356,
  "mmd_low": -7.243598067022129e-05,
  "mmd_high": 0.010193902227442821,
  "mmd_runtime_seconds": 1.672328,
  "mmd_runtime_perf_seconds": 1.672328
}