{
  "dataset": "sbm",
  "model": "test",
  "subsample_size": 1024,
  "descriptor": "gin",
  "variant": "umve",
  "num_bootstrap": 100,
  "mmd_mean": 0.00036324821816960477,
  "mmd_std": 0.00048287242333917645,
  "mmd_low": -7.976095592304722e-06,
  "mmd_high": 0.001753888993947108,
  "mmd_runtime_seconds": 278.568471,
  "mmd_runtime_perf_seconds": 278.568471
}