{
  "dataset": "lobster",
  "model": "DIGRESS",
  "subsample_size": 4096,
  "descriptor": "clustering",
  "variant": "biased",
  "num_bootstrap": 100,
  "mmd_mean": 9.103464694073527e-06,
  "mmd_std": 3.5737337146327335e-06,
  "mmd_low": 2.8054205669703073e-06,
  "mmd_high": 1.7276689737688587e-05,
  "mmd_runtime_seconds": 795.210129,
  "mmd_runtime_perf_seconds": 795.210129
}