{
  "dataset": "planar",
  "model": "test",
  "subsample_size": 128,
  "descriptor": "gin",
  "variant": "umve",
  "num_bootstrap": 100,
  "mmd_mean": 0.0030673376161737286,
  "mmd_std": 0.003403040519573596,
  "mmd_low": -1.1625847891732897e-06,
  "mmd_high": 0.010464876198744342,
  "mmd_runtime_seconds": 12.258096,
  "mmd_runtime_perf_seconds": 12.258096
}