{
  "dataset": "planar",
  "model": "GRAN",
  "subsample_size": 2048,
  "descriptor": "gin",
  "variant": "umve",
  "num_bootstrap": 100,
  "mmd_mean": 0.009458676627885123,
  "mmd_std": 0.0012344149113752614,
  "mmd_low": 0.00795003655565924,
  "mmd_high": 0.012194112900110056,
  "mmd_runtime_seconds": 369.960566,
  "mmd_runtime_perf_seconds": 369.960566
}