{
  "dataset": "sbm",
  "model": "ESGG",
  "subsample_size": 64,
  "descriptor": "orbit4",
  "variant": "biased",
  "num_bootstrap": 100,
  "mmd_mean": 0.09307727662558031,
  "mmd_std": 0.03066877551658711,
  "mmd_low": 0.051632845900429575,
  "mmd_high": 0.16139657163747417,
  "mmd_runtime_seconds": 2.846079,
  "mmd_runtime_perf_seconds": 2.846079
}