{
  "dataset": "sbm",
  "model": "AUTOGRAPH",
  "subsample_size": 4096,
  "descriptor": "clustering",
  "variant": "umve",
  "num_bootstrap": 100,
  "mmd_mean": 0.0006000861065562784,
  "mmd_std": 0.0001544605209310631,
  "mmd_low": 0.00035542329655723076,
  "mmd_high": 0.0009697918175897514,
  "mmd_runtime_seconds": 1016.758171,
  "mmd_runtime_perf_seconds": 1016.758171
}