{
  "dataset": "sbm",
  "model": "ESGG",
  "subsample_size": 2048,
  "descriptor": "clustering",
  "variant": "umve",
  "num_bootstrap": 100,
  "mmd_mean": 0.05296107898234499,
  "mmd_std": 0.0018463345077387755,
  "mmd_low": 0.04942602401721928,
  "mmd_high": 0.05624568554804298,
  "mmd_runtime_seconds": 243.087627,
  "mmd_runtime_perf_seconds": 243.087627
}