{
  "dataset": "planar",
  "model": "ESGG",
  "subsample_size": 2048,
  "descriptor": "orbit5",
  "variant": "umve",
  "num_bootstrap": 100,
  "mmd_mean": 0.028822433732704864,
  "mmd_std": 0.0029594221526223295,
  "mmd_low": 0.023960486003189056,
  "mmd_high": 0.03500174252905075,
  "mmd_runtime_seconds": 173.334092,
  "mmd_runtime_perf_seconds": 173.334092
}