{
  "dataset": "sbm",
  "model": "GRAN",
  "subsample_size": 4096,
  "descriptor": "gin",
  "variant": "biased",
  "num_bootstrap": 100,
  "mmd_mean": 0.05703053635643021,
  "mmd_std": 0.0021021975513393206,
  "mmd_low": 0.05301539132344601,
  "mmd_high": 0.061603187696867547,
  "mmd_runtime_seconds": 1630.857304,
  "mmd_runtime_perf_seconds": 1630.857304
}