{
  "dataset": "sbm",
  "model": "AUTOGRAPH",
  "subsample_size": 16,
  "descriptor": "orbit4",
  "variant": "umve",
  "num_bootstrap": 100,
  "mmd_mean": 0.03865798777724845,
  "mmd_std": 0.06140804262008635,
  "mmd_low": -0.0004836945477871965,
  "mmd_high": 0.18286044577070265,
  "mmd_runtime_seconds": 6.22329,
  "mmd_runtime_perf_seconds": 6.22329
}