{
  "dataset": "planar",
  "model": "AUTOGRAPH",
  "subsample_size": 1024,
  "descriptor": "clustering",
  "variant": "umve",
  "num_bootstrap": 100,
  "mmd_mean": 0.0004979249555977214,
  "mmd_std": 0.00044587762794555754,
  "mmd_low": -2.0527493045419744e-06,
  "mmd_high": 0.0014909473013998904,
  "mmd_runtime_seconds": 78.268193,
  "mmd_runtime_perf_seconds": 78.268193
}