{
  "dataset": "lobster",
  "model": "test",
  "subsample_size": 64,
  "descriptor": "spectral",
  "variant": "biased",
  "num_bootstrap": 100,
  "mmd_mean": 0.03172186229706888,
  "mmd_std": 0.00023595711631759888,
  "mmd_low": 0.031249999999994393,
  "mmd_high": 0.032230222405294794,
  "mmd_runtime_seconds": 1.353458,
  "mmd_runtime_perf_seconds": 1.353458
}