{
  "dataset": "planar",
  "model": "GRAN",
  "subsample_size": 2048,
  "descriptor": "orbit4",
  "variant": "umve",
  "num_bootstrap": 100,
  "mmd_mean": 0.008766154168262446,
  "mmd_std": 0.0005736838263903222,
  "mmd_low": 0.007964373685244793,
  "mmd_high": 0.009963551483083212,
  "mmd_runtime_seconds": 173.584299,
  "mmd_runtime_perf_seconds": 173.584299
}