{
  "dataset": "planar",
  "model": "test",
  "subsample_size": 32,
  "descriptor": "orbit4",
  "variant": "biased",
  "num_bootstrap": 100,
  "mmd_mean": 0.06885529752044786,
  "mmd_std": 0.01161517041968569,
  "mmd_low": 0.06248718289225867,
  "mmd_high": 0.10320515589546381,
  "mmd_runtime_seconds": 0.255338,
  "mmd_runtime_perf_seconds": 0.255338
}