{
  "dataset": "planar",
  "model": "test",
  "subsample_size": 256,
  "descriptor": "clustering",
  "variant": "umve",
  "num_bootstrap": 100,
  "mmd_mean": 0.0009591496263062039,
  "mmd_std": 0.0011675579047160868,
  "mmd_low": -3.9980089445480065e-06,
  "mmd_high": 0.003958175617104628,
  "mmd_runtime_seconds": 4.880534,
  "mmd_runtime_perf_seconds": 4.880534
}