{
  "dataset": "planar",
  "model": "GRAN",
  "subsample_size": 2048,
  "descriptor": "degree",
  "variant": "biased",
  "num_bootstrap": 100,
  "mmd_mean": 0.008731137844665412,
  "mmd_std": 8.386571255532265e-05,
  "mmd_low": 0.008597266674041749,
  "mmd_high": 0.008862292766571045,
  "mmd_runtime_seconds": 169.826967,
  "mmd_runtime_perf_seconds": 169.826967
}