{
  "dataset": "sbm",
  "model": "DIGRESS",
  "subsample_size": 256,
  "descriptor": "spectral",
  "variant": "umve",
  "num_bootstrap": 100,
  "mmd_mean": 0.00043108251368787295,
  "mmd_std": 0.00045471514790721074,
  "mmd_low": 0.0,
  "mmd_high": 0.001608626171147458,
  "mmd_runtime_seconds": 34.213726,
  "mmd_runtime_perf_seconds": 34.213726
}