{
  "dataset": "planar",
  "model": "GRAN",
  "subsample_size": 4096,
  "descriptor": "gin",
  "variant": "umve",
  "num_bootstrap": 100,
  "mmd_mean": 0.00909661156924859,
  "mmd_std": 0.0007137750042623183,
  "mmd_low": 0.007975408545293921,
  "mmd_high": 0.010953976559821088,
  "mmd_runtime_seconds": 1008.956657,
  "mmd_runtime_perf_seconds": 1008.956657
}