{
  "dataset": "sbm",
  "model": "AUTOGRAPH",
  "subsample_size": 512,
  "descriptor": "gin",
  "variant": "biased",
  "num_bootstrap": 100,
  "mmd_mean": 0.00450758644140884,
  "mmd_std": 0.0015600904365632587,
  "mmd_low": 0.003862782490430471,
  "mmd_high": 0.0069002475665267534,
  "mmd_runtime_seconds": 207.44297,
  "mmd_runtime_perf_seconds": 207.44297
}