{
  "dataset": "sbm",
  "model": "test",
  "subsample_size": 16,
  "descriptor": "spectral",
  "variant": "umve",
  "num_bootstrap": 100,
  "mmd_mean": 0.0039785801413779655,
  "mmd_std": 0.00542517776722887,
  "mmd_low": 1.5249522430699985e-12,
  "mmd_high": 0.01704316919801419,
  "mmd_runtime_seconds": 0.589044,
  "mmd_runtime_perf_seconds": 0.589044
}