{
  "dataset": "planar",
  "model": "AUTOGRAPH",
  "subsample_size": 16,
  "descriptor": "orbit5",
  "variant": "umve",
  "num_bootstrap": 100,
  "mmd_mean": 0.024269080689439573,
  "mmd_std": 0.03306126767289456,
  "mmd_low": -1.448267942217781e-16,
  "mmd_high": 0.11222491821059576,
  "mmd_runtime_seconds": 5.335831,
  "mmd_runtime_perf_seconds": 5.335831
}