{
  "dataset": "planar",
  "model": "DIGRESS",
  "subsample_size": 64,
  "descriptor": "spectral",
  "variant": "umve",
  "num_bootstrap": 100,
  "mmd_mean": 0.001884346066751731,
  "mmd_std": 0.0015166025232905777,
  "mmd_low": 0.0,
  "mmd_high": 0.005292895527661397,
  "mmd_runtime_seconds": 19.731968,
  "mmd_runtime_perf_seconds": 19.731968
}