{
  "dataset": "sbm",
  "model": "test",
  "subsample_size": 32,
  "descriptor": "gin",
  "variant": "umve",
  "num_bootstrap": 100,
  "mmd_mean": 0.0017351744896830393,
  "mmd_std": 0.005084499663936297,
  "mmd_low": -0.00020159949350547212,
  "mmd_high": 0.018622458961333514,
  "mmd_runtime_seconds": 7.896736,
  "mmd_runtime_perf_seconds": 7.896736
}