{
  "dataset": "planar",
  "model": "DIGRESS",
  "subsample_size": 16,
  "descriptor": "clustering",
  "variant": "biased",
  "num_bootstrap": 100,
  "mmd_mean": 0.13619684638606222,
  "mmd_std": 0.020806707289418067,
  "mmd_low": 0.125,
  "mmd_high": 0.20092412909619323,
  "mmd_runtime_seconds": 9.839451,
  "mmd_runtime_perf_seconds": 9.839451
}