{
  "dataset": "planar",
  "model": "GRAN",
  "subsample_size": 256,
  "descriptor": "clustering",
  "variant": "biased",
  "num_bootstrap": 100,
  "mmd_mean": 0.0157874247538986,
  "mmd_std": 0.0008372041068506624,
  "mmd_low": 0.014862936359755385,
  "mmd_high": 0.017846099086566106,
  "mmd_runtime_seconds": 12.92631,
  "mmd_runtime_perf_seconds": 12.92631
}