{
  "dataset": "lobster",
  "model": "AUTOGRAPH",
  "subsample_size": 512,
  "descriptor": "clustering",
  "variant": "umve",
  "num_bootstrap": 100,
  "mmd_mean": 4.5869708153278846e-05,
  "mmd_std": 5.1546699718282045e-05,
  "mmd_low": 3.552713678800501e-15,
  "mmd_high": 0.00017855713303428498,
  "mmd_runtime_seconds": 19.483064,
  "mmd_runtime_perf_seconds": 19.483064
}