{
  "dataset": "lobster",
  "model": "AUTOGRAPH",
  "subsample_size": 16,
  "descriptor": "spectral",
  "variant": "umve",
  "num_bootstrap": 100,
  "mmd_mean": 0.01964388755791281,
  "mmd_std": 0.02756797839534354,
  "mmd_low": -2.473681338323058e-220,
  "mmd_high": 0.10801704802901961,
  "mmd_runtime_seconds": 16.702881,
  "mmd_runtime_perf_seconds": 16.702881
}