{
  "dataset": "planar",
  "model": "test",
  "subsample_size": 4096,
  "descriptor": "orbit5",
  "variant": "umve",
  "num_bootstrap": 100,
  "mmd_mean": 7.86337569987727e-05,
  "mmd_std": 0.00011019276533582278,
  "mmd_low": -2.2333489973487657e-08,
  "mmd_high": 0.0003227848535403669,
  "mmd_runtime_seconds": 745.715441,
  "mmd_runtime_perf_seconds": 745.715441
}