{
  "dataset": "sbm",
  "model": "test",
  "subsample_size": 2048,
  "descriptor": "gin",
  "variant": "biased",
  "num_bootstrap": 100,
  "mmd_mean": 0.0010228343850234045,
  "mmd_std": 0.00012126618321840474,
  "mmd_low": 0.0009701482796260043,
  "mmd_high": 0.001388969056618415,
  "mmd_runtime_seconds": 628.354652,
  "mmd_runtime_perf_seconds": 628.354652
}