{
  "dataset": "planar",
  "model": "DIGRESS",
  "subsample_size": 16,
  "descriptor": "spectral",
  "variant": "umve",
  "num_bootstrap": 100,
  "mmd_mean": 0.0033374415728917605,
  "mmd_std": 0.0041903909430971555,
  "mmd_low": 0.0,
  "mmd_high": 0.013957694602305884,
  "mmd_runtime_seconds": 17.17714,
  "mmd_runtime_perf_seconds": 17.17714
}