{
  "dataset": "lobster",
  "model": "GRAN",
  "subsample_size": 16,
  "descriptor": "orbit5",
  "variant": "umve",
  "num_bootstrap": 100,
  "mmd_mean": 0.18777859568444982,
  "mmd_std": 0.0954309027796767,
  "mmd_low": 0.04298919268094386,
  "mmd_high": 0.40403649868521724,
  "mmd_runtime_seconds": 2.642593,
  "mmd_runtime_perf_seconds": 2.642593
}