{
  "dataset": "planar",
  "model": "AUTOGRAPH",
  "subsample_size": 64,
  "descriptor": "orbit4",
  "variant": "umve",
  "num_bootstrap": 100,
  "mmd_mean": 0.009520113594787622,
  "mmd_std": 0.01223800111085472,
  "mmd_low": -4.936982344405285e-06,
  "mmd_high": 0.04454379150154523,
  "mmd_runtime_seconds": 4.75982,
  "mmd_runtime_perf_seconds": 4.75982
}