{
  "dataset": "lobster",
  "model": "ESGG",
  "subsample_size": 128,
  "descriptor": "orbit4",
  "variant": "biased",
  "num_bootstrap": 100,
  "mmd_mean": 0.24484450799397894,
  "mmd_std": 0.04228526485164466,
  "mmd_low": 0.1654842817355096,
  "mmd_high": 0.3313641231488533,
  "mmd_runtime_seconds": 2.279672,
  "mmd_runtime_perf_seconds": 2.279672
}