{
  "dataset": "lobster",
  "model": "AUTOGRAPH",
  "subsample_size": 64,
  "descriptor": "gin",
  "variant": "biased",
  "num_bootstrap": 100,
  "mmd_mean": 0.04236820040074102,
  "mmd_std": 0.017614159014106193,
  "mmd_low": 0.030764858302572962,
  "mmd_high": 0.09969270744360077,
  "mmd_runtime_seconds": 17.574119,
  "mmd_runtime_perf_seconds": 17.574119
}