{
  "dataset": "planar",
  "model": "GRAN",
  "subsample_size": 16,
  "descriptor": "degree",
  "variant": "biased",
  "num_bootstrap": 100,
  "mmd_mean": 0.1399827262037945,
  "mmd_std": 0.020279247067520545,
  "mmd_low": 0.125,
  "mmd_high": 0.18490461589079077,
  "mmd_runtime_seconds": 2.895136,
  "mmd_runtime_perf_seconds": 2.895136
}