{
  "dataset": "planar",
  "model": "DIGRESS",
  "subsample_size": 16,
  "descriptor": "orbit5",
  "variant": "umve",
  "num_bootstrap": 100,
  "mmd_mean": 0.06671780221422034,
  "mmd_std": 0.06665089820414269,
  "mmd_low": -1.3788243625573034e-23,
  "mmd_high": 0.22613616581517273,
  "mmd_runtime_seconds": 5.605064,
  "mmd_runtime_perf_seconds": 5.605064
}