{
  "dataset": "sbm",
  "model": "GRAN",
  "subsample_size": 32,
  "descriptor": "spectral",
  "variant": "biased",
  "num_bootstrap": 100,
  "mmd_mean": 0.06335996802509734,
  "mmd_std": 0.0017226045677175993,
  "mmd_low": 0.0625,
  "mmd_high": 0.06876546539074443,
  "mmd_runtime_seconds": 26.896915,
  "mmd_runtime_perf_seconds": 26.896915
}