{
  "dataset": "sbm",
  "model": "AUTOGRAPH",
  "subsample_size": 1024,
  "descriptor": "gin",
  "variant": "biased",
  "num_bootstrap": 100,
  "mmd_mean": 0.0022340840517498396,
  "mmd_std": 0.00045421876713841285,
  "mmd_low": 0.0019316019361025655,
  "mmd_high": 0.003629618832157649,
  "mmd_runtime_seconds": 348.545877,
  "mmd_runtime_perf_seconds": 348.545877
}