{
  "dataset": "sbm",
  "model": "AUTOGRAPH",
  "subsample_size": 64,
  "descriptor": "orbit4",
  "variant": "biased",
  "num_bootstrap": 100,
  "mmd_mean": 0.03563601668351368,
  "mmd_std": 0.009741654139425786,
  "mmd_low": 0.030920518324209237,
  "mmd_high": 0.05532898561606421,
  "mmd_runtime_seconds": 7.424612,
  "mmd_runtime_perf_seconds": 7.424612
}