{
  "dataset": "lobster",
  "model": "GRAN",
  "subsample_size": 1024,
  "descriptor": "gin",
  "variant": "biased",
  "num_bootstrap": 100,
  "mmd_mean": 0.13346058365788635,
  "mmd_std": 0.009966831868610335,
  "mmd_low": 0.11610469968186998,
  "mmd_high": 0.15202559421223594,
  "mmd_runtime_seconds": 80.644404,
  "mmd_runtime_perf_seconds": 80.644404
}