{
  "dataset": "sbm",
  "model": "GRAN",
  "subsample_size": 256,
  "descriptor": "orbit5",
  "variant": "umve",
  "num_bootstrap": 100,
  "mmd_mean": 0.03774177851146709,
  "mmd_std": 0.012427961421558973,
  "mmd_low": 0.018900786305785518,
  "mmd_high": 0.06486159047005415,
  "mmd_runtime_seconds": 18.328777,
  "mmd_runtime_perf_seconds": 18.328777
}