{
  "dataset": "sbm",
  "model": "DIGRESS",
  "subsample_size": 4096,
  "descriptor": "gin",
  "variant": "umve",
  "num_bootstrap": 100,
  "mmd_mean": 0.0038551665489045843,
  "mmd_std": 0.0006667384235205811,
  "mmd_low": 0.002498397909298466,
  "mmd_high": 0.005188562803598145,
  "mmd_runtime_seconds": 1907.461293,
  "mmd_runtime_perf_seconds": 1907.461293
}