{
  "dataset": "planar",
  "model": "ESGG",
  "subsample_size": 1024,
  "descriptor": "gin",
  "variant": "umve",
  "num_bootstrap": 100,
  "mmd_mean": 0.03211961703835235,
  "mmd_std": 0.004927514893824053,
  "mmd_low": 0.023182885176354747,
  "mmd_high": 0.04219705074078095,
  "mmd_runtime_seconds": 141.471255,
  "mmd_runtime_perf_seconds": 141.471255
}