{
  "dataset": "planar",
  "model": "ESGG",
  "subsample_size": 4096,
  "descriptor": "degree",
  "variant": "umve",
  "num_bootstrap": 100,
  "mmd_mean": 0.0014052909165884607,
  "mmd_std": 0.00020706708544830882,
  "mmd_low": 0.0010297090636834706,
  "mmd_high": 0.001829860443311032,
  "mmd_runtime_seconds": 726.067861,
  "mmd_runtime_perf_seconds": 726.067861
}