{
  "dataset": "planar",
  "model": "ESGG",
  "subsample_size": 128,
  "descriptor": "degree",
  "variant": "umve",
  "num_bootstrap": 100,
  "mmd_mean": 0.0029061014780527327,
  "mmd_std": 0.00330555066433328,
  "mmd_low": -1.1820968786452889e-48,
  "mmd_high": 0.011936150653268437,
  "mmd_runtime_seconds": 2.564774,
  "mmd_runtime_perf_seconds": 2.564774
}