{
  "dataset": "sbm",
  "model": "ESGG",
  "subsample_size": 8,
  "descriptor": "clustering",
  "variant": "umve",
  "num_bootstrap": 100,
  "mmd_mean": 0.04774837237803629,
  "mmd_std": 0.03131898705045994,
  "mmd_low": 1.4819265318721869e-05,
  "mmd_high": 0.10765879811661162,
  "mmd_runtime_seconds": 6.701221,
  "mmd_runtime_perf_seconds": 6.701221
}