{
  "dataset": "planar",
  "model": "AUTOGRAPH",
  "subsample_size": 4096,
  "descriptor": "orbit5",
  "variant": "biased",
  "num_bootstrap": 100,
  "mmd_mean": 0.0025651702351245885,
  "mmd_std": 0.0010272887104270639,
  "mmd_low": 0.001273045328506435,
  "mmd_high": 0.004669074065608774,
  "mmd_runtime_seconds": 860.364382,
  "mmd_runtime_perf_seconds": 860.364382
}