{
  "dataset": "planar",
  "model": "GRAN",
  "subsample_size": 128,
  "descriptor": "degree",
  "variant": "umve",
  "num_bootstrap": 100,
  "mmd_mean": 0.008819424445891294,
  "mmd_std": 0.002613476617531068,
  "mmd_low": 0.006520669291338582,
  "mmd_high": 0.015182050764497416,
  "mmd_runtime_seconds": 3.229842,
  "mmd_runtime_perf_seconds": 3.229842
}