{
  "dataset": "sbm",
  "model": "test",
  "subsample_size": 8,
  "descriptor": "degree",
  "variant": "umve",
  "num_bootstrap": 100,
  "mmd_mean": 0.010237184702563452,
  "mmd_std": 0.019101882342029957,
  "mmd_low": -1.9245791084095782e-165,
  "mmd_high": 0.06182204417060223,
  "mmd_runtime_seconds": 1.751993,
  "mmd_runtime_perf_seconds": 1.751993
}