{
  "dataset": "sbm",
  "model": "GRAN",
  "subsample_size": 512,
  "descriptor": "spectral",
  "variant": "umve",
  "num_bootstrap": 100,
  "mmd_mean": 0.0037018184325108283,
  "mmd_std": 0.001099880370532758,
  "mmd_low": 0.0018100952599276149,
  "mmd_high": 0.005863408498704863,
  "mmd_runtime_seconds": 41.364708,
  "mmd_runtime_perf_seconds": 41.364708
}