{
  "dataset": "planar",
  "model": "AUTOGRAPH",
  "subsample_size": 32,
  "descriptor": "gin",
  "variant": "umve",
  "num_bootstrap": 100,
  "mmd_mean": 0.012216580301905646,
  "mmd_std": 0.01998457167407764,
  "mmd_low": -0.00020523651885417357,
  "mmd_high": 0.06202145040228803,
  "mmd_runtime_seconds": 37.897778,
  "mmd_runtime_perf_seconds": 37.897778
}