{
  "dataset": "planar",
  "model": "DIGRESS",
  "subsample_size": 128,
  "descriptor": "degree",
  "variant": "biased",
  "num_bootstrap": 100,
  "mmd_mean": 0.025996692698273188,
  "mmd_std": 0.008545982330965459,
  "mmd_low": 0.015700480094901166,
  "mmd_high": 0.04481860725725173,
  "mmd_runtime_seconds": 3.758941,
  "mmd_runtime_perf_seconds": 3.758941
}