{
  "dataset": "lobster",
  "model": "GRAN",
  "subsample_size": 16,
  "descriptor": "spectral",
  "variant": "umve",
  "num_bootstrap": 100,
  "mmd_mean": 0.2398316400799375,
  "mmd_std": 0.11384020622164856,
  "mmd_low": 0.06713142252042446,
  "mmd_high": 0.5228996832318524,
  "mmd_runtime_seconds": 13.7012,
  "mmd_runtime_perf_seconds": 13.7012
}