{
  "dataset": "lobster",
  "model": "AUTOGRAPH",
  "subsample_size": 512,
  "descriptor": "gin",
  "variant": "biased",
  "num_bootstrap": 100,
  "mmd_mean": 0.015389045088963531,
  "mmd_std": 0.006678654125892136,
  "mmd_low": 0.006437929295133432,
  "mmd_high": 0.02924433776644646,
  "mmd_runtime_seconds": 40.557992,
  "mmd_runtime_perf_seconds": 40.557992
}