{
  "dataset": "sbm",
  "model": "test",
  "subsample_size": 2048,
  "descriptor": "orbit5",
  "variant": "umve",
  "num_bootstrap": 100,
  "mmd_mean": 0.00015775924249485215,
  "mmd_std": 0.0002024962572843436,
  "mmd_low": -4.5289360820165826e-06,
  "mmd_high": 0.0007063207258584238,
  "mmd_runtime_seconds": 197.475665,
  "mmd_runtime_perf_seconds": 197.475665
}