{
  "dataset": "sbm",
  "model": "test",
  "subsample_size": 4096,
  "descriptor": "orbit5",
  "variant": "biased",
  "num_bootstrap": 100,
  "mmd_mean": 0.0005175297372544791,
  "mmd_std": 6.424720246838074e-05,
  "mmd_low": 0.00048562055053117005,
  "mmd_high": 0.0007091606110520367,
  "mmd_runtime_seconds": 810.781629,
  "mmd_runtime_perf_seconds": 810.781629
}