{
  "dataset": "sbm",
  "model": "ESGG",
  "subsample_size": 512,
  "descriptor": "gin",
  "variant": "biased",
  "num_bootstrap": 100,
  "mmd_mean": 0.42567596071277747,
  "mmd_std": 0.02334300340963098,
  "mmd_low": 0.37223552660092785,
  "mmd_high": 0.47091733891093684,
  "mmd_runtime_seconds": 149.472632,
  "mmd_runtime_perf_seconds": 149.472632
}