{
  "dataset": "planar",
  "model": "DIGRESS",
  "subsample_size": 256,
  "descriptor": "clustering",
  "variant": "umve",
  "num_bootstrap": 100,
  "mmd_mean": 0.013989933020239488,
  "mmd_std": 0.0051288937727289085,
  "mmd_low": 0.005689200492265247,
  "mmd_high": 0.021998735631632075,
  "mmd_runtime_seconds": 13.938163,
  "mmd_runtime_perf_seconds": 13.938163
}