{
  "dataset": "sbm",
  "model": "ESGG",
  "subsample_size": 64,
  "descriptor": "spectral",
  "variant": "biased",
  "num_bootstrap": 100,
  "mmd_mean": 0.07247754101726611,
  "mmd_std": 0.009170415971970665,
  "mmd_low": 0.054744434450802695,
  "mmd_high": 0.09005758737306094,
  "mmd_runtime_seconds": 10.745592,
  "mmd_runtime_perf_seconds": 10.745592
}