{
  "dataset": "planar",
  "model": "ESGG",
  "subsample_size": 1024,
  "descriptor": "spectral",
  "variant": "umve",
  "num_bootstrap": 100,
  "mmd_mean": 0.0007788949207008123,
  "mmd_std": 0.00013960850934034488,
  "mmd_low": 0.0005451555565177791,
  "mmd_high": 0.0010704007017901442,
  "mmd_runtime_seconds": 71.280603,
  "mmd_runtime_perf_seconds": 71.280603
}