{
  "dataset": "planar",
  "model": "AUTOGRAPH",
  "subsample_size": 1024,
  "descriptor": "orbit4",
  "variant": "umve",
  "num_bootstrap": 100,
  "mmd_mean": 0.0027399815433080156,
  "mmd_std": 0.0013327212520457103,
  "mmd_low": 0.000703334564929898,
  "mmd_high": 0.006043666420079636,
  "mmd_runtime_seconds": 64.700629,
  "mmd_runtime_perf_seconds": 64.700629
}