{
  "dataset": "sbm",
  "model": "test",
  "subsample_size": 1024,
  "descriptor": "spectral",
  "variant": "biased",
  "num_bootstrap": 100,
  "mmd_mean": 0.001953368695444519,
  "mmd_std": 1.7102644968393742e-06,
  "mmd_low": 0.001953125,
  "mmd_high": 0.001954396446682507,
  "mmd_runtime_seconds": 72.511556,
  "mmd_runtime_perf_seconds": 72.511556
}