{
  "dataset": "lobster",
  "model": "DIGRESS",
  "subsample_size": 8,
  "descriptor": "degree",
  "variant": "biased",
  "num_bootstrap": 100,
  "mmd_mean": 0.26345132979831826,
  "mmd_std": 0.03444327309876021,
  "mmd_low": 0.25,
  "mmd_high": 0.3705944328730423,
  "mmd_runtime_seconds": 2.683395,
  "mmd_runtime_perf_seconds": 2.683395
}