{
  "dataset": "planar",
  "model": "test",
  "subsample_size": 4096,
  "descriptor": "orbit5",
  "variant": "biased",
  "num_bootstrap": 100,
  "mmd_mean": 0.0005341579567036245,
  "mmd_std": 9.069094413305062e-05,
  "mmd_low": 0.0004882474321269558,
  "mmd_high": 0.0007482912185979016,
  "mmd_runtime_seconds": 750.058693,
  "mmd_runtime_perf_seconds": 750.058693
}