{
  "dataset": "lobster",
  "model": "DIGRESS",
  "subsample_size": 64,
  "descriptor": "spectral",
  "variant": "umve",
  "num_bootstrap": 100,
  "mmd_mean": 0.0032575845110814072,
  "mmd_std": 0.005049486354793085,
  "mmd_low": -3.640010954103583e-37,
  "mmd_high": 0.01689042165569267,
  "mmd_runtime_seconds": 17.286438,
  "mmd_runtime_perf_seconds": 17.286438
}