{
  "dataset": "lobster",
  "model": "AUTOGRAPH",
  "subsample_size": 1024,
  "descriptor": "orbit5",
  "variant": "umve",
  "num_bootstrap": 100,
  "mmd_mean": 0.006876992787637396,
  "mmd_std": 0.0026966455981023573,
  "mmd_low": 0.002596162751028791,
  "mmd_high": 0.012597896544783414,
  "mmd_runtime_seconds": 60.00764,
  "mmd_runtime_perf_seconds": 60.00764
}