{
  "dataset": "lobster",
  "model": "AUTOGRAPH",
  "subsample_size": 4096,
  "descriptor": "orbit4",
  "variant": "umve",
  "num_bootstrap": 100,
  "mmd_mean": 0.008916201623202936,
  "mmd_std": 0.0014568818944095062,
  "mmd_low": 0.006664986456210171,
  "mmd_high": 0.012034028019891901,
  "mmd_runtime_seconds": 908.438954,
  "mmd_runtime_perf_seconds": 908.438954
}