{
  "dataset": "lobster",
  "model": "ESGG",
  "subsample_size": 2048,
  "descriptor": "gin",
  "variant": "umve",
  "num_bootstrap": 100,
  "mmd_mean": 0.031607892817564126,
  "mmd_std": 0.001790190461620943,
  "mmd_low": 0.02847683283506197,
  "mmd_high": 0.03491920695325317,
  "mmd_runtime_seconds": 240.405294,
  "mmd_runtime_perf_seconds": 240.405294
}