{
  "dataset": "lobster",
  "model": "test",
  "subsample_size": 16,
  "descriptor": "degree",
  "variant": "umve",
  "num_bootstrap": 100,
  "mmd_mean": 0.010592536652767263,
  "mmd_std": 0.016455471480830097,
  "mmd_low": -1.0950810058636934e-80,
  "mmd_high": 0.05576706792561139,
  "mmd_runtime_seconds": 2.110606,
  "mmd_runtime_perf_seconds": 2.110606
}