{
  "dataset": "lobster",
  "model": "DIGRESS",
  "subsample_size": 2048,
  "descriptor": "spectral",
  "variant": "biased",
  "num_bootstrap": 100,
  "mmd_mean": 0.001085799902848799,
  "mmd_std": 0.00021003492739946986,
  "mmd_low": 0.0009719861913007169,
  "mmd_high": 0.0018052171608710834,
  "mmd_runtime_seconds": 262.74177,
  "mmd_runtime_perf_seconds": 262.74177
}