{
  "dataset": "planar",
  "model": "DIGRESS",
  "subsample_size": 8,
  "descriptor": "orbit4",
  "variant": "biased",
  "num_bootstrap": 100,
  "mmd_mean": 0.2783859812100918,
  "mmd_std": 0.04570377146033917,
  "mmd_low": 0.24999994543278747,
  "mmd_high": 0.4170283952717032,
  "mmd_runtime_seconds": 4.085319,
  "mmd_runtime_perf_seconds": 4.085319
}