{
  "dataset": "lobster",
  "model": "GRAN",
  "subsample_size": 1024,
  "descriptor": "clustering",
  "variant": "biased",
  "num_bootstrap": 100,
  "mmd_mean": 0.008046974207518296,
  "mmd_std": 0.0016006903393623645,
  "mmd_low": 0.005303752371845983,
  "mmd_high": 0.01099373644125512,
  "mmd_runtime_seconds": 44.093924,
  "mmd_runtime_perf_seconds": 44.093924
}