{
  "dataset": "planar",
  "model": "AUTOGRAPH",
  "subsample_size": 2048,
  "descriptor": "orbit5",
  "variant": "umve",
  "num_bootstrap": 100,
  "mmd_mean": 0.0024613956028489976,
  "mmd_std": 0.0010140765197239677,
  "mmd_low": 0.0008725282560216347,
  "mmd_high": 0.004596241357176808,
  "mmd_runtime_seconds": 230.434449,
  "mmd_runtime_perf_seconds": 230.434449
}