{
  "dataset": "planar",
  "model": "GRAN",
  "subsample_size": 128,
  "descriptor": "orbit4",
  "variant": "umve",
  "num_bootstrap": 100,
  "mmd_mean": 0.01101409662195294,
  "mmd_std": 0.0049918983869430365,
  "mmd_low": 0.006703125881742479,
  "mmd_high": 0.023027626400613923,
  "mmd_runtime_seconds": 3.772222,
  "mmd_runtime_perf_seconds": 3.772222
}