{
  "dataset": "planar",
  "model": "AUTOGRAPH",
  "subsample_size": 4096,
  "descriptor": "degree",
  "variant": "biased",
  "num_bootstrap": 100,
  "mmd_mean": 0.0015972418913286956,
  "mmd_std": 0.00036909610388779167,
  "mmd_low": 0.0009454561644428012,
  "mmd_high": 0.0022768196347666605,
  "mmd_runtime_seconds": 881.372902,
  "mmd_runtime_perf_seconds": 881.372902
}