{
  "dataset": "planar",
  "model": "GRAN",
  "subsample_size": 4096,
  "descriptor": "orbit5",
  "variant": "biased",
  "num_bootstrap": 100,
  "mmd_mean": 0.009277630869402411,
  "mmd_std": 0.00022604635283681574,
  "mmd_low": 0.008860390288271935,
  "mmd_high": 0.009629130592558035,
  "mmd_runtime_seconds": 670.601,
  "mmd_runtime_perf_seconds": 670.601
}