{
  "dataset": "sbm",
  "model": "test",
  "subsample_size": 4096,
  "descriptor": "spectral",
  "variant": "biased",
  "num_bootstrap": 100,
  "mmd_mean": 0.000488434207614056,
  "mmd_std": 1.0019650795736124e-06,
  "mmd_low": 0.00048828125,
  "mmd_high": 0.0004893796458561398,
  "mmd_runtime_seconds": 844.695677,
  "mmd_runtime_perf_seconds": 844.695677
}