{
  "dataset": "sbm",
  "model": "AUTOGRAPH",
  "subsample_size": 128,
  "descriptor": "gin",
  "variant": "umve",
  "num_bootstrap": 100,
  "mmd_mean": 0.004445811186579555,
  "mmd_std": 0.005927709510863514,
  "mmd_low": -4.1766851681152e-05,
  "mmd_high": 0.019777599838664683,
  "mmd_runtime_seconds": 123.945601,
  "mmd_runtime_perf_seconds": 123.945601
}