{
  "dataset": "lobster",
  "model": "test",
  "subsample_size": 32,
  "descriptor": "orbit4",
  "variant": "umve",
  "num_bootstrap": 100,
  "mmd_mean": 0.01057446237419753,
  "mmd_std": 0.014233210557904087,
  "mmd_low": -0.00024303571096334075,
  "mmd_high": 0.048416751485664225,
  "mmd_runtime_seconds": 0.199536,
  "mmd_runtime_perf_seconds": 0.199536
}