{
  "dataset": "lobster",
  "model": "test",
  "subsample_size": 64,
  "descriptor": "degree",
  "variant": "umve",
  "num_bootstrap": 100,
  "mmd_mean": 0.0012722286153010426,
  "mmd_std": 0.0017518074998243227,
  "mmd_low": 7.750496031745782e-06,
  "mmd_high": 0.006060020834970874,
  "mmd_runtime_seconds": 1.916392,
  "mmd_runtime_perf_seconds": 1.916392
}