{
  "dataset": "sbm",
  "model": "test",
  "subsample_size": 256,
  "descriptor": "spectral",
  "variant": "umve",
  "num_bootstrap": 100,
  "mmd_mean": 5.832445747503352e-05,
  "mmd_std": 0.00012358828532234601,
  "mmd_low": 0.0,
  "mmd_high": 0.00043998795364729126,
  "mmd_runtime_seconds": 9.830194,
  "mmd_runtime_perf_seconds": 9.830194
}