{
  "dataset": "lobster",
  "model": "GRAN",
  "subsample_size": 2048,
  "descriptor": "degree",
  "variant": "umve",
  "num_bootstrap": 100,
  "mmd_mean": 0.30238854245624536,
  "mmd_std": 0.007199720445213504,
  "mmd_low": 0.2880955875320257,
  "mmd_high": 0.31583994308755886,
  "mmd_runtime_seconds": 165.435519,
  "mmd_runtime_perf_seconds": 165.435519
}