{
  "dataset": "planar",
  "model": "AUTOGRAPH",
  "subsample_size": 64,
  "descriptor": "orbit5",
  "variant": "biased",
  "num_bootstrap": 100,
  "mmd_mean": 0.035816874928674206,
  "mmd_std": 0.007984729429288117,
  "mmd_low": 0.031249995993767567,
  "mmd_high": 0.06145188843379129,
  "mmd_runtime_seconds": 5.753211,
  "mmd_runtime_perf_seconds": 5.753211
}