{
  "dataset": "lobster",
  "model": "AUTOGRAPH",
  "subsample_size": 4096,
  "descriptor": "clustering",
  "variant": "umve",
  "num_bootstrap": 100,
  "mmd_mean": 4.091267484872985e-05,
  "mmd_std": 1.1617373880038383e-05,
  "mmd_low": 1.9935095001799584e-05,
  "mmd_high": 6.475289597090425e-05,
  "mmd_runtime_seconds": 791.434779,
  "mmd_runtime_perf_seconds": 791.434779
}