{
  "dataset": "sbm",
  "model": "DIGRESS",
  "subsample_size": 2048,
  "descriptor": "clustering",
  "variant": "umve",
  "num_bootstrap": 100,
  "mmd_mean": 0.00202214273477194,
  "mmd_std": 0.000434042073231786,
  "mmd_low": 0.001166240647853187,
  "mmd_high": 0.0028001593223976468,
  "mmd_runtime_seconds": 303.231954,
  "mmd_runtime_perf_seconds": 303.231954
}