{
  "dataset": "planar",
  "model": "test",
  "subsample_size": 256,
  "descriptor": "gin",
  "variant": "umve",
  "num_bootstrap": 100,
  "mmd_mean": 0.0014623189002070738,
  "mmd_std": 0.002148509744627337,
  "mmd_low": -2.6168174413926377e-05,
  "mmd_high": 0.007348526823914446,
  "mmd_runtime_seconds": 23.961985,
  "mmd_runtime_perf_seconds": 23.961985
}