{
  "dataset": "lobster",
  "model": "GRAN",
  "subsample_size": 2048,
  "descriptor": "orbit5",
  "variant": "biased",
  "num_bootstrap": 100,
  "mmd_mean": 0.17846520582295824,
  "mmd_std": 0.008688033620353745,
  "mmd_low": 0.16278313952196818,
  "mmd_high": 0.19156474486666977,
  "mmd_runtime_seconds": 145.138312,
  "mmd_runtime_perf_seconds": 145.138312
}