{
  "dataset": "planar",
  "model": "ESGG",
  "subsample_size": 128,
  "descriptor": "clustering",
  "variant": "umve",
  "num_bootstrap": 100,
  "mmd_mean": 0.005579558988000497,
  "mmd_std": 0.005581296457454302,
  "mmd_low": -6.2849110354068324e-49,
  "mmd_high": 0.021098069677707557,
  "mmd_runtime_seconds": 5.860303,
  "mmd_runtime_perf_seconds": 5.860303
}