{
  "dataset": "planar",
  "model": "AUTOGRAPH",
  "subsample_size": 4096,
  "descriptor": "gin",
  "variant": "biased",
  "num_bootstrap": 100,
  "mmd_mean": 0.0029299543910732573,
  "mmd_std": 0.0010047404866314613,
  "mmd_low": 0.0015136389081349068,
  "mmd_high": 0.005160175218898996,
  "mmd_runtime_seconds": 1054.019667,
  "mmd_runtime_perf_seconds": 1054.019667
}