{
  "dataset": "planar",
  "model": "GRAN",
  "subsample_size": 64,
  "descriptor": "degree",
  "variant": "biased",
  "num_bootstrap": 100,
  "mmd_mean": 0.03959497825192113,
  "mmd_std": 0.003035315843302049,
  "mmd_low": 0.0361328125,
  "mmd_high": 0.048675131254481696,
  "mmd_runtime_seconds": 2.83347,
  "mmd_runtime_perf_seconds": 2.83347
}