{
  "dataset": "lobster",
  "model": "ESGG",
  "subsample_size": 32,
  "descriptor": "spectral",
  "variant": "biased",
  "num_bootstrap": 100,
  "mmd_mean": 0.1070471696593475,
  "mmd_std": 0.03478495365941459,
  "mmd_low": 0.06250337636165537,
  "mmd_high": 0.17551558664309697,
  "mmd_runtime_seconds": 7.913146,
  "mmd_runtime_perf_seconds": 7.913146
}