{
  "dataset": "planar",
  "model": "test",
  "subsample_size": 2048,
  "descriptor": "spectral",
  "variant": "umve",
  "num_bootstrap": 100,
  "mmd_mean": 5.999319243454478e-06,
  "mmd_std": 1.3533410524373168e-05,
  "mmd_low": 0.0,
  "mmd_high": 4.777059377242265e-05,
  "mmd_runtime_seconds": 197.107257,
  "mmd_runtime_perf_seconds": 197.107257
}