{
  "dataset": "lobster",
  "model": "GRAN",
  "subsample_size": 256,
  "descriptor": "orbit5",
  "variant": "umve",
  "num_bootstrap": 100,
  "mmd_mean": 0.17734340091927625,
  "mmd_std": 0.024672135440533042,
  "mmd_low": 0.13750945669809866,
  "mmd_high": 0.23575386168139983,
  "mmd_runtime_seconds": 4.38826,
  "mmd_runtime_perf_seconds": 4.38826
}