{
  "dataset": "lobster",
  "model": "GRAN",
  "subsample_size": 512,
  "descriptor": "clustering",
  "variant": "umve",
  "num_bootstrap": 100,
  "mmd_mean": 0.007841260639023136,
  "mmd_std": 0.002343042119511948,
  "mmd_low": 0.004181984048262439,
  "mmd_high": 0.013152266420129241,
  "mmd_runtime_seconds": 14.842378,
  "mmd_runtime_perf_seconds": 14.842378
}