{
  "dataset": "sbm",
  "model": "DIGRESS",
  "subsample_size": 32,
  "descriptor": "spectral",
  "variant": "umve",
  "num_bootstrap": 100,
  "mmd_mean": 0.0014447704668399187,
  "mmd_std": 0.0016937813695187542,
  "mmd_low": 0.0,
  "mmd_high": 0.006176287862640546,
  "mmd_runtime_seconds": 28.938669,
  "mmd_runtime_perf_seconds": 28.938669
}