{
  "dataset": "lobster",
  "model": "test",
  "subsample_size": 1024,
  "descriptor": "gin",
  "variant": "biased",
  "num_bootstrap": 100,
  "mmd_mean": 0.002134226464612342,
  "mmd_std": 0.00035307147692373916,
  "mmd_low": 0.0019261862530069768,
  "mmd_high": 0.0030088663821447284,
  "mmd_runtime_seconds": 73.490731,
  "mmd_runtime_perf_seconds": 73.490731
}