{
  "dataset": "planar",
  "model": "GRAN",
  "subsample_size": 16,
  "descriptor": "orbit4",
  "variant": "umve",
  "num_bootstrap": 100,
  "mmd_mean": 0.03634941721037122,
  "mmd_std": 0.0358942642579434,
  "mmd_low": -4.195908723651106e-19,
  "mmd_high": 0.12680091120328893,
  "mmd_runtime_seconds": 3.080844,
  "mmd_runtime_perf_seconds": 3.080844
}