{
  "dataset": "lobster",
  "model": "test",
  "subsample_size": 2048,
  "descriptor": "spectral",
  "variant": "umve",
  "num_bootstrap": 100,
  "mmd_mean": 6.829132903237332e-05,
  "mmd_std": 0.00010269964119837899,
  "mmd_low": -1.227079913593535e-06,
  "mmd_high": 0.0004009008890202613,
  "mmd_runtime_seconds": 195.128554,
  "mmd_runtime_perf_seconds": 195.128554
}