{
  "dataset": "sbm",
  "model": "ESGG",
  "subsample_size": 128,
  "descriptor": "orbit5",
  "variant": "biased",
  "num_bootstrap": 100,
  "mmd_mean": 0.11672523153956126,
  "mmd_std": 0.01714801708363392,
  "mmd_low": 0.08866061462809784,
  "mmd_high": 0.1528967928629594,
  "mmd_runtime_seconds": 8.101964,
  "mmd_runtime_perf_seconds": 8.101964
}