{
  "dataset": "sbm",
  "model": "test",
  "subsample_size": 1024,
  "descriptor": "degree",
  "variant": "biased",
  "num_bootstrap": 100,
  "mmd_mean": 0.002029564807182156,
  "mmd_std": 0.00016839658585060795,
  "mmd_low": 0.001953125,
  "mmd_high": 0.0026053421832222066,
  "mmd_runtime_seconds": 45.136815,
  "mmd_runtime_perf_seconds": 45.136815
}