{
  "dataset": "lobster",
  "model": "GRAN",
  "subsample_size": 1024,
  "descriptor": "orbit5",
  "variant": "biased",
  "num_bootstrap": 100,
  "mmd_mean": 0.17933927097015345,
  "mmd_std": 0.010016720820172588,
  "mmd_low": 0.15895522020617348,
  "mmd_high": 0.1945625016866182,
  "mmd_runtime_seconds": 40.941596,
  "mmd_runtime_perf_seconds": 40.941596
}