{
  "dataset": "sbm",
  "model": "DIGRESS",
  "subsample_size": 32,
  "descriptor": "spectral",
  "variant": "biased",
  "num_bootstrap": 100,
  "mmd_mean": 0.0625961955230411,
  "mmd_std": 0.0004499753571848971,
  "mmd_low": 0.0625,
  "mmd_high": 0.06327725141136843,
  "mmd_runtime_seconds": 29.848375,
  "mmd_runtime_perf_seconds": 29.848375
}