{
  "dataset": "lobster",
  "model": "GRAN",
  "subsample_size": 2048,
  "descriptor": "degree",
  "variant": "biased",
  "num_bootstrap": 100,
  "mmd_mean": 0.302900728089795,
  "mmd_std": 0.007198153996066512,
  "mmd_low": 0.2886124819980982,
  "mmd_high": 0.31635204842889525,
  "mmd_runtime_seconds": 168.854757,
  "mmd_runtime_perf_seconds": 168.854757
}