{
  "dataset": "planar",
  "model": "ESGG",
  "subsample_size": 128,
  "descriptor": "spectral",
  "variant": "biased",
  "num_bootstrap": 100,
  "mmd_mean": 0.015633780979074866,
  "mmd_std": 3.8497462255475496e-05,
  "mmd_low": 0.015625,
  "mmd_high": 0.015651770432142442,
  "mmd_runtime_seconds": 10.902183,
  "mmd_runtime_perf_seconds": 10.902183
}