{
  "dataset": "lobster",
  "model": "ESGG",
  "subsample_size": 2048,
  "descriptor": "degree",
  "variant": "biased",
  "num_bootstrap": 100,
  "mmd_mean": 0.09222531188785899,
  "mmd_std": 0.004843725274116557,
  "mmd_low": 0.08381803395552684,
  "mmd_high": 0.10284858275757272,
  "mmd_runtime_seconds": 189.693182,
  "mmd_runtime_perf_seconds": 189.693182
}