{
  "dataset": "lobster",
  "model": "GRAN",
  "subsample_size": 16,
  "descriptor": "degree",
  "variant": "umve",
  "num_bootstrap": 100,
  "mmd_mean": 0.321037782360891,
  "mmd_std": 0.11849075191774007,
  "mmd_low": 0.14358132481089186,
  "mmd_high": 0.6106395738311267,
  "mmd_runtime_seconds": 2.664695,
  "mmd_runtime_perf_seconds": 2.664695
}