{
  "dataset": "planar",
  "model": "GRAN",
  "subsample_size": 512,
  "descriptor": "gin",
  "variant": "biased",
  "num_bootstrap": 100,
  "mmd_mean": 0.01338567094912611,
  "mmd_std": 0.002241908314434351,
  "mmd_low": 0.011314703743416817,
  "mmd_high": 0.01966525327398082,
  "mmd_runtime_seconds": 87.775368,
  "mmd_runtime_perf_seconds": 87.775368
}