{
  "dataset": "planar",
  "model": "ESGG",
  "subsample_size": 256,
  "descriptor": "orbit5",
  "variant": "biased",
  "num_bootstrap": 100,
  "mmd_mean": 0.0346237344333101,
  "mmd_std": 0.009628637411167713,
  "mmd_low": 0.02018141800372165,
  "mmd_high": 0.057855347023662726,
  "mmd_runtime_seconds": 5.270847,
  "mmd_runtime_perf_seconds": 5.270847
}