{
  "dataset": "lobster",
  "model": "GRAN",
  "subsample_size": 64,
  "descriptor": "gin",
  "variant": "umve",
  "num_bootstrap": 100,
  "mmd_mean": 0.1346408335611603,
  "mmd_std": 0.03452452605112147,
  "mmd_low": 0.07816118383947038,
  "mmd_high": 0.20384570275950184,
  "mmd_runtime_seconds": 15.425413,
  "mmd_runtime_perf_seconds": 15.425413
}