{
  "dataset": "lobster",
  "model": "GRAN",
  "subsample_size": 64,
  "descriptor": "orbit5",
  "variant": "biased",
  "num_bootstrap": 100,
  "mmd_mean": 0.1883124031266182,
  "mmd_std": 0.04963133780783774,
  "mmd_low": 0.10220698208544846,
  "mmd_high": 0.28113983708846074,
  "mmd_runtime_seconds": 3.817866,
  "mmd_runtime_perf_seconds": 3.817866
}