{
  "dataset": "lobster",
  "model": "AUTOGRAPH",
  "subsample_size": 16,
  "descriptor": "orbit4",
  "variant": "biased",
  "num_bootstrap": 100,
  "mmd_mean": 0.14183644503242307,
  "mmd_std": 0.0364517948277895,
  "mmd_low": 0.1178502904759891,
  "mmd_high": 0.24055334107992465,
  "mmd_runtime_seconds": 2.932772,
  "mmd_runtime_perf_seconds": 2.932772
}