{
  "dataset": "lobster",
  "model": "test",
  "subsample_size": 32,
  "descriptor": "gin",
  "variant": "umve",
  "num_bootstrap": 100,
  "mmd_mean": 0.03636411143006542,
  "mmd_std": 0.03417074332804539,
  "mmd_low": -2.6427206418194565e-05,
  "mmd_high": 0.12203619832351059,
  "mmd_runtime_seconds": 1.393533,
  "mmd_runtime_perf_seconds": 1.393533
}