{
  "dataset": "sbm",
  "model": "test",
  "subsample_size": 8,
  "descriptor": "orbit5",
  "variant": "umve",
  "num_bootstrap": 100,
  "mmd_mean": 0.05090655881969634,
  "mmd_std": 0.05738779077982093,
  "mmd_low": -5.771461656457173e-05,
  "mmd_high": 0.18427807004037608,
  "mmd_runtime_seconds": 0.244894,
  "mmd_runtime_perf_seconds": 0.244894
}