{
  "dataset": "planar",
  "model": "AUTOGRAPH",
  "subsample_size": 512,
  "descriptor": "spectral",
  "variant": "biased",
  "num_bootstrap": 100,
  "mmd_mean": 0.0041225470141249545,
  "mmd_std": 0.00017176389351581607,
  "mmd_low": 0.0039094142211354935,
  "mmd_high": 0.004469131550818094,
  "mmd_runtime_seconds": 33.641529,
  "mmd_runtime_perf_seconds": 33.641529
}