subsample_size,pgs_mean,pgs_std
25,0.0641289943208297,0.077976170461432
50,0.04692611594994863,0.06636354960590976
100,0.046854645013809204,0.03325455524995219
