{
  "dataset": "lobster",
  "model": "GRAN",
  "subsample_size": 16,
  "num_bootstrap": 100,
  "pgd_mean": 0.45472616009414196,
  "pgd_std": 0.22931414678640885,
  "pgd_runtime_seconds": 3198.46333,
  "pgd_runtime_perf_seconds": 3198.46333,
  "orbit4_mean": 0.5572233560681343,
  "orbit4_std": 0.16555094889764913,
  "orbit5_mean": 0.539002313837409,
  "orbit5_std": 0.17746745951863818,
  "clustering_mean": 0.028957135420803918,
  "clustering_std": 0.05887471995202667,
  "degree_mean": 0.41798028960824013,
  "degree_std": 0.1815482671037919,
  "spectral_mean": 0.24764991554431617,
  "spectral_std": 0.16271304327382372,
  "gin_mean": 0.3616068734228611,
  "gin_std": 0.190576202387
}