{
  "dataset": "planar",
  "model": "GRAN",
  "subsample_size": 8,
  "num_bootstrap": 100,
  "pgd_mean": 0.09648448035120964,
  "pgd_std": 0.17172915414244727,
  "pgd_runtime_seconds": 1218.284216,
  "pgd_runtime_perf_seconds": 1218.284216,
  "orbit4_mean": 0.09789649169892073,
  "orbit4_std": 0.15057912855097588,
  "orbit5_mean": 0.09194674849510193,
  "orbit5_std": 0.14665805192043932,
  "clustering_mean": 0.07203532863408327,
  "clustering_std": 0.12262410508887545,
  "degree_mean": 0.09459408881142735,
  "degree_std": 0.15832511287471257,
  "spectral_mean": 0.11820023374632001,
  "spectral_std": 0.1705288980348913,
  "gin_mean": 0.07350828655064107,
  "gin_std": 0.13126475267615806
}