{
  "dataset": "lobster",
  "model": "GRAN",
  "subsample_size": 512,
  "num_bootstrap": 100,
  "pgd_mean": 0.8382463032007217,
  "pgd_std": 0.022611875637508543,
  "pgd_runtime_seconds": 2532.201903,
  "pgd_runtime_perf_seconds": 2532.201903,
  "orbit4_mean": 0.8385956054925918,
  "orbit4_std": 0.02235111538113993,
  "orbit5_mean": 0.8382317012548447,
  "orbit5_std": 0.02217856823252041,
  "clustering_mean": 0.2075721262395382,
  "clustering_std": 0.022651006752380732,
  "degree_mean": 0.7322164112329483,
  "degree_std": 0.02827310094266604,
  "spectral_mean": 0.6355288034677505,
  "spectral_std": 0.02968624584808647,
  "gin_mean": 0.7563486504554748,
  "gin_std": 0.025289982309237905
}