{
  "dataset": "lobster",
  "model": "ESGG",
  "subsample_size": 512,
  "num_bootstrap": 100,
  "pgd_mean": 0.6843221652507782,
  "pgd_std": 0.030026324862445032,
  "pgd_runtime_seconds": 1447.905639,
  "pgd_runtime_perf_seconds": 1447.905639,
  "orbit4_mean": 0.6551755154132843,
  "orbit4_std": 0.03124182362836216,
  "orbit5_mean": 0.6851909232139587,
  "orbit5_std": 0.02931504585367774,
  "clustering_mean": 1.698643816450651e-05,
  "clustering_std": 3.3881317890172014e-21,
  "degree_mean": 0.6131178772449494,
  "degree_std": 0.03635073759841499,
  "spectral_mean": 0.4599465823173523,
  "spectral_std": 0.034439179604338704,
  "gin_mean": 0.648697754740715,
  "gin_std": 0.03252537327836581
}