{
  "dataset": "sbm",
  "model": "DIGRESS",
  "subsample_size": 16,
  "num_bootstrap": 100,
  "pgd_mean": 0.08425660982728005,
  "pgd_std": 0.13112596625925377,
  "pgd_runtime_seconds": 1400.965917,
  "pgd_runtime_perf_seconds": 1400.965917,
  "orbit4_mean": 0.10636721644550562,
  "orbit4_std": 0.1368736180170102,
  "orbit5_mean": 0.09736955231055618,
  "orbit5_std": 0.13966507415114135,
  "clustering_mean": 0.10030594363808631,
  "clustering_std": 0.11734452742526667,
  "degree_mean": 0.09186985459178686,
  "degree_std": 0.12449845968077597,
  "spectral_mean": 0.05939580403268337,
  "spectral_std": 0.09981140717659283,
  "gin_mean": 0.10539374157786369,
  "gin_std": 0.13095173107737412
}