{
  "dataset": "sbm",
  "model": "ESGG",
  "subsample_size": 256,
  "num_bootstrap": 100,
  "pgd_mean": 0.9889772218465805,
  "pgd_std": 0.010706728257266783,
  "pgd_runtime_seconds": 1444.91242,
  "pgd_runtime_perf_seconds": 1444.91242,
  "orbit4_mean": 0.8573025852441788,
  "orbit4_std": 0.026987148874671765,
  "orbit5_mean": 0.9053187888860702,
  "orbit5_std": 0.02512308039225692,
  "clustering_mean": 0.9708673572540283,
  "clustering_std": 0.015726688790426102,
  "degree_mean": 0.96203215777874,
  "degree_std": 0.01584106459849751,
  "spectral_mean": 0.9895568978786469,
  "spectral_std": 0.009737667928951664,
  "gin_mean": 0.9654961144924163,
  "gin_std": 0.017664122843349988
}