{
  "dataset": "lobster",
  "model": "AUTOGRAPH",
  "subsample_size": 16,
  "num_bootstrap": 100,
  "pgd_mean": 0.08212391518056393,
  "pgd_std": 0.1201865215486771,
  "pgd_runtime_seconds": 4342.523931,
  "pgd_runtime_perf_seconds": 4342.523931,
  "orbit4_mean": 0.10502037294209003,
  "orbit4_std": 0.11918388406575608,
  "orbit5_mean": 0.09740994580090045,
  "orbit5_std": 0.12228989672785118,
  "clustering_mean": 0.0007669129838721257,
  "clustering_std": 0.007470211840532339,
  "degree_mean": 0.0758831399679184,
  "degree_std": 0.10035624327063304,
  "spectral_mean": 0.06769017975777387,
  "spectral_std": 0.0866651518290876,
  "gin_mean": 0.07556251980364323,
  "gin_std": 0.114402458191203
}