{
  "dataset": "sbm",
  "model": "AUTOGRAPH",
  "subsample_size": 16,
  "num_bootstrap": 100,
  "pgd_mean": 0.06167567513883114,
  "pgd_std": 0.11475700347128927,
  "pgd_runtime_seconds": 6478.03416,
  "pgd_runtime_perf_seconds": 6478.03416,
  "orbit4_mean": 0.09864450156688691,
  "orbit4_std": 0.11254654571187389,
  "orbit5_mean": 0.07953063929453492,
  "orbit5_std": 0.12202225317740441,
  "clustering_mean": 0.08098913844674825,
  "clustering_std": 0.10238808880373305,
  "degree_mean": 0.06019324041903019,
  "degree_std": 0.09960924675426226,
  "spectral_mean": 0.05309400827623904,
  "spectral_std": 0.09664847515282697,
  "gin_mean": 0.07906214158050716,
  "gin_std": 0.10346982987020739
}