{
  "dataset": "lobster",
  "model": "ESGG",
  "subsample_size": 16,
  "num_bootstrap": 100,
  "pgd_mean": 0.34628230676054955,
  "pgd_std": 0.22249239258135614,
  "pgd_runtime_seconds": 882.017821,
  "pgd_runtime_perf_seconds": 882.017821,
  "orbit4_mean": 0.37053084015846255,
  "orbit4_std": 0.2086433781682868,
  "orbit5_mean": 0.41741850718855855,
  "orbit5_std": 0.1963390551920608,
  "clustering_mean": 1.698643816450651e-05,
  "clustering_std": 3.3881317890172014e-21,
  "degree_mean": 0.23380094185471534,
  "degree_std": 0.17041454914453139,
  "spectral_mean": 0.12009841737337411,
  "spectral_std": 0.12282258346127028,
  "gin_mean": 0.26343375608325004,
  "gin_std": 0.1896850805224898
}