{
  "dataset": "sbm",
  "model": "ESGG",
  "subsample_size": 64,
  "num_bootstrap": 100,
  "pgd_mean": 0.9420215070247651,
  "pgd_std": 0.06861039083194688,
  "pgd_runtime_seconds": 1332.06745,
  "pgd_runtime_perf_seconds": 1332.06745,
  "orbit4_mean": 0.7767280369997025,
  "orbit4_std": 0.12190189527061934,
  "orbit5_mean": 0.8029674619436264,
  "orbit5_std": 0.12116645601147909,
  "clustering_mean": 0.8099300339818001,
  "clustering_std": 0.07406423151905847,
  "degree_mean": 0.5676370851695538,
  "degree_std": 0.15516952622854724,
  "spectral_mean": 0.9636185663938522,
  "spectral_std": 0.028965237732699666,
  "gin_mean": 0.8966409057378769,
  "gin_std": 0.05013303085950557
}