{
  "dataset": "lobster",
  "model": "GRAN",
  "subsample_size": 64,
  "num_bootstrap": 100,
  "pgd_mean": 0.7641022294759751,
  "pgd_std": 0.09519240306307951,
  "pgd_runtime_seconds": 8652.160772,
  "pgd_runtime_perf_seconds": 8652.160772,
  "orbit4_mean": 0.7837690377235412,
  "orbit4_std": 0.06829401923345525,
  "orbit5_mean": 0.7792482072114945,
  "orbit5_std": 0.07524083741333225,
  "clustering_mean": 0.12783963547225383,
  "clustering_std": 0.07590613977874908,
  "degree_mean": 0.6236816646158695,
  "degree_std": 0.111893345246148,
  "spectral_mean": 0.4825266438722611,
  "spectral_std": 0.12760589998724742,
  "gin_mean": 0.6306277513504028,
  "gin_std": 0.0886189349053936
}