{
  "dataset": "lobster",
  "model": "AUTOGRAPH",
  "subsample_size": 16,
  "num_bootstrap": 100,
  "pgd_mean": 0.0821930068358779,
  "pgd_std": 0.12014789903109628,
  "pgd_runtime_seconds": 918.364112,
  "pgd_runtime_perf_seconds": 918.364112,
  "orbit4_mean": 0.10502869447693229,
  "orbit4_std": 0.11922858362492353,
  "orbit5_mean": 0.0973592010140419,
  "orbit5_std": 0.12218388724281408,
  "clustering_mean": 0.0007445624341742498,
  "clustering_std": 0.007247826707046318,
  "degree_mean": 0.07581048227846622,
  "degree_std": 0.10012489406202607,
  "spectral_mean": 0.06760797452181577,
  "spectral_std": 0.08653814427485983,
  "gin_mean": 0.07551773011684418,
  "gin_std": 0.11431670903812374
}