{
  "dataset": "planar",
  "model": "DIGRESS",
  "subsample_size": 32,
  "num_bootstrap": 100,
  "pgd_mean": 0.0931650122627616,
  "pgd_std": 0.12262888282449332,
  "pgd_runtime_seconds": 1190.043573,
  "pgd_runtime_perf_seconds": 1190.043573,
  "orbit4_mean": 0.15361262582242488,
  "orbit4_std": 0.12574401560173934,
  "orbit5_mean": 0.14357698820531367,
  "orbit5_std": 0.12758095833580926,
  "clustering_mean": 0.09992900369688869,
  "clustering_std": 0.10750972467083907,
  "degree_mean": 0.09338013019412755,
  "degree_std": 0.10629567019558182,
  "spectral_mean": 0.07917824909090995,
  "spectral_std": 0.09064541290668386,
  "gin_mean": 0.12256151139736175,
  "gin_std": 0.10555606979253143
}