{
  "dataset": "sbm",
  "model": "DIGRESS",
  "subsample_size": 8,
  "num_bootstrap": 100,
  "pgd_mean": 0.10473788119852542,
  "pgd_std": 0.1931500537631129,
  "pgd_runtime_seconds": 1381.038999,
  "pgd_runtime_perf_seconds": 1381.038999,
  "orbit4_mean": 0.07248872061260045,
  "orbit4_std": 0.13923131164730077,
  "orbit5_mean": 0.06582333452999592,
  "orbit5_std": 0.14120092435714515,
  "clustering_mean": 0.10175133161246777,
  "clustering_std": 0.14850326838189765,
  "degree_mean": 0.11382475789636373,
  "degree_std": 0.18609898910046757,
  "spectral_mean": 0.08782529383897782,
  "spectral_std": 0.13754592252924416,
  "gin_mean": 0.08628583118319512,
  "gin_std": 0.14119131076393293
}