{
  "dataset": "lobster",
  "model": "AUTOGRAPH",
  "subsample_size": 128,
  "num_bootstrap": 100,
  "pgd_mean": 0.04422841369640082,
  "pgd_std": 0.06427164900979529,
  "pgd_runtime_seconds": 1000.012579,
  "pgd_runtime_perf_seconds": 1000.012579,
  "orbit4_mean": 0.05634710604324937,
  "orbit4_std": 0.055018507758941064,
  "orbit5_mean": 0.05502610338851809,
  "orbit5_std": 0.053233443921356274,
  "clustering_mean": 0.004210392603993988,
  "clustering_std": 0.011703396943937069,
  "degree_mean": 0.04750973398797214,
  "degree_std": 0.06129724081811076,
  "spectral_mean": 0.02729915691539645,
  "spectral_std": 0.04957250697890247,
  "gin_mean": 0.06861553647089749,
  "gin_std": 0.05534730759425232
}