{
  "dataset": "planar",
  "model": "DIGRESS",
  "subsample_size": 8,
  "num_bootstrap": 100,
  "pgd_mean": 0.15762014146894215,
  "pgd_std": 0.20858326462366064,
  "pgd_runtime_seconds": 1145.862847,
  "pgd_runtime_perf_seconds": 1145.862847,
  "orbit4_mean": 0.15039516426622868,
  "orbit4_std": 0.19223026401087537,
  "orbit5_mean": 0.15079612333327533,
  "orbit5_std": 0.19747152684779978,
  "clustering_mean": 0.10370966859161854,
  "clustering_std": 0.14924947708226718,
  "degree_mean": 0.12053159672766924,
  "degree_std": 0.16438419035423987,
  "spectral_mean": 0.08824475761502981,
  "spectral_std": 0.14452564844877797,
  "gin_mean": 0.13607463024556637,
  "gin_std": 0.1782038092970765
}