{
  "dataset": "planar",
  "model": "ESGG",
  "subsample_size": 16,
  "num_bootstrap": 100,
  "pgd_mean": 0.07989750310778618,
  "pgd_std": 0.1361141275794867,
  "pgd_runtime_seconds": 1054.994431,
  "pgd_runtime_perf_seconds": 1054.994431,
  "orbit4_mean": 0.09966440752148628,
  "orbit4_std": 0.13209247478890035,
  "orbit5_mean": 0.10107315391302109,
  "orbit5_std": 0.13907372643963586,
  "clustering_mean": 0.07039523486047983,
  "clustering_std": 0.10747658461341478,
  "degree_mean": 0.06258178387768566,
  "degree_std": 0.10006381465785864,
  "spectral_mean": 0.06547550402581692,
  "spectral_std": 0.09939669964432184,
  "gin_mean": 0.08561946798115969,
  "gin_std": 0.1110774907590761
}