{
  "dataset": "lobster",
  "model": "ESGG",
  "subsample_size": 128,
  "num_bootstrap": 100,
  "pgd_mean": 0.637465038895607,
  "pgd_std": 0.06838940991560433,
  "pgd_runtime_seconds": 922.731118,
  "pgd_runtime_perf_seconds": 922.731118,
  "orbit4_mean": 0.6207257181406021,
  "orbit4_std": 0.059774221855911344,
  "orbit5_mean": 0.6494739869236946,
  "orbit5_std": 0.05830641921593832,
  "clustering_mean": 1.698643816450651e-05,
  "clustering_std": 3.3881317890172014e-21,
  "degree_mean": 0.5505762162804604,
  "degree_std": 0.07783207680010944,
  "spectral_mean": 0.3647587422654033,
  "spectral_std": 0.09600725750207051,
  "gin_mean": 0.5846048992872238,
  "gin_std": 0.06524925612610578
}