{
  "dataset": "planar",
  "model": "DIGRESS",
  "subsample_size": 512,
  "num_bootstrap": 100,
  "pgd_mean": 0.393753302693367,
  "pgd_std": 0.0397519112213885,
  "pgd_runtime_seconds": 50924.643397,
  "pgd_runtime_perf_seconds": 50924.643397,
  "orbit4_mean": 0.37130999818444255,
  "orbit4_std": 0.03200309708546386,
  "orbit5_mean": 0.40551212459802627,
  "orbit5_std": 0.0332469291493358,
  "clustering_mean": 0.18077847812324763,
  "clustering_std": 0.05451390096835501,
  "degree_mean": 0.1876738292723894,
  "degree_std": 0.05215161326782356,
  "spectral_mean": 0.3365819165110588,
  "spectral_std": 0.03761298552856342,
  "gin_mean": 0.27225053191185,
  "gin_std": 0.053876324991691926
}