{
  "dataset": "planar",
  "model": "ESGG",
  "subsample_size": 2048,
  "num_bootstrap": 100,
  "pgd_mean": 0.45991721272468566,
  "pgd_std": 0.01521221722541912,
  "pgd_runtime_seconds": 4796.049115,
  "pgd_runtime_perf_seconds": 4796.049115,
  "orbit4_mean": 0.42731685847043993,
  "orbit4_std": 0.015110217135060333,
  "orbit5_mean": 0.45991721272468566,
  "orbit5_std": 0.01521221722541912,
  "clustering_mean": 0.130151953920722,
  "clustering_std": 0.02271679209902949,
  "degree_mean": 0.23156973734498024,
  "degree_std": 0.024595047747551956,
  "spectral_mean": 0.296709715873003,
  "spectral_std": 0.015393875590862183,
  "gin_mean": 0.33099174439907075,
  "gin_std": 0.015472243127719451
}