{
  "dataset": "sbm",
  "model": "AUTOGRAPH",
  "subsample_size": 8,
  "num_bootstrap": 100,
  "pgd_mean": 0.0795770202577114,
  "pgd_std": 0.15051498235582444,
  "pgd_runtime_seconds": 1226.703736,
  "pgd_runtime_perf_seconds": 1226.703736,
  "orbit4_mean": 0.09925855252891778,
  "orbit4_std": 0.14607178571277,
  "orbit5_mean": 0.08096282970160246,
  "orbit5_std": 0.14426964637759687,
  "clustering_mean": 0.08619518004357815,
  "clustering_std": 0.13796990223167807,
  "degree_mean": 0.08153345245867967,
  "degree_std": 0.13018517522138953,
  "spectral_mean": 0.06532037375494838,
  "spectral_std": 0.12462733509565987,
  "gin_mean": 0.08703675176948308,
  "gin_std": 0.13992871912370364
}