{
  "dataset": "sbm",
  "model": "ESGG",
  "subsample_size": 8,
  "num_bootstrap": 100,
  "pgd_mean": 0.44378948912024496,
  "pgd_std": 0.30219957572562267,
  "pgd_runtime_seconds": 1089.136503,
  "pgd_runtime_perf_seconds": 1089.136503,
  "orbit4_mean": 0.37687922455370426,
  "orbit4_std": 0.24116910140141648,
  "orbit5_mean": 0.41402338407933714,
  "orbit5_std": 0.24051584895837438,
  "clustering_mean": 0.24612648125737904,
  "clustering_std": 0.21448515644925023,
  "degree_mean": 0.15962231740355493,
  "degree_std": 0.17417938655810195,
  "spectral_mean": 0.5141956724226475,
  "spectral_std": 0.2122132903559087,
  "gin_mean": 0.5468264366686344,
  "gin_std": 0.26532113014093495
}