{
  "dataset": "sbm",
  "model": "AUTOGRAPH",
  "subsample_size": 32,
  "num_bootstrap": 100,
  "pgd_mean": 0.055431412309408186,
  "pgd_std": 0.09709603402220039,
  "pgd_runtime_seconds": 1331.96096,
  "pgd_runtime_perf_seconds": 1331.96096,
  "orbit4_mean": 0.05424525246955454,
  "orbit4_std": 0.07813538640448538,
  "orbit5_mean": 0.05570790134370327,
  "orbit5_std": 0.08588099008465772,
  "clustering_mean": 0.05282106630504131,
  "clustering_std": 0.07668133572101116,
  "degree_mean": 0.04730183018371463,
  "degree_std": 0.07334127598011067,
  "spectral_mean": 0.04797317577525973,
  "spectral_std": 0.08419779691129058,
  "gin_mean": 0.05096790662035346,
  "gin_std": 0.07921863986040507
}