{
  "dataset": "planar",
  "model": "GRAN",
  "subsample_size": 128,
  "num_bootstrap": 100,
  "pgd_mean": 0.19380201727151872,
  "pgd_std": 0.11811808883124494,
  "pgd_runtime_seconds": 1164.9305,
  "pgd_runtime_perf_seconds": 1164.9305,
  "orbit4_mean": 0.21792246118187905,
  "orbit4_std": 0.10313067269173974,
  "orbit5_mean": 0.23415119767189027,
  "orbit5_std": 0.09923605792859536,
  "clustering_mean": 0.1615578150935471,
  "clustering_std": 0.08875177828125048,
  "degree_mean": 0.1639382456894964,
  "degree_std": 0.09050568029957842,
  "spectral_mean": 0.1311350005492568,
  "spectral_std": 0.0703609420270213,
  "gin_mean": 0.23915178425610065,
  "gin_std": 0.093187081539658
}