{
  "dataset": "lobster",
  "model": "GRAN",
  "subsample_size": 64,
  "num_bootstrap": 100,
  "pgd_mean": 0.7641953828930855,
  "pgd_std": 0.09483859591198247,
  "pgd_runtime_seconds": 1127.126529,
  "pgd_runtime_perf_seconds": 1127.126529,
  "orbit4_mean": 0.7838009107112884,
  "orbit4_std": 0.0682328037046407,
  "orbit5_mean": 0.7792727968096733,
  "orbit5_std": 0.07516074416370758,
  "clustering_mean": 0.1278654420110145,
  "clustering_std": 0.0756841703353171,
  "degree_mean": 0.6235934759676457,
  "degree_std": 0.11208870955854854,
  "spectral_mean": 0.4822626812756062,
  "spectral_std": 0.12745484039773122,
  "gin_mean": 0.6306844753026962,
  "gin_std": 0.08725016106673406
}