{
  "dataset": "planar",
  "model": "GRAN",
  "subsample_size": 256,
  "num_bootstrap": 100,
  "pgd_mean": 0.5643881160020828,
  "pgd_std": 0.054801423811404404,
  "pgd_runtime_seconds": 1308.367724,
  "pgd_runtime_perf_seconds": 1308.367724,
  "orbit4_mean": 0.5536295759677887,
  "orbit4_std": 0.05110207534663799,
  "orbit5_mean": 0.5769450929760933,
  "orbit5_std": 0.0416543741762673,
  "clustering_mean": 0.47939947426319124,
  "clustering_std": 0.07144556521355559,
  "degree_mean": 0.5098094546794891,
  "degree_std": 0.06538416005048832,
  "spectral_mean": 0.27104045405983923,
  "spectral_std": 0.06251529452809265,
  "gin_mean": 0.5318448477983475,
  "gin_std": 0.04480750753615706
}