{
  "dataset": "planar",
  "model": "AUTOGRAPH",
  "subsample_size": 16,
  "num_bootstrap": 100,
  "pgd_mean": 0.09365648943930864,
  "pgd_std": 0.13844809229704932,
  "pgd_runtime_seconds": 1229.859103,
  "pgd_runtime_perf_seconds": 1229.859103,
  "orbit4_mean": 0.07314069911837578,
  "orbit4_std": 0.1043691468963247,
  "orbit5_mean": 0.08144223090261221,
  "orbit5_std": 0.11810338650650573,
  "clustering_mean": 0.09078047823160887,
  "clustering_std": 0.1223692543922275,
  "degree_mean": 0.07406207783147693,
  "degree_std": 0.11078543132997555,
  "spectral_mean": 0.06037009280174971,
  "spectral_std": 0.09645295551245861,
  "gin_mean": 0.07272363413125277,
  "gin_std": 0.10748115344337962
}