{
  "dataset": "planar",
  "model": "AUTOGRAPH",
  "subsample_size": 8,
  "num_bootstrap": 100,
  "pgd_mean": 0.06533759342506527,
  "pgd_std": 0.13035756779436297,
  "pgd_runtime_seconds": 4774.158606,
  "pgd_runtime_perf_seconds": 4774.158606,
  "orbit4_mean": 0.0997903505153954,
  "orbit4_std": 0.14159888443030158,
  "orbit5_mean": 0.09853821203112602,
  "orbit5_std": 0.1511274468195567,
  "clustering_mean": 0.08262781091034413,
  "clustering_std": 0.12137654253301386,
  "degree_mean": 0.08792563933879137,
  "degree_std": 0.1337032433366915,
  "spectral_mean": 0.08652478147298098,
  "spectral_std": 0.14800936897488537,
  "gin_mean": 0.09066894885152578,
  "gin_std": 0.1348033002916008
}