{
  "dataset": "lobster",
  "model": "AUTOGRAPH",
  "subsample_size": 64,
  "num_bootstrap": 100,
  "pgd_mean": 0.047168741077184675,
  "pgd_std": 0.07455297545801477,
  "pgd_runtime_seconds": 6561.885137,
  "pgd_runtime_perf_seconds": 6561.885137,
  "orbit4_mean": 0.04555565118789673,
  "orbit4_std": 0.060215789338759616,
  "orbit5_mean": 0.04947704093530774,
  "orbit5_std": 0.06578978413419473,
  "clustering_mean": 0.0011760989020209538,
  "clustering_std": 0.008402756967750802,
  "degree_mean": 0.0530584049411118,
  "degree_std": 0.06913103709112478,
  "spectral_mean": 0.05253959361463785,
  "spectral_std": 0.07413082493121814,
  "gin_mean": 0.05739926679059863,
  "gin_std": 0.06353089805002028
}