{
  "dataset": "planar",
  "model": "ESGG",
  "subsample_size": 64,
  "num_bootstrap": 100,
  "pgd_mean": 0.17136891858652234,
  "pgd_std": 0.13146500996180424,
  "pgd_runtime_seconds": 1168.470231,
  "pgd_runtime_perf_seconds": 1168.470231,
  "orbit4_mean": 0.21469494719058274,
  "orbit4_std": 0.0992617652217411,
  "orbit5_mean": 0.20787276668474078,
  "orbit5_std": 0.10741685813530219,
  "clustering_mean": 0.04786092419177294,
  "clustering_std": 0.05988216960908738,
  "degree_mean": 0.04869012157432735,
  "degree_std": 0.05781560533280316,
  "spectral_mean": 0.05751082757487893,
  "spectral_std": 0.06777516411448685,
  "gin_mean": 0.12780018045566977,
  "gin_std": 0.08179807477773925
}