{
  "dataset": "lobster",
  "model": "DIGRESS",
  "subsample_size": 64,
  "num_bootstrap": 100,
  "pgd_mean": 0.02879648885735402,
  "pgd_std": 0.05281169620677564,
  "pgd_runtime_seconds": 7251.246405,
  "pgd_runtime_perf_seconds": 7251.246405,
  "orbit4_mean": 0.02936168247833848,
  "orbit4_std": 0.04619561293454781,
  "orbit5_mean": 0.03265378799289465,
  "orbit5_std": 0.046555651229133466,
  "clustering_mean": 0.0005885366771092444,
  "clustering_std": 0.005698805129947059,
  "degree_mean": 0.03718382397666573,
  "degree_std": 0.053224624330353396,
  "spectral_mean": 0.03492008671164513,
  "spectral_std": 0.05826277441294438,
  "gin_mean": 0.032825753558427095,
  "gin_std": 0.045435957057237825
}