{
  "dataset": "sbm",
  "model": "DIGRESS",
  "subsample_size": 256,
  "num_bootstrap": 100,
  "pgd_mean": 0.04488703006878495,
  "pgd_std": 0.05096990431850497,
  "pgd_runtime_seconds": 30363.679897,
  "pgd_runtime_perf_seconds": 30363.679897,
  "orbit4_mean": 0.06838426345027983,
  "orbit4_std": 0.0503201791188208,
  "orbit5_mean": 0.06932274976279587,
  "orbit5_std": 0.052158328436882256,
  "clustering_mean": 0.037296567538287494,
  "clustering_std": 0.03794980715900624,
  "degree_mean": 0.04350376745220274,
  "degree_std": 0.04565207972332762,
  "spectral_mean": 0.01834035432955716,
  "spectral_std": 0.03237189713116012,
  "gin_mean": 0.051940800677984955,
  "gin_std": 0.04589287357546589
}