{
  "dataset": "lobster",
  "model": "GRAN",
  "subsample_size": 256,
  "num_bootstrap": 100,
  "pgd_mean": 0.8365268802642822,
  "pgd_std": 0.026602385946918602,
  "pgd_runtime_seconds": 1500.335565,
  "pgd_runtime_perf_seconds": 1500.335565,
  "orbit4_mean": 0.8374260222911835,
  "orbit4_std": 0.02664293876256717,
  "orbit5_mean": 0.8348386234045029,
  "orbit5_std": 0.02727592604609498,
  "clustering_mean": 0.20825289510190487,
  "clustering_std": 0.03306574056836078,
  "degree_mean": 0.7109608370065689,
  "degree_std": 0.035386018139225296,
  "spectral_mean": 0.6040905377268792,
  "spectral_std": 0.03999079716800408,
  "gin_mean": 0.7332871162891388,
  "gin_std": 0.034656296644278356
}