{
  "dataset": "sbm",
  "model": "DIGRESS",
  "subsample_size": 256,
  "num_bootstrap": 100,
  "pgd_mean": 0.045633103121072056,
  "pgd_std": 0.051367743900821626,
  "pgd_runtime_seconds": 1547.994712,
  "pgd_runtime_perf_seconds": 1547.994712,
  "orbit4_mean": 0.06859348475933075,
  "orbit4_std": 0.05026378090513525,
  "orbit5_mean": 0.06939484152942896,
  "orbit5_std": 0.05201907445861899,
  "clustering_mean": 0.03728133012540638,
  "clustering_std": 0.03779008887302852,
  "degree_mean": 0.0435338235180825,
  "degree_std": 0.045683417812814764,
  "spectral_mean": 0.018330078911967574,
  "spectral_std": 0.03244519934514116,
  "gin_mean": 0.05398713351227343,
  "gin_std": 0.044360075333012526
}