{
  "dataset": "planar",
  "model": "GRAN",
  "subsample_size": 512,
  "num_bootstrap": 100,
  "pgd_mean": 0.7983788061141968,
  "pgd_std": 0.02476768555480199,
  "pgd_runtime_seconds": 60655.843212,
  "pgd_runtime_perf_seconds": 60655.843212,
  "orbit4_mean": 0.7753148221969605,
  "orbit4_std": 0.023860331807928042,
  "orbit5_mean": 0.8000005596876144,
  "orbit5_std": 0.024081910576300162,
  "clustering_mean": 0.777650927901268,
  "clustering_std": 0.023782690310371987,
  "degree_mean": 0.7654708760976792,
  "degree_std": 0.02806607457112065,
  "spectral_mean": 0.6175545918941497,
  "spectral_std": 0.03252234082888758,
  "gin_mean": 0.7629501855373383,
  "gin_std": 0.027088077854271784
}