{
  "dataset": "planar",
  "model": "DIGRESS",
  "subsample_size": 2048,
  "num_bootstrap": 100,
  "pgd_mean": 0.4531277024745941,
  "pgd_std": 0.01520597052619326,
  "pgd_runtime_seconds": 4738.687176,
  "pgd_runtime_perf_seconds": 4738.687176,
  "orbit4_mean": 0.407789945602417,
  "orbit4_std": 0.01576512478097658,
  "orbit5_mean": 0.4531277024745941,
  "orbit5_std": 0.01520597052619326,
  "clustering_mean": 0.24484801933169364,
  "clustering_std": 0.018512430458361637,
  "degree_mean": 0.23254929214715958,
  "degree_std": 0.01925186598632801,
  "spectral_mean": 0.3906631115078926,
  "spectral_std": 0.01741186030096695,
  "gin_mean": 0.2960927452147007,
  "gin_std": 0.020479871759062785
}