{
  "dataset": "lobster",
  "model": "GRAN",
  "subsample_size": 4096,
  "num_bootstrap": 100,
  "pgd_mean": 0.8560615599155426,
  "pgd_std": 0.005889338002862674,
  "pgd_runtime_seconds": 58501.120847,
  "pgd_runtime_perf_seconds": 58501.120847,
  "orbit4_mean": 0.8525969153642654,
  "orbit4_std": 0.006268747384642493,
  "orbit5_mean": 0.8561256778240204,
  "orbit5_std": 0.005824919609802205,
  "clustering_mean": 0.2148324465751648,
  "clustering_std": 0.0068458656188093185,
  "degree_mean": 0.7784144228696823,
  "degree_std": 0.007794063257243137,
  "spectral_mean": 0.7043083357810974,
  "spectral_std": 0.006989937758261378,
  "gin_mean": 0.8063854336738586,
  "gin_std": 0.006692317957279631
}