{
  "dataset": "sbm",
  "model": "ESGG",
  "subsample_size": 512,
  "num_bootstrap": 100,
  "pgd_mean": 0.9886461371183395,
  "pgd_std": 0.009485190758662781,
  "pgd_runtime_seconds": 2130.670069,
  "pgd_runtime_perf_seconds": 2130.670069,
  "orbit4_mean": 0.8743661195039749,
  "orbit4_std": 0.019090441333907728,
  "orbit5_mean": 0.933916545510292,
  "orbit5_std": 0.015821513716220096,
  "clustering_mean": 0.974254103899002,
  "clustering_std": 0.01509047710274984,
  "degree_mean": 0.9717450809478759,
  "degree_std": 0.01648614836158385,
  "spectral_mean": 0.9892975443601608,
  "spectral_std": 0.009374952841107323,
  "gin_mean": 0.9790386462211609,
  "gin_std": 0.010633294655221448
}