{
  "dataset": "sbm",
  "model": "AUTOGRAPH",
  "subsample_size": 64,
  "num_bootstrap": 100,
  "pgd_mean": 0.016100032068789006,
  "pgd_std": 0.04699451510224033,
  "pgd_runtime_seconds": 1283.49947,
  "pgd_runtime_perf_seconds": 1283.49947,
  "orbit4_mean": 0.02221803060732782,
  "orbit4_std": 0.03787279060054388,
  "orbit5_mean": 0.02369543279055506,
  "orbit5_std": 0.04043259033847504,
  "clustering_mean": 0.02374761888757348,
  "clustering_std": 0.047266664364854764,
  "degree_mean": 0.023737070336937904,
  "degree_std": 0.04758057906021013,
  "spectral_mean": 0.030048946756869553,
  "spectral_std": 0.05587615409914172,
  "gin_mean": 0.017684524348005652,
  "gin_std": 0.03241308939160862
}