{
  "dataset": "planar",
  "model": "AUTOGRAPH",
  "subsample_size": 256,
  "num_bootstrap": 100,
  "pgd_mean": 0.19313714191783218,
  "pgd_std": 0.08670699480116185,
  "pgd_runtime_seconds": 1295.108288,
  "pgd_runtime_perf_seconds": 1295.108288,
  "orbit4_mean": 0.18250492690131068,
  "orbit4_std": 0.05834600187913012,
  "orbit5_mean": 0.21742573477327823,
  "orbit5_std": 0.05253204170330879,
  "clustering_mean": 0.02494173314422369,
  "clustering_std": 0.03482164357468155,
  "degree_mean": 0.028332721749320625,
  "degree_std": 0.03224652691593107,
  "spectral_mean": 0.10895329559687525,
  "spectral_std": 0.06592302139278548,
  "gin_mean": 0.04344825919950381,
  "gin_std": 0.041162203273023903
}