{
  "dataset": "sbm",
  "model": "GRAN",
  "subsample_size": 128,
  "num_bootstrap": 100,
  "pgd_mean": 0.5278515782952309,
  "pgd_std": 0.08119860869899424,
  "pgd_runtime_seconds": 16664.110531,
  "pgd_runtime_perf_seconds": 16664.110531,
  "orbit4_mean": 0.5439363041520119,
  "orbit4_std": 0.07961759195316409,
  "orbit5_mean": 0.5495338335633277,
  "orbit5_std": 0.06517822758519892,
  "clustering_mean": 0.43225217163562774,
  "clustering_std": 0.0850489966279789,
  "degree_mean": 0.5079155877232552,
  "degree_std": 0.06867818533156514,
  "spectral_mean": 0.1571563066635281,
  "spectral_std": 0.09304653015255214,
  "gin_mean": 0.5242249912023544,
  "gin_std": 0.05516147978496099
}