{
  "dataset": "planar",
  "model": "GRAN",
  "subsample_size": 1024,
  "num_bootstrap": 100,
  "pgd_mean": 0.9479402452707291,
  "pgd_std": 0.0207005142096512,
  "pgd_runtime_seconds": 2481.700592,
  "pgd_runtime_perf_seconds": 2481.700592,
  "orbit4_mean": 0.9339233058691024,
  "orbit4_std": 0.019600017921813977,
  "orbit5_mean": 0.9499425148963928,
  "orbit5_std": 0.020220611432779253,
  "clustering_mean": 0.9412827968597413,
  "clustering_std": 0.017471907510631015,
  "degree_mean": 0.9259251302480698,
  "degree_std": 0.02070895777488159,
  "spectral_mean": 0.8804268580675125,
  "spectral_std": 0.02375839342037952,
  "gin_mean": 0.9261396241188049,
  "gin_std": 0.016756528303184314
}