{
  "dataset": "sbm",
  "model": "GRAN",
  "subsample_size": 16,
  "num_bootstrap": 100,
  "pgd_mean": 0.1758397939056158,
  "pgd_std": 0.198957003186417,
  "pgd_runtime_seconds": 1289.793275,
  "pgd_runtime_perf_seconds": 1289.793275,
  "orbit4_mean": 0.22430608078837394,
  "orbit4_std": 0.18787993734595,
  "orbit5_mean": 0.20190335731953382,
  "orbit5_std": 0.19493417384157324,
  "clustering_mean": 0.1631325110513717,
  "clustering_std": 0.14649927800798238,
  "degree_mean": 0.256496165022254,
  "degree_std": 0.1885869632249933,
  "spectral_mean": 0.09439039014279843,
  "spectral_std": 0.12581188567135182,
  "gin_mean": 0.2389975688792765,
  "gin_std": 0.17897471085360409
}