{
  "dataset": "lobster",
  "model": "ESGG",
  "subsample_size": 256,
  "num_bootstrap": 100,
  "pgd_mean": 0.6810754477977753,
  "pgd_std": 0.04164851004390086,
  "pgd_runtime_seconds": 1172.953677,
  "pgd_runtime_perf_seconds": 1172.953677,
  "orbit4_mean": 0.6529573422670364,
  "orbit4_std": 0.04216558883347163,
  "orbit5_mean": 0.6849460828304291,
  "orbit5_std": 0.0382396686258445,
  "clustering_mean": 1.698643816450651e-05,
  "clustering_std": 3.3881317890172014e-21,
  "degree_mean": 0.591089301109314,
  "degree_std": 0.04506789753948784,
  "spectral_mean": 0.4291313537955284,
  "spectral_std": 0.04620963875967983,
  "gin_mean": 0.6232323551177978,
  "gin_std": 0.04352619803120106
}