{
  "dataset": "lobster",
  "model": "ESGG",
  "subsample_size": 64,
  "num_bootstrap": 100,
  "pgd_mean": 0.5545729979872703,
  "pgd_std": 0.12700505528512954,
  "pgd_runtime_seconds": 6524.906127,
  "pgd_runtime_perf_seconds": 6524.906127,
  "orbit4_mean": 0.5755173864960671,
  "orbit4_std": 0.10683379092399041,
  "orbit5_mean": 0.5861960646510124,
  "orbit5_std": 0.11123745882202618,
  "clustering_mean": 1.698643816450651e-05,
  "clustering_std": 3.3881317890172014e-21,
  "degree_mean": 0.4680587637424469,
  "degree_std": 0.11923082084613165,
  "spectral_mean": 0.28012986313551663,
  "spectral_std": 0.13956825539938017,
  "gin_mean": 0.5270141130685806,
  "gin_std": 0.10728729146587519
}