{
  "dataset": "sbm",
  "model": "DIGRESS",
  "subsample_size": 512,
  "num_bootstrap": 100,
  "pgd_mean": 0.0778158438205719,
  "pgd_std": 0.058556783316525925,
  "pgd_runtime_seconds": 2276.051789,
  "pgd_runtime_perf_seconds": 2276.051789,
  "orbit4_mean": 0.0979241839889437,
  "orbit4_std": 0.0507453446101542,
  "orbit5_mean": 0.09538935076561757,
  "orbit5_std": 0.04476691764130608,
  "clustering_mean": 0.03984409406781197,
  "clustering_std": 0.0383767866301665,
  "degree_mean": 0.0515223871730268,
  "degree_std": 0.04399273420280507,
  "spectral_mean": 0.026484350580722092,
  "spectral_std": 0.0378307228571774,
  "gin_mean": 0.09040383266285063,
  "gin_std": 0.0494451516278392
}