{
  "dataset": "lobster",
  "model": "GRAN",
  "subsample_size": 32,
  "num_bootstrap": 100,
  "pgd_mean": 0.6631679119914771,
  "pgd_std": 0.18701078841940164,
  "pgd_runtime_seconds": 705.319574,
  "pgd_runtime_perf_seconds": 705.319574,
  "orbit4_mean": 0.7151513647288084,
  "orbit4_std": 0.1263161430217232,
  "orbit5_mean": 0.7107473090291023,
  "orbit5_std": 0.1205692450417248,
  "clustering_mean": 0.07160075217697258,
  "clustering_std": 0.06985421745692724,
  "degree_mean": 0.5214973789453506,
  "degree_std": 0.16284289422195164,
  "spectral_mean": 0.3285703332722187,
  "spectral_std": 0.13659887102321494,
  "gin_mean": 0.5396570926904678,
  "gin_std": 0.13289173037480034
}