{
  "dataset": "sbm",
  "model": "GRAN",
  "subsample_size": 8,
  "num_bootstrap": 100,
  "pgd_mean": 0.1167151116579771,
  "pgd_std": 0.18181461389565026,
  "pgd_runtime_seconds": 1417.007306,
  "pgd_runtime_perf_seconds": 1417.007306,
  "orbit4_mean": 0.1480203676223755,
  "orbit4_std": 0.19138126347827988,
  "orbit5_mean": 0.1149219536408782,
  "orbit5_std": 0.18834837233147927,
  "clustering_mean": 0.11476841498166322,
  "clustering_std": 0.16765410751881515,
  "degree_mean": 0.16900558909401298,
  "degree_std": 0.1878540515506628,
  "spectral_mean": 0.0975630886759609,
  "spectral_std": 0.15629199831187326,
  "gin_mean": 0.1494924102537334,
  "gin_std": 0.1844078492978034
}