{
  "dataset": "planar",
  "model": "ESGG",
  "subsample_size": 512,
  "num_bootstrap": 100,
  "pgd_mean": 0.4069245511293411,
  "pgd_std": 0.03727702762757761,
  "pgd_runtime_seconds": 1540.801627,
  "pgd_runtime_perf_seconds": 1540.801627,
  "orbit4_mean": 0.3899919974803925,
  "orbit4_std": 0.030356320269761403,
  "orbit5_mean": 0.4109650465846062,
  "orbit5_std": 0.0355009459760541,
  "clustering_mean": 0.06698017085902393,
  "clustering_std": 0.04864637108339103,
  "degree_mean": 0.0675865905964747,
  "degree_std": 0.05176496460788239,
  "spectral_mean": 0.19477256301790477,
  "spectral_std": 0.051228821400277326,
  "gin_mean": 0.30793841361999513,
  "gin_std": 0.0307724154245805
}