{
  "dataset": "planar",
  "model": "DIGRESS",
  "subsample_size": 1024,
  "num_bootstrap": 100,
  "pgd_mean": 0.440330650806427,
  "pgd_std": 0.0217525196205301,
  "pgd_runtime_seconds": 2576.114498,
  "pgd_runtime_perf_seconds": 2576.114498,
  "orbit4_mean": 0.39581231892108915,
  "orbit4_std": 0.021885328355039965,
  "orbit5_mean": 0.440330650806427,
  "orbit5_std": 0.0217525196205301,
  "clustering_mean": 0.2219056612253189,
  "clustering_std": 0.02904020478403706,
  "degree_mean": 0.21652634236961604,
  "degree_std": 0.03256980964805614,
  "spectral_mean": 0.37321555584669114,
  "spectral_std": 0.02406943985515215,
  "gin_mean": 0.29054909214377406,
  "gin_std": 0.029510914431381034
}