{
  "dataset": "planar",
  "model": "AUTOGRAPH",
  "subsample_size": 512,
  "num_bootstrap": 100,
  "pgd_mean": 0.27771839663386344,
  "pgd_std": 0.038992694551496836,
  "pgd_runtime_seconds": 1637.834619,
  "pgd_runtime_perf_seconds": 1637.834619,
  "orbit4_mean": 0.22486933268606663,
  "orbit4_std": 0.04136251741238497,
  "orbit5_mean": 0.28165174663066866,
  "orbit5_std": 0.03136416116094727,
  "clustering_mean": 0.036926976032555105,
  "clustering_std": 0.03492942742834337,
  "degree_mean": 0.03493588244309649,
  "degree_std": 0.03451841165414897,
  "spectral_mean": 0.1678148054331541,
  "spectral_std": 0.06345598736695109,
  "gin_mean": 0.05282365088351071,
  "gin_std": 0.03582420358028147
}