{
  "dataset": "lobster",
  "model": "DIGRESS",
  "subsample_size": 16,
  "num_bootstrap": 100,
  "pgd_mean": 0.051100535448640586,
  "pgd_std": 0.10655146197979869,
  "pgd_runtime_seconds": 947.898969,
  "pgd_runtime_perf_seconds": 947.898969,
  "orbit4_mean": 0.06300304766744375,
  "orbit4_std": 0.10937384913808364,
  "orbit5_mean": 0.06052196273580193,
  "orbit5_std": 0.10550285046526764,
  "clustering_mean": 1.647684501957131e-05,
  "clustering_std": 2.8976692827396914e-06,
  "degree_mean": 0.06852520864456892,
  "degree_std": 0.10167201922032051,
  "spectral_mean": 0.05550965894013643,
  "spectral_std": 0.08284106894504024,
  "gin_mean": 0.05764077886939049,
  "gin_std": 0.10367525512990719
}