{
  "dataset": "lobster",
  "model": "ESGG",
  "subsample_size": 8,
  "num_bootstrap": 100,
  "pgd_mean": 0.20898393739014864,
  "pgd_std": 0.23950161460378633,
  "pgd_runtime_seconds": 1070.385162,
  "pgd_runtime_perf_seconds": 1070.385162,
  "orbit4_mean": 0.25071745093911885,
  "orbit4_std": 0.20717532140022513,
  "orbit5_mean": 0.3157345250248909,
  "orbit5_std": 0.22812590048767256,
  "clustering_mean": 1.698643816450651e-05,
  "clustering_std": 3.3881317890172014e-21,
  "degree_mean": 0.1851986793242395,
  "degree_std": 0.1894669085081635,
  "spectral_mean": 0.09837502762675285,
  "spectral_std": 0.11580894666780754,
  "gin_mean": 0.15354253843426705,
  "gin_std": 0.17253653508502698
}