{
  "dataset": "planar",
  "model": "GRAN",
  "subsample_size": 2048,
  "num_bootstrap": 100,
  "pgd_mean": 0.9951086437702179,
  "pgd_std": 0.0062625055543393884,
  "pgd_runtime_seconds": 4921.866639,
  "pgd_runtime_perf_seconds": 4921.866639,
  "orbit4_mean": 0.9903621023893356,
  "orbit4_std": 0.006595498803425148,
  "orbit5_mean": 0.9957486003637314,
  "orbit5_std": 0.005893740617635332,
  "clustering_mean": 0.9882198214530945,
  "clustering_std": 0.006588003049885927,
  "degree_mean": 0.9787556862831116,
  "degree_std": 0.00788040333915862,
  "spectral_mean": 0.9844338381290436,
  "spectral_std": 0.005312515381559039,
  "gin_mean": 0.9832252931594848,
  "gin_std": 0.0061120083966095156
}