{
  "dataset": "planar",
  "model": "ESGG",
  "subsample_size": 256,
  "num_bootstrap": 100,
  "pgd_mean": 0.3675523164868355,
  "pgd_std": 0.04756954459011697,
  "pgd_runtime_seconds": 1317.072005,
  "pgd_runtime_perf_seconds": 1317.072005,
  "orbit4_mean": 0.3645237646996975,
  "orbit4_std": 0.05146720371625886,
  "orbit5_mean": 0.3716704651713371,
  "orbit5_std": 0.04790350282461889,
  "clustering_mean": 0.05788638148456812,
  "clustering_std": 0.04705730513474719,
  "degree_mean": 0.03893626285716891,
  "degree_std": 0.040633210776910095,
  "spectral_mean": 0.12037570152431726,
  "spectral_std": 0.06000584119224555,
  "gin_mean": 0.2778680693358183,
  "gin_std": 0.04728136757039034
}