{
  "dataset": "lobster",
  "model": "AUTOGRAPH",
  "subsample_size": 8,
  "num_bootstrap": 100,
  "pgd_mean": 0.11658194534480572,
  "pgd_std": 0.17229313496289164,
  "pgd_runtime_seconds": 966.214738,
  "pgd_runtime_perf_seconds": 966.214738,
  "orbit4_mean": 0.11774783030152321,
  "orbit4_std": 0.15731900290526057,
  "orbit5_mean": 0.11025279402732849,
  "orbit5_std": 0.15525495520187696,
  "clustering_mean": 1.579738749299105e-05,
  "clustering_std": 4.334039017675184e-06,
  "degree_mean": 0.13458907447755336,
  "degree_std": 0.14829594467543522,
  "spectral_mean": 0.07203374879434704,
  "spectral_std": 0.10891483566466105,
  "gin_mean": 0.09988506067544221,
  "gin_std": 0.15380277731658448
}