{
  "dataset": "lobster",
  "model": "DIGRESS",
  "subsample_size": 256,
  "num_bootstrap": 100,
  "pgd_mean": 0.01817810095846653,
  "pgd_std": 0.03230465795773745,
  "pgd_runtime_seconds": 1194.821674,
  "pgd_runtime_perf_seconds": 1194.821674,
  "orbit4_mean": 0.019632287030108272,
  "orbit4_std": 0.027833683243177247,
  "orbit5_mean": 0.020148784588091075,
  "orbit5_std": 0.026733804377963553,
  "clustering_mean": 0.0014273925427391132,
  "clustering_std": 0.005411615152085845,
  "degree_mean": 0.018742583310231566,
  "degree_std": 0.030035077363909504,
  "spectral_mean": 0.016127340560778976,
  "spectral_std": 0.026992973364319495,
  "gin_mean": 0.019160734554752708,
  "gin_std": 0.027875693884103547
}