{
  "dataset": "sbm",
  "model": "GRAN",
  "subsample_size": 256,
  "num_bootstrap": 100,
  "pgd_mean": 0.5678997361660003,
  "pgd_std": 0.04709568885721462,
  "pgd_runtime_seconds": 1513.098404,
  "pgd_runtime_perf_seconds": 1513.098404,
  "orbit4_mean": 0.5544482532143593,
  "orbit4_std": 0.050066045798763815,
  "orbit5_mean": 0.5805742666125298,
  "orbit5_std": 0.045695392256313326,
  "clustering_mean": 0.43127525866031646,
  "clustering_std": 0.061923028665647556,
  "degree_mean": 0.5206059502065181,
  "degree_std": 0.05531560792895762,
  "spectral_mean": 0.2697158430144191,
  "spectral_std": 0.06482110013871635,
  "gin_mean": 0.5720349025726318,
  "gin_std": 0.04347366904133922
}