{
  "dataset": "lobster",
  "model": "AUTOGRAPH",
  "subsample_size": 32,
  "num_bootstrap": 100,
  "pgd_mean": 0.07456184357404709,
  "pgd_std": 0.09197585335119667,
  "pgd_runtime_seconds": 1133.674646,
  "pgd_runtime_perf_seconds": 1133.674646,
  "orbit4_mean": 0.08127576813101768,
  "orbit4_std": 0.09331859016662634,
  "orbit5_mean": 0.08167425444349646,
  "orbit5_std": 0.09691204118049193,
  "clustering_mean": 1.579738749299105e-05,
  "clustering_std": 4.334039017675184e-06,
  "degree_mean": 0.08596110738813877,
  "degree_std": 0.09750671880384179,
  "spectral_mean": 0.04597266672179103,
  "spectral_std": 0.06852531043381767,
  "gin_mean": 0.07893084129318595,
  "gin_std": 0.08687824914737811
}