{
  "dataset": "planar",
  "model": "DIGRESS",
  "subsample_size": 256,
  "num_bootstrap": 100,
  "pgd_mean": 0.3585688078403473,
  "pgd_std": 0.043867862285990246,
  "pgd_runtime_seconds": 22122.745479,
  "pgd_runtime_perf_seconds": 22122.745479,
  "orbit4_mean": 0.3470165468752384,
  "orbit4_std": 0.05488557566971696,
  "orbit5_mean": 0.3654647563397884,
  "orbit5_std": 0.04811484734371756,
  "clustering_mean": 0.14793277932330967,
  "clustering_std": 0.07418712348598275,
  "degree_mean": 0.16695962533354758,
  "degree_std": 0.06554845788452285,
  "spectral_mean": 0.2688286555930972,
  "spectral_std": 0.0598028511988963,
  "gin_mean": 0.25747378915548325,
  "gin_std": 0.06075006365530858
}