{
  "dataset": "planar",
  "model": "DIGRESS",
  "subsample_size": 512,
  "num_bootstrap": 100,
  "pgd_mean": 0.39322647601366045,
  "pgd_std": 0.04037438561448381,
  "pgd_runtime_seconds": 1576.703111,
  "pgd_runtime_perf_seconds": 1576.703111,
  "orbit4_mean": 0.37131456792354584,
  "orbit4_std": 0.03207811474849944,
  "orbit5_mean": 0.4054999276995659,
  "orbit5_std": 0.033276141832374165,
  "clustering_mean": 0.18055143965408205,
  "clustering_std": 0.05473364798108419,
  "degree_mean": 0.1877278083562851,
  "degree_std": 0.051983502834259496,
  "spectral_mean": 0.3365696820616722,
  "spectral_std": 0.03756093038952482,
  "gin_mean": 0.2725851972401142,
  "gin_std": 0.053488316110381864
}