{
  "dataset": "sbm",
  "model": "AUTOGRAPH",
  "subsample_size": 16,
  "num_bootstrap": 100,
  "pgd_mean": 0.06187776282429695,
  "pgd_std": 0.11481191803374108,
  "pgd_runtime_seconds": 1314.292682,
  "pgd_runtime_perf_seconds": 1314.292682,
  "orbit4_mean": 0.09854094211012125,
  "orbit4_std": 0.1125151798696965,
  "orbit5_mean": 0.07982968704774976,
  "orbit5_std": 0.12198630914255842,
  "clustering_mean": 0.0809899659268558,
  "clustering_std": 0.10237714487813093,
  "degree_mean": 0.06019545973744243,
  "degree_std": 0.09924391564942206,
  "spectral_mean": 0.05320247170515358,
  "spectral_std": 0.09673983609096855,
  "gin_mean": 0.0789932620152831,
  "gin_std": 0.10349186238827654
}