{
  "dataset": "planar",
  "model": "AUTOGRAPH",
  "subsample_size": 128,
  "num_bootstrap": 100,
  "pgd_mean": 0.11521954238414764,
  "pgd_std": 0.09298913219298038,
  "pgd_runtime_seconds": 1235.690355,
  "pgd_runtime_perf_seconds": 1235.690355,
  "orbit4_mean": 0.09830551624298095,
  "orbit4_std": 0.07261071191552414,
  "orbit5_mean": 0.1423933929949999,
  "orbit5_std": 0.08178044780113367,
  "clustering_mean": 0.04160271914675832,
  "clustering_std": 0.04308937127056677,
  "degree_mean": 0.040359871885739265,
  "degree_std": 0.055228359802899744,
  "spectral_mean": 0.08372627245262265,
  "spectral_std": 0.06621239428981684,
  "gin_mean": 0.04121980877593159,
  "gin_std": 0.04938762795761194
}