{
  "dataset": "lobster",
  "model": "GRAN",
  "subsample_size": 1024,
  "num_bootstrap": 100,
  "pgd_mean": 0.8463682562112809,
  "pgd_std": 0.011032872870651914,
  "pgd_runtime_seconds": 5462.792592,
  "pgd_runtime_perf_seconds": 5462.792592,
  "orbit4_mean": 0.8454463070631028,
  "orbit4_std": 0.011212896525946162,
  "orbit5_mean": 0.8469105798006058,
  "orbit5_std": 0.011111757654273021,
  "clustering_mean": 0.21034844279289244,
  "clustering_std": 0.01497501555904422,
  "degree_mean": 0.7521494042873382,
  "degree_std": 0.017324918130257647,
  "spectral_mean": 0.6676661503314972,
  "spectral_std": 0.024477648318119157,
  "gin_mean": 0.7770641571283341,
  "gin_std": 0.015577660109780622
}