{
  "dataset": "planar",
  "model": "GRAN",
  "subsample_size": 64,
  "num_bootstrap": 100,
  "pgd_mean": 0.08540162768214941,
  "pgd_std": 0.09104523918029389,
  "pgd_runtime_seconds": 1143.228928,
  "pgd_runtime_perf_seconds": 1143.228928,
  "orbit4_mean": 0.08234494998585433,
  "orbit4_std": 0.08046243384785132,
  "orbit5_mean": 0.08948380296118558,
  "orbit5_std": 0.08541943604858367,
  "clustering_mean": 0.07954562940634786,
  "clustering_std": 0.07936991586924559,
  "degree_mean": 0.06768697649240493,
  "degree_std": 0.06446613874907549,
  "spectral_mean": 0.08274845767766237,
  "spectral_std": 0.07801923123055599,
  "gin_mean": 0.06592415180057287,
  "gin_std": 0.06369515832351619
}