{
  "dataset": "planar",
  "model": "ESGG",
  "subsample_size": 32,
  "num_bootstrap": 100,
  "pgd_mean": 0.07117920944467188,
  "pgd_std": 0.11495239550743547,
  "pgd_runtime_seconds": 1199.576135,
  "pgd_runtime_perf_seconds": 1199.576135,
  "orbit4_mean": 0.12174356404691934,
  "orbit4_std": 0.1198905419954649,
  "orbit5_mean": 0.10302910396829247,
  "orbit5_std": 0.11705175543340873,
  "clustering_mean": 0.051331586837768554,
  "clustering_std": 0.07510677492469114,
  "degree_mean": 0.04582057824358344,
  "degree_std": 0.07247711515845871,
  "spectral_mean": 0.057891880068928,
  "spectral_std": 0.07489944252726181,
  "gin_mean": 0.08857220051810145,
  "gin_std": 0.10715493934135491
}