{
  "dataset": "sbm",
  "model": "ESGG",
  "subsample_size": 2048,
  "num_bootstrap": 100,
  "pgd_mean": 0.993575609922409,
  "pgd_std": 0.0029777724293384147,
  "pgd_runtime_seconds": 6911.041413,
  "pgd_runtime_perf_seconds": 6911.041413,
  "orbit4_mean": 0.8924678158760071,
  "orbit4_std": 0.008864096867325984,
  "orbit5_mean": 0.9668065255880356,
  "orbit5_std": 0.004209803166261135,
  "clustering_mean": 0.9772496277093887,
  "clustering_std": 0.005334522098834107,
  "degree_mean": 0.9725451505184174,
  "degree_std": 0.006527075459389508,
  "spectral_mean": 0.993575609922409,
  "spectral_std": 0.0029777724293384147,
  "gin_mean": 0.9835431134700775,
  "gin_std": 0.003957342085457834
}