{
  "dataset": "sbm",
  "model": "DIGRESS",
  "subsample_size": 128,
  "num_bootstrap": 100,
  "pgd_mean": 0.03003091792576015,
  "pgd_std": 0.04929511654641149,
  "pgd_runtime_seconds": 1363.316941,
  "pgd_runtime_perf_seconds": 1363.316941,
  "orbit4_mean": 0.04983880824409425,
  "orbit4_std": 0.05302665749076035,
  "orbit5_mean": 0.05267845242284239,
  "orbit5_std": 0.054012476896218804,
  "clustering_mean": 0.023268865309655665,
  "clustering_std": 0.03742210895576305,
  "degree_mean": 0.031826256143394856,
  "degree_std": 0.046995555603293986,
  "spectral_mean": 0.022863984387367964,
  "spectral_std": 0.041014805637997996,
  "gin_mean": 0.041983056738972666,
  "gin_std": 0.043073632987282784
}