{
  "dataset": "lobster",
  "model": "DIGRESS",
  "subsample_size": 32,
  "num_bootstrap": 100,
  "pgd_mean": 0.04998166432604194,
  "pgd_std": 0.0781870497622279,
  "pgd_runtime_seconds": 910.623288,
  "pgd_runtime_perf_seconds": 910.623288,
  "orbit4_mean": 0.051898981779813766,
  "orbit4_std": 0.0772722567819507,
  "orbit5_mean": 0.062498098742216825,
  "orbit5_std": 0.08245413545502374,
  "clustering_mean": 1.613711625628118e-05,
  "clustering_std": 3.7021083684893207e-06,
  "degree_mean": 0.04167344126850367,
  "degree_std": 0.06866630160240018,
  "spectral_mean": 0.046538200601935385,
  "spectral_std": 0.07106506110227621,
  "gin_mean": 0.057007628828287124,
  "gin_std": 0.07610432369043225
}