{
  "dataset": "planar",
  "model": "AUTOGRAPH",
  "subsample_size": 4096,
  "num_bootstrap": 100,
  "pgd_mean": 0.34902786672115327,
  "pgd_std": 0.008549429912935664,
  "pgd_runtime_seconds": 12393.594885,
  "pgd_runtime_perf_seconds": 12393.594885,
  "orbit4_mean": 0.30102003991603854,
  "orbit4_std": 0.009405976092239834,
  "orbit5_mean": 0.34902786672115327,
  "orbit5_std": 0.008549429912935664,
  "clustering_mean": 0.1222694393992424,
  "clustering_std": 0.015131421055624452,
  "degree_mean": 0.08841376015916466,
  "degree_std": 0.018036920310293726,
  "spectral_mean": 0.28398387610912323,
  "spectral_std": 0.012977315309815874,
  "gin_mean": 0.12291782535612583,
  "gin_std": 0.012668305830703141
}