{
  "dataset": "sbm",
  "model": "DIGRESS",
  "subsample_size": 4096,
  "num_bootstrap": 100,
  "pgd_mean": 0.19622498869895935,
  "pgd_std": 0.013421895023697679,
  "pgd_runtime_seconds": 16695.593055,
  "pgd_runtime_perf_seconds": 16695.593055,
  "orbit4_mean": 0.16535459615290166,
  "orbit4_std": 0.014595435593560316,
  "orbit5_mean": 0.19622498869895935,
  "orbit5_std": 0.013421895023697679,
  "clustering_mean": 0.08261714186985046,
  "clustering_std": 0.027986138474188033,
  "degree_mean": 0.10369792802259326,
  "degree_std": 0.020896280576538428,
  "spectral_mean": 0.11675337366759778,
  "spectral_std": 0.01557227402066964,
  "gin_mean": 0.15244311831891535,
  "gin_std": 0.015497544511881563
}