{
  "dataset": "lobster",
  "model": "ESGG",
  "subsample_size": 32,
  "num_bootstrap": 100,
  "pgd_mean": 0.4966560454666615,
  "pgd_std": 0.20857572616900616,
  "pgd_runtime_seconds": 950.150437,
  "pgd_runtime_perf_seconds": 950.150437,
  "orbit4_mean": 0.5109386302530765,
  "orbit4_std": 0.16662818143331667,
  "orbit5_mean": 0.5438461908698082,
  "orbit5_std": 0.1718450717329332,
  "clustering_mean": 1.698643816450651e-05,
  "clustering_std": 3.3881317890172014e-21,
  "degree_mean": 0.3402817663922906,
  "degree_std": 0.15615826481881828,
  "spectral_mean": 0.14315575700253247,
  "spectral_std": 0.1271204893428532,
  "gin_mean": 0.4012542128562927,
  "gin_std": 0.17606076283811786
}