{
  "dataset": "lobster",
  "model": "GRAN",
  "subsample_size": 8,
  "num_bootstrap": 100,
  "pgd_mean": 0.34457156151533125,
  "pgd_std": 0.26409385018485004,
  "pgd_runtime_seconds": 1018.365034,
  "pgd_runtime_perf_seconds": 1018.365034,
  "orbit4_mean": 0.4278800544142723,
  "orbit4_std": 0.24682053710070975,
  "orbit5_mean": 0.4347125556319952,
  "orbit5_std": 0.26738521597495357,
  "clustering_mean": 0.03525696473374377,
  "clustering_std": 0.07729035108341696,
  "degree_mean": 0.32366348899900915,
  "degree_std": 0.21258159613441432,
  "spectral_mean": 0.2689724814146757,
  "spectral_std": 0.18268317129730413,
  "gin_mean": 0.26593547835946085,
  "gin_std": 0.23844971662873388
}