{
  "dataset": "lobster",
  "model": "AUTOGRAPH",
  "subsample_size": 512,
  "num_bootstrap": 100,
  "pgd_mean": 0.09734531134366989,
  "pgd_std": 0.05263367383766973,
  "pgd_runtime_seconds": 61358.535537,
  "pgd_runtime_perf_seconds": 61358.535537,
  "orbit4_mean": 0.10200530112721026,
  "orbit4_std": 0.049086668526878124,
  "orbit5_mean": 0.11264972913078963,
  "orbit5_std": 0.043290468022963526,
  "clustering_mean": 0.021925239816190416,
  "clustering_std": 0.019921863158528733,
  "degree_mean": 0.0619841627124697,
  "degree_std": 0.048372542536582304,
  "spectral_mean": 0.04574873274657875,
  "spectral_std": 0.04333799719284423,
  "gin_mean": 0.10145139329135418,
  "gin_std": 0.04034636433542954
}