{
  "dataset": "sbm",
  "model": "AUTOGRAPH",
  "subsample_size": 256,
  "num_bootstrap": 100,
  "pgd_mean": 0.01336923182476312,
  "pgd_std": 0.023915579542284276,
  "pgd_runtime_seconds": 1502.031947,
  "pgd_runtime_perf_seconds": 1502.031947,
  "orbit4_mean": 0.017116450904868543,
  "orbit4_std": 0.02252112340011018,
  "orbit5_mean": 0.017823785655200482,
  "orbit5_std": 0.02473069929448375,
  "clustering_mean": 0.018600488072261213,
  "clustering_std": 0.023606908664284835,
  "degree_mean": 0.017337323501706123,
  "degree_std": 0.024081497106243643,
  "spectral_mean": 0.013207617104053498,
  "spectral_std": 0.02551164759943405,
  "gin_mean": 0.021839073747396468,
  "gin_std": 0.028608612818325083
}