{
  "dataset": "planar",
  "model": "AUTOGRAPH",
  "subsample_size": 64,
  "num_bootstrap": 100,
  "pgd_mean": 0.05048358384519815,
  "pgd_std": 0.07171840473021128,
  "pgd_runtime_seconds": 1155.761345,
  "pgd_runtime_perf_seconds": 1155.761345,
  "orbit4_mean": 0.07177521374076605,
  "orbit4_std": 0.06963934504480829,
  "orbit5_mean": 0.0808820091933012,
  "orbit5_std": 0.07165630596067207,
  "clustering_mean": 0.032001827731728556,
  "clustering_std": 0.05075108600427634,
  "degree_mean": 0.04178112545982003,
  "degree_std": 0.049053589159927025,
  "spectral_mean": 0.0824179329443723,
  "spectral_std": 0.07988674971006043,
  "gin_mean": 0.04417567640542984,
  "gin_std": 0.049741166162329965
}