{
  "dataset": "sbm",
  "model": "AUTOGRAPH",
  "subsample_size": 128,
  "num_bootstrap": 100,
  "pgd_mean": 0.014666506303474307,
  "pgd_std": 0.033901264822151354,
  "pgd_runtime_seconds": 1332.519452,
  "pgd_runtime_perf_seconds": 1332.519452,
  "orbit4_mean": 0.02558018121868372,
  "orbit4_std": 0.03444500773916964,
  "orbit5_mean": 0.02205727924592793,
  "orbit5_std": 0.032338376173092674,
  "clustering_mean": 0.021931217554956674,
  "clustering_std": 0.03709867808345494,
  "degree_mean": 0.022346084928140043,
  "degree_std": 0.033727953331452405,
  "spectral_mean": 0.023494610264897346,
  "spectral_std": 0.04147725950776918,
  "gin_mean": 0.023599545070901513,
  "gin_std": 0.033922101126000886
}