{
  "dataset": "sbm",
  "model": "ESGG",
  "subsample_size": 64,
  "num_bootstrap": 100,
  "pgd_mean": 0.9417019420862198,
  "pgd_std": 0.06844455839223855,
  "pgd_runtime_seconds": 10859.377134,
  "pgd_runtime_perf_seconds": 10859.377134,
  "orbit4_mean": 0.7767375311255456,
  "orbit4_std": 0.12193958394803285,
  "orbit5_mean": 0.8030248799920082,
  "orbit5_std": 0.12118186902789109,
  "clustering_mean": 0.8101053190231323,
  "clustering_std": 0.07404797116081428,
  "degree_mean": 0.5675628338754177,
  "degree_std": 0.15610353275424482,
  "spectral_mean": 0.9636466968059539,
  "spectral_std": 0.029000477796070432,
  "gin_mean": 0.8965504038333892,
  "gin_std": 0.049970467408409464
}