{
  "dataset": "lobster",
  "model": "GRAN",
  "subsample_size": 128,
  "num_bootstrap": 100,
  "pgd_mean": 0.8120446121692657,
  "pgd_std": 0.04100787569650268,
  "pgd_runtime_seconds": 1239.895865,
  "pgd_runtime_perf_seconds": 1239.895865,
  "orbit4_mean": 0.816340658068657,
  "orbit4_std": 0.03889643440977269,
  "orbit5_mean": 0.8105580437183381,
  "orbit5_std": 0.041063654702893956,
  "clustering_mean": 0.1692711479216814,
  "clustering_std": 0.051256636831888094,
  "degree_mean": 0.6878363934159278,
  "degree_std": 0.0643752116404566,
  "spectral_mean": 0.5566483440995217,
  "spectral_std": 0.07194850634931572,
  "gin_mean": 0.6912168669700622,
  "gin_std": 0.046977445896470786
}