{
  "dataset": "planar",
  "model": "DIGRESS",
  "subsample_size": 16,
  "num_bootstrap": 100,
  "pgd_mean": 0.10180773239582777,
  "pgd_std": 0.16455109591596892,
  "pgd_runtime_seconds": 1159.998763,
  "pgd_runtime_perf_seconds": 1159.998763,
  "orbit4_mean": 0.13067821592092513,
  "orbit4_std": 0.1514667885169366,
  "orbit5_mean": 0.13623464711010455,
  "orbit5_std": 0.15395881507775672,
  "clustering_mean": 0.0960955074056983,
  "clustering_std": 0.13324437235863093,
  "degree_mean": 0.10529600972309709,
  "degree_std": 0.13217879911531283,
  "spectral_mean": 0.08756228456273675,
  "spectral_std": 0.11490554907143866,
  "gin_mean": 0.11235321421176195,
  "gin_std": 0.13756833411852284
}