{
  "dataset": "lobster",
  "model": "DIGRESS",
  "subsample_size": 2048,
  "num_bootstrap": 100,
  "pgd_mean": 0.042059346991591154,
  "pgd_std": 0.02587892361298587,
  "pgd_runtime_seconds": 12934.479557,
  "pgd_runtime_perf_seconds": 12934.479557,
  "orbit4_mean": 0.05264740348793566,
  "orbit4_std": 0.020315796161164086,
  "orbit5_mean": 0.04867843224667013,
  "orbit5_std": 0.0234596284852601,
  "clustering_mean": 0.018704415650987887,
  "clustering_std": 0.011282320859415515,
  "degree_mean": 0.012341127772815525,
  "degree_std": 0.014209199103264882,
  "spectral_mean": 0.00982754647731781,
  "spectral_std": 0.013153392529572159,
  "gin_mean": 0.02287579884636216,
  "gin_std": 0.017803370243173078
}