{
  "dataset": "planar",
  "model": "ESGG",
  "subsample_size": 512,
  "num_bootstrap": 100,
  "pgd_mean": 0.4068411096930504,
  "pgd_std": 0.03725719950020079,
  "pgd_runtime_seconds": 53781.750655,
  "pgd_runtime_perf_seconds": 53781.750655,
  "orbit4_mean": 0.3899078840017319,
  "orbit4_std": 0.030358961191463366,
  "orbit5_mean": 0.41092790335416796,
  "orbit5_std": 0.03548814535974937,
  "clustering_mean": 0.06677807557396591,
  "clustering_std": 0.04873866988063908,
  "degree_mean": 0.0675367828272283,
  "degree_std": 0.051559845425277105,
  "spectral_mean": 0.19504660997539758,
  "spectral_std": 0.05132882282981875,
  "gin_mean": 0.30833316579461095,
  "gin_std": 0.030726440548006478
}