{
  "dataset": "planar",
  "model": "GRAN",
  "subsample_size": 512,
  "num_bootstrap": 100,
  "pgd_mean": 0.7979140913486481,
  "pgd_std": 0.0256301901854983,
  "pgd_runtime_seconds": 1603.639974,
  "pgd_runtime_perf_seconds": 1603.639974,
  "orbit4_mean": 0.7752313107252121,
  "orbit4_std": 0.023835109782209735,
  "orbit5_mean": 0.7999979239702225,
  "orbit5_std": 0.02413667398509954,
  "clustering_mean": 0.777271409034729,
  "clustering_std": 0.02393960504856477,
  "degree_mean": 0.7653265696763992,
  "degree_std": 0.02787099915250723,
  "spectral_mean": 0.6153854009509087,
  "spectral_std": 0.03226735478410993,
  "gin_mean": 0.7622635567188263,
  "gin_std": 0.026849687770401153
}