{
  "dataset": "lobster",
  "model": "DIGRESS",
  "subsample_size": 64,
  "num_bootstrap": 100,
  "pgd_mean": 0.027512091929550266,
  "pgd_std": 0.05113929757258965,
  "pgd_runtime_seconds": 1135.407455,
  "pgd_runtime_perf_seconds": 1135.407455,
  "orbit4_mean": 0.029224742874503135,
  "orbit4_std": 0.046073665008097536,
  "orbit5_mean": 0.033149095736444,
  "orbit5_std": 0.046404412382761155,
  "clustering_mean": 0.0005887083012332945,
  "clustering_std": 0.005700512767927088,
  "degree_mean": 0.03689333017915487,
  "degree_std": 0.05316825877502252,
  "spectral_mean": 0.035205116774886844,
  "spectral_std": 0.05818384527280823,
  "gin_mean": 0.03285363016650081,
  "gin_std": 0.04409280897875852
}