{
  "dataset": "planar",
  "model": "ESGG",
  "subsample_size": 128,
  "num_bootstrap": 100,
  "pgd_mean": 0.2693684125691652,
  "pgd_std": 0.1114934036904347,
  "pgd_runtime_seconds": 13605.504353,
  "pgd_runtime_perf_seconds": 13605.504353,
  "orbit4_mean": 0.29867646634578704,
  "orbit4_std": 0.07759430273628343,
  "orbit5_mean": 0.2881352833658457,
  "orbit5_std": 0.08745795854613027,
  "clustering_mean": 0.055528394281864166,
  "clustering_std": 0.053359027118605955,
  "degree_mean": 0.039084337041713296,
  "degree_std": 0.0451647950510616,
  "spectral_mean": 0.09051619433797896,
  "spectral_std": 0.07188168278508276,
  "gin_mean": 0.21740629211068152,
  "gin_std": 0.06422915441192244
}