{
  "dataset": "planar",
  "model": "ESGG",
  "subsample_size": 128,
  "num_bootstrap": 100,
  "pgd_mean": 0.2722206022590399,
  "pgd_std": 0.11058285654302215,
  "pgd_runtime_seconds": 1196.703864,
  "pgd_runtime_perf_seconds": 1196.703864,
  "orbit4_mean": 0.2986431507766247,
  "orbit4_std": 0.07745932995404875,
  "orbit5_mean": 0.28848445788025856,
  "orbit5_std": 0.08576297536332282,
  "clustering_mean": 0.055495824767276644,
  "clustering_std": 0.05327573908494387,
  "degree_mean": 0.03906712282449007,
  "degree_std": 0.04526143997441176,
  "spectral_mean": 0.09034416563808918,
  "spectral_std": 0.07171290765849704,
  "gin_mean": 0.21762531861662865,
  "gin_std": 0.06422537831799019
}