{
  "dataset": "sbm",
  "model": "GRAN",
  "subsample_size": 512,
  "num_bootstrap": 100,
  "pgd_mean": 0.6267577135562896,
  "pgd_std": 0.026942750526489853,
  "pgd_runtime_seconds": 77208.678716,
  "pgd_runtime_perf_seconds": 77208.678716,
  "orbit4_mean": 0.5937705248594284,
  "orbit4_std": 0.0295702605209731,
  "orbit5_mean": 0.6264251720905304,
  "orbit5_std": 0.025695566360107287,
  "clustering_mean": 0.4606758552789688,
  "clustering_std": 0.038512919840423245,
  "degree_mean": 0.5491550183296203,
  "degree_std": 0.03323027249784784,
  "spectral_mean": 0.37960062354803087,
  "spectral_std": 0.038094850744142025,
  "gin_mean": 0.6202793675661087,
  "gin_std": 0.03255160915492641
}