{
  "dataset": "planar",
  "model": "GRAN",
  "subsample_size": 16,
  "num_bootstrap": 100,
  "pgd_mean": 0.09363558921962976,
  "pgd_std": 0.14029549108090528,
  "pgd_runtime_seconds": 1867.70325,
  "pgd_runtime_perf_seconds": 1867.70325,
  "orbit4_mean": 0.07258325267583132,
  "orbit4_std": 0.10943704121195727,
  "orbit5_mean": 0.06862125530838967,
  "orbit5_std": 0.10990305014976161,
  "clustering_mean": 0.09867319792509079,
  "clustering_std": 0.1121857307750914,
  "degree_mean": 0.09275281257927417,
  "degree_std": 0.12642233390526536,
  "spectral_mean": 0.10677896516397595,
  "spectral_std": 0.13831242417768147,
  "gin_mean": 0.06709020800888538,
  "gin_std": 0.09801141744255881
}