{
  "dataset": "planar",
  "model": "AUTOGRAPH",
  "subsample_size": 16,
  "num_bootstrap": 100,
  "pgd_mean": 0.09368060415610671,
  "pgd_std": 0.13875248882863775,
  "pgd_runtime_seconds": 5732.728489,
  "pgd_runtime_perf_seconds": 5732.728489,
  "orbit4_mean": 0.07317594852298498,
  "orbit4_std": 0.10442415006053893,
  "orbit5_mean": 0.08128783773630857,
  "orbit5_std": 0.11821613551897434,
  "clustering_mean": 0.09126658253371715,
  "clustering_std": 0.12257068967975879,
  "degree_mean": 0.07401948872953654,
  "degree_std": 0.11111807372321887,
  "spectral_mean": 0.060135754812508824,
  "spectral_std": 0.09666581672714683,
  "gin_mean": 0.07270507909357547,
  "gin_std": 0.10746147089535804
}