{
  "dataset": "sbm",
  "model": "GRAN",
  "subsample_size": 256,
  "num_bootstrap": 100,
  "pgd_mean": 0.5704007223248482,
  "pgd_std": 0.045646603308729786,
  "pgd_runtime_seconds": 31735.262471,
  "pgd_runtime_perf_seconds": 31735.262471,
  "orbit4_mean": 0.5544513854384422,
  "orbit4_std": 0.050102464898592276,
  "orbit5_mean": 0.5806275111436844,
  "orbit5_std": 0.04574372895851241,
  "clustering_mean": 0.4312802734971046,
  "clustering_std": 0.061904281176901145,
  "degree_mean": 0.5205917531251907,
  "degree_std": 0.055515993976448075,
  "spectral_mean": 0.2696243065223098,
  "spectral_std": 0.06470534369773315,
  "gin_mean": 0.5730362462997437,
  "gin_std": 0.043219331276148486
}