{
  "dataset": "sbm",
  "model": "DIGRESS",
  "subsample_size": 2048,
  "num_bootstrap": 100,
  "pgd_mean": 0.17342276692390443,
  "pgd_std": 0.02644738288473048,
  "pgd_runtime_seconds": 6597.894821,
  "pgd_runtime_perf_seconds": 6597.894821,
  "orbit4_mean": 0.15308863714337348,
  "orbit4_std": 0.025605317753481047,
  "orbit5_mean": 0.17547654047608374,
  "orbit5_std": 0.025555466744345227,
  "clustering_mean": 0.06861966043710709,
  "clustering_std": 0.03373011099476278,
  "degree_mean": 0.08746712267398835,
  "degree_std": 0.03471785197652609,
  "spectral_mean": 0.08693823277484626,
  "spectral_std": 0.032705815641354684,
  "gin_mean": 0.13764769103378058,
  "gin_std": 0.026532740978237917
}