{
  "dataset": "planar",
  "model": "AUTOGRAPH",
  "subsample_size": 2048,
  "num_bootstrap": 100,
  "pgd_mean": 0.3369518518447876,
  "pgd_std": 0.014652145211402802,
  "pgd_runtime_seconds": 5223.166422,
  "pgd_runtime_perf_seconds": 5223.166422,
  "orbit4_mean": 0.2842226931452751,
  "orbit4_std": 0.013866460633742915,
  "orbit5_mean": 0.3369518518447876,
  "orbit5_std": 0.014652145211402802,
  "clustering_mean": 0.09034786541946233,
  "clustering_std": 0.02666842983148575,
  "degree_mean": 0.07378560414537788,
  "degree_std": 0.028841455259574544,
  "spectral_mean": 0.26829141810536383,
  "spectral_std": 0.0191014706281166,
  "gin_mean": 0.09868235357105731,
  "gin_std": 0.023218338339121774
}