{
  "dataset": "planar",
  "model": "DIGRESS",
  "subsample_size": 64,
  "num_bootstrap": 100,
  "pgd_mean": 0.1636518170684576,
  "pgd_std": 0.1424891833271015,
  "pgd_runtime_seconds": 1398.729438,
  "pgd_runtime_perf_seconds": 1398.729438,
  "orbit4_mean": 0.2021774609386921,
  "orbit4_std": 0.12874760196059562,
  "orbit5_mean": 0.19715624906122683,
  "orbit5_std": 0.12872095051730706,
  "clustering_mean": 0.11201833012513816,
  "clustering_std": 0.10104198695036269,
  "degree_mean": 0.12900935983285308,
  "degree_std": 0.10953243868029201,
  "spectral_mean": 0.12376318778842688,
  "spectral_std": 0.09717385841190902,
  "gin_mean": 0.18134979462251066,
  "gin_std": 0.12947091620417203
}