{
  "dataset": "planar",
  "model": "ESGG",
  "subsample_size": 16,
  "num_bootstrap": 100,
  "pgd_mean": 0.07717810273170471,
  "pgd_std": 0.1350945902531513,
  "pgd_runtime_seconds": 5530.644878,
  "pgd_runtime_perf_seconds": 5530.644878,
  "orbit4_mean": 0.09951549731194972,
  "orbit4_std": 0.13215254208324773,
  "orbit5_mean": 0.10105590976774692,
  "orbit5_std": 0.13921213992398332,
  "clustering_mean": 0.07037295341491699,
  "clustering_std": 0.10763015190194758,
  "degree_mean": 0.06277871897444129,
  "degree_std": 0.10021114050244015,
  "spectral_mean": 0.06530408214777708,
  "spectral_std": 0.0996331216520916,
  "gin_mean": 0.09764596838504076,
  "gin_std": 0.12121528805393103
}