{
  "dataset": "lobster",
  "model": "GRAN",
  "subsample_size": 16,
  "num_bootstrap": 100,
  "pgd_mean": 0.45285312525928023,
  "pgd_std": 0.23681134479841048,
  "pgd_runtime_seconds": 1218.919434,
  "pgd_runtime_perf_seconds": 1218.919434,
  "orbit4_mean": 0.5570077043771744,
  "orbit4_std": 0.16498344983021285,
  "orbit5_mean": 0.539167824909091,
  "orbit5_std": 0.1764361155080323,
  "clustering_mean": 0.028962477300827398,
  "clustering_std": 0.05871119710458498,
  "degree_mean": 0.41748413994908334,
  "degree_std": 0.1814468586024642,
  "spectral_mean": 0.24739486722275614,
  "spectral_std": 0.16259380157643638,
  "gin_mean": 0.3588721898570657,
  "gin_std": 0.19481366006839154
}