{
  "dataset": "sbm",
  "model": "GRAN",
  "subsample_size": 128,
  "num_bootstrap": 100,
  "pgd_mean": 0.529051403850317,
  "pgd_std": 0.08026280488558286,
  "pgd_runtime_seconds": 1386.649658,
  "pgd_runtime_perf_seconds": 1386.649658,
  "orbit4_mean": 0.5440103620290756,
  "orbit4_std": 0.07957604888046614,
  "orbit5_mean": 0.5492289914190769,
  "orbit5_std": 0.06544669059715946,
  "clustering_mean": 0.432387158870697,
  "clustering_std": 0.0848508903071101,
  "degree_mean": 0.5080401599407196,
  "degree_std": 0.06854767165432954,
  "spectral_mean": 0.15749052793718873,
  "spectral_std": 0.09302349354950616,
  "gin_mean": 0.5238596013188362,
  "gin_std": 0.05578346475780823
}