{
  "dataset": "sbm",
  "model": "GRAN",
  "subsample_size": 32,
  "num_bootstrap": 100,
  "pgd_mean": 0.3431213930249214,
  "pgd_std": 0.20324675893883293,
  "pgd_runtime_seconds": 1253.24116,
  "pgd_runtime_perf_seconds": 1253.24116,
  "orbit4_mean": 0.3476846805214882,
  "orbit4_std": 0.1557040587027676,
  "orbit5_mean": 0.33873856272548436,
  "orbit5_std": 0.16546903959506828,
  "clustering_mean": 0.2646266797930002,
  "clustering_std": 0.16169132350691312,
  "degree_mean": 0.3424724908173084,
  "degree_std": 0.1561303794467435,
  "spectral_mean": 0.10897709527052939,
  "spectral_std": 0.10619772139099,
  "gin_mean": 0.3776423463597894,
  "gin_std": 0.15267229321097814
}