{
  "dataset": "lobster",
  "model": "ESGG",
  "subsample_size": 64,
  "num_bootstrap": 100,
  "pgd_mean": 0.5567236745357513,
  "pgd_std": 0.12421823880109698,
  "pgd_runtime_seconds": 1000.286694,
  "pgd_runtime_perf_seconds": 1000.286694,
  "orbit4_mean": 0.5754933193325996,
  "orbit4_std": 0.10688926308708567,
  "orbit5_mean": 0.586317647099495,
  "orbit5_std": 0.11111411167640661,
  "clustering_mean": 1.698643816450651e-05,
  "clustering_std": 3.3881317890172014e-21,
  "degree_mean": 0.46791288152337074,
  "degree_std": 0.11939068804321354,
  "spectral_mean": 0.27969217009842395,
  "spectral_std": 0.1398998976525098,
  "gin_mean": 0.5279709792137146,
  "gin_std": 0.10521828744427138
}