{
  "dataset": "lobster",
  "model": "DIGRESS",
  "subsample_size": 8,
  "num_bootstrap": 100,
  "pgd_mean": 0.056131445495869015,
  "pgd_std": 0.11772274420039482,
  "pgd_runtime_seconds": 966.776758,
  "pgd_runtime_perf_seconds": 966.776758,
  "orbit4_mean": 0.06291265111416579,
  "orbit4_std": 0.11297675088954869,
  "orbit5_mean": 0.07124007821083068,
  "orbit5_std": 0.11702532483938723,
  "clustering_mean": 1.698643816450651e-05,
  "clustering_std": 3.3881317890172014e-21,
  "degree_mean": 0.06027430221438408,
  "degree_std": 0.10545375516648801,
  "spectral_mean": 0.04551875803619623,
  "spectral_std": 0.08288830997176372,
  "gin_mean": 0.05443507945165038,
  "gin_std": 0.10883328882115059
}