{
  "dataset": "lobster",
  "model": "AUTOGRAPH",
  "subsample_size": 64,
  "num_bootstrap": 100,
  "pgd_mean": 0.04509978864341974,
  "pgd_std": 0.07133041923511274,
  "pgd_runtime_seconds": 970.864186,
  "pgd_runtime_perf_seconds": 970.864186,
  "orbit4_mean": 0.04594927229452878,
  "orbit4_std": 0.059899152989602154,
  "orbit5_mean": 0.04938393175601959,
  "orbit5_std": 0.06567746987068546,
  "clustering_mean": 0.0011592318678837047,
  "clustering_std": 0.008314587141520752,
  "degree_mean": 0.05323684688657522,
  "degree_std": 0.06903378454706155,
  "spectral_mean": 0.052626210805028675,
  "spectral_std": 0.07410436879097614,
  "gin_mean": 0.055887010525912044,
  "gin_std": 0.06539889801531297
}