{
  "dataset": "planar",
  "model": "ESGG",
  "subsample_size": 256,
  "num_bootstrap": 100,
  "pgd_mean": 0.3675384484231472,
  "pgd_std": 0.0476500654203677,
  "pgd_runtime_seconds": 22579.768768,
  "pgd_runtime_perf_seconds": 22579.768768,
  "orbit4_mean": 0.36437134593725207,
  "orbit4_std": 0.05159209515448762,
  "orbit5_mean": 0.3716458314657211,
  "orbit5_std": 0.04792501870627145,
  "clustering_mean": 0.057591932043433186,
  "clustering_std": 0.04725230961363254,
  "degree_mean": 0.03899219410028309,
  "degree_std": 0.040458822356766566,
  "spectral_mean": 0.12048600114881992,
  "spectral_std": 0.06016983673572434,
  "gin_mean": 0.2774569323658943,
  "gin_std": 0.0477574414632317
}