{
  "dataset": "sbm",
  "model": "AUTOGRAPH",
  "subsample_size": 1024,
  "num_bootstrap": 100,
  "pgd_mean": 0.029785533910617234,
  "pgd_std": 0.031788836856976255,
  "pgd_runtime_seconds": 3483.038931,
  "pgd_runtime_perf_seconds": 3483.038931,
  "orbit4_mean": 0.03187662730459124,
  "orbit4_std": 0.025682521370928846,
  "orbit5_mean": 0.025357138370163738,
  "orbit5_std": 0.024440367378553176,
  "clustering_mean": 0.010864746635779738,
  "clustering_std": 0.01697845210498952,
  "degree_mean": 0.03302296122070402,
  "degree_std": 0.029615875952492415,
  "spectral_mean": 0.026367701925337314,
  "spectral_std": 0.03141890159886364,
  "gin_mean": 0.03693721826188266,
  "gin_std": 0.03032369044408266
}