{
  "dataset": "lobster",
  "model": "DIGRESS",
  "subsample_size": 8,
  "num_bootstrap": 100,
  "pgd_mean": 0.06326211542984563,
  "pgd_std": 0.12104551909545513,
  "pgd_runtime_seconds": 2754.137335,
  "pgd_runtime_perf_seconds": 2754.137335,
  "orbit4_mean": 0.06332617104053498,
  "orbit4_std": 0.11345185388570543,
  "orbit5_mean": 0.07084090236690826,
  "orbit5_std": 0.1171698541764637,
  "clustering_mean": 1.698643816450651e-05,
  "clustering_std": 3.3881317890172014e-21,
  "degree_mean": 0.06033853068947792,
  "degree_std": 0.10571911396915151,
  "spectral_mean": 0.04570979444310069,
  "spectral_std": 0.0829857682497189,
  "gin_mean": 0.05786575134843588,
  "gin_std": 0.10750097819928196
}