{
  "dataset": "planar",
  "model": "DIGRESS",
  "subsample_size": 32,
  "num_bootstrap": 100,
  "pgd_mean": 0.09669619232416153,
  "pgd_std": 0.12466284500991166,
  "pgd_runtime_seconds": 6036.856041,
  "pgd_runtime_perf_seconds": 6036.856041,
  "orbit4_mean": 0.1536609587818384,
  "orbit4_std": 0.12590225963124244,
  "orbit5_mean": 0.14363156711682679,
  "orbit5_std": 0.12785669134868463,
  "clustering_mean": 0.09970237331464887,
  "clustering_std": 0.10777180032035931,
  "degree_mean": 0.09344005186110735,
  "degree_std": 0.1064089987312662,
  "spectral_mean": 0.07911326058208942,
  "spectral_std": 0.09063641382203538,
  "gin_mean": 0.12695673912763594,
  "gin_std": 0.10014906027622004
}