{
  "dataset": "planar",
  "model": "AUTOGRAPH",
  "subsample_size": 32,
  "num_bootstrap": 100,
  "pgd_mean": 0.05311986954882741,
  "pgd_std": 0.08732838617263172,
  "pgd_runtime_seconds": 5345.053544,
  "pgd_runtime_perf_seconds": 5345.053544,
  "orbit4_mean": 0.054443180095404387,
  "orbit4_std": 0.07605949774683944,
  "orbit5_mean": 0.05901548359543085,
  "orbit5_std": 0.08596015499998778,
  "clustering_mean": 0.03832368521019816,
  "clustering_std": 0.06969544863753906,
  "degree_mean": 0.045718705020844935,
  "degree_std": 0.06205184663154815,
  "spectral_mean": 0.05303344018757343,
  "spectral_std": 0.07951055236794624,
  "gin_mean": 0.05564400892704725,
  "gin_std": 0.07437664242261001
}