{
  "dataset": "sbm",
  "model": "DIGRESS",
  "subsample_size": 32,
  "num_bootstrap": 100,
  "pgd_mean": 0.0547291786596179,
  "pgd_std": 0.08948810921763828,
  "pgd_runtime_seconds": 1365.417816,
  "pgd_runtime_perf_seconds": 1365.417816,
  "orbit4_mean": 0.06027141576632857,
  "orbit4_std": 0.08334695002780505,
  "orbit5_mean": 0.06270397905260325,
  "orbit5_std": 0.09017936859181938,
  "clustering_mean": 0.05262539276853204,
  "clustering_std": 0.07622157996043907,
  "degree_mean": 0.06641526693478227,
  "degree_std": 0.08295127732941267,
  "spectral_mean": 0.058059917129576206,
  "spectral_std": 0.09131457134727687,
  "gin_mean": 0.07289591323584318,
  "gin_std": 0.08256035076411888
}