{
  "dataset": "planar",
  "model": "GRAN",
  "subsample_size": 16,
  "num_bootstrap": 100,
  "pgd_mean": 0.09628582427278161,
  "pgd_std": 0.14100520861235485,
  "pgd_runtime_seconds": 3946.055383,
  "pgd_runtime_perf_seconds": 3946.055383,
  "orbit4_mean": 0.07260944962501525,
  "orbit4_std": 0.10934545897270992,
  "orbit5_mean": 0.06875415312126279,
  "orbit5_std": 0.11004681196310204,
  "clustering_mean": 0.09872431971132756,
  "clustering_std": 0.11229115199327892,
  "degree_mean": 0.09246440544724464,
  "degree_std": 0.1269484067452506,
  "spectral_mean": 0.10645416429266334,
  "spectral_std": 0.13860237888828553,
  "gin_mean": 0.06863664411008358,
  "gin_std": 0.09817632902136847
}