{
  "dataset": "planar",
  "model": "GRAN",
  "subsample_size": 32,
  "num_bootstrap": 100,
  "pgd_mean": 0.07381537346169352,
  "pgd_std": 0.10764471831333308,
  "pgd_runtime_seconds": 1183.175532,
  "pgd_runtime_perf_seconds": 1183.175532,
  "orbit4_mean": 0.0799250995926559,
  "orbit4_std": 0.10209322699679141,
  "orbit5_mean": 0.08054385785013438,
  "orbit5_std": 0.1057735669988625,
  "clustering_mean": 0.060014683734625575,
  "clustering_std": 0.07544991155676134,
  "degree_mean": 0.05883942451328039,
  "degree_std": 0.08042119316651844,
  "spectral_mean": 0.09499390251934528,
  "spectral_std": 0.10163778277721262,
  "gin_mean": 0.04456243017688394,
  "gin_std": 0.07637511289085526
}