{
  "dataset": "lobster",
  "model": "DIGRESS",
  "subsample_size": 128,
  "num_bootstrap": 100,
  "pgd_mean": 0.016161150112748147,
  "pgd_std": 0.0366281159542254,
  "pgd_runtime_seconds": 1025.051101,
  "pgd_runtime_perf_seconds": 1025.051101,
  "orbit4_mean": 0.017687200796790422,
  "orbit4_std": 0.02923877834101289,
  "orbit5_mean": 0.0196995547413826,
  "orbit5_std": 0.031096227452262433,
  "clustering_mean": 0.0005821492357405814,
  "clustering_std": 0.004324862925565882,
  "degree_mean": 0.02188376784324646,
  "degree_std": 0.0322955351939707,
  "spectral_mean": 0.02036336814984679,
  "spectral_std": 0.04170854905011123,
  "gin_mean": 0.018141664434224367,
  "gin_std": 0.03035794469626273
}