{
  "dataset": "planar",
  "model": "ESGG",
  "subsample_size": 8,
  "num_bootstrap": 100,
  "pgd_mean": 0.07819698475301266,
  "pgd_std": 0.1448330325794842,
  "pgd_runtime_seconds": 1093.625781,
  "pgd_runtime_perf_seconds": 1093.625781,
  "orbit4_mean": 0.12551342826336623,
  "orbit4_std": 0.16410508473391278,
  "orbit5_mean": 0.119975217115134,
  "orbit5_std": 0.15455306403247096,
  "clustering_mean": 0.06672207992523908,
  "clustering_std": 0.11922712716438079,
  "degree_mean": 0.08389940559864044,
  "degree_std": 0.12981560990294572,
  "spectral_mean": 0.07750287819653749,
  "spectral_std": 0.130542388225125,
  "gin_mean": 0.08662273280322552,
  "gin_std": 0.14374304774955915
}