{
  "dataset": "sbm",
  "model": "ESGG",
  "subsample_size": 16,
  "num_bootstrap": 100,
  "pgd_mean": 0.7050853210687638,
  "pgd_std": 0.18964088947813523,
  "pgd_runtime_seconds": 1144.024492,
  "pgd_runtime_perf_seconds": 1144.024492,
  "orbit4_mean": 0.5793890084326268,
  "orbit4_std": 0.1824762601610437,
  "orbit5_mean": 0.6154724784195423,
  "orbit5_std": 0.1785899899725418,
  "clustering_mean": 0.3120522844418883,
  "clustering_std": 0.1569945735476531,
  "degree_mean": 0.11970865577459336,
  "degree_std": 0.12407657782898178,
  "spectral_mean": 0.7863389673829079,
  "spectral_std": 0.1205055146198484,
  "gin_mean": 0.6802797229588031,
  "gin_std": 0.18704509515815657
}