{
  "dataset": "sbm",
  "model": "AUTOGRAPH",
  "subsample_size": 2048,
  "num_bootstrap": 100,
  "pgd_mean": 0.052845410672016445,
  "pgd_std": 0.027610047929511133,
  "pgd_runtime_seconds": 6664.472392,
  "pgd_runtime_perf_seconds": 6664.472392,
  "orbit4_mean": 0.05060170982964337,
  "orbit4_std": 0.024019323848824718,
  "orbit5_mean": 0.04269186700228602,
  "orbit5_std": 0.02345200529484977,
  "clustering_mean": 0.014360214378684759,
  "clustering_std": 0.01828760559742314,
  "degree_mean": 0.05258293185383081,
  "degree_std": 0.019595383567747295,
  "spectral_mean": 0.04943679832853377,
  "spectral_std": 0.035675089134443366,
  "gin_mean": 0.05697048638481647,
  "gin_std": 0.020331313030733666
}