{
  "dataset": "sbm",
  "model": "GRAN",
  "subsample_size": 2048,
  "num_bootstrap": 100,
  "pgd_mean": 0.6895109635591506,
  "pgd_std": 0.01417226434649819,
  "pgd_runtime_seconds": 7149.357536,
  "pgd_runtime_perf_seconds": 7149.357536,
  "orbit4_mean": 0.631495498418808,
  "orbit4_std": 0.014253874277587533,
  "orbit5_mean": 0.6664367020130157,
  "orbit5_std": 0.013905663120765356,
  "clustering_mean": 0.49640652507543565,
  "clustering_std": 0.017880065652735255,
  "degree_mean": 0.5780060833692551,
  "degree_std": 0.013576114493355452,
  "spectral_mean": 0.5638620448112488,
  "spectral_std": 0.01443652710270966,
  "gin_mean": 0.6902856814861298,
  "gin_std": 0.012975245775379333
}