{
  "dataset": "sbm",
  "model": "ESGG",
  "subsample_size": 32,
  "num_bootstrap": 100,
  "pgd_mean": 0.8588610869646073,
  "pgd_std": 0.13337558488502071,
  "pgd_runtime_seconds": 1144.72849,
  "pgd_runtime_perf_seconds": 1144.72849,
  "orbit4_mean": 0.7322995460033417,
  "orbit4_std": 0.11166008835896718,
  "orbit5_mean": 0.7389763858914375,
  "orbit5_std": 0.11985431888783807,
  "clustering_mean": 0.4958236579596996,
  "clustering_std": 0.12256936159092297,
  "degree_mean": 0.21430351229384542,
  "degree_std": 0.13628190733911744,
  "spectral_mean": 0.888753482401371,
  "spectral_std": 0.08142542157107617,
  "gin_mean": 0.8108213230967521,
  "gin_std": 0.11881802352656318
}