{
  "dataset": "planar",
  "model": "DIGRESS",
  "subsample_size": 256,
  "num_bootstrap": 100,
  "pgd_mean": 0.35850851103663445,
  "pgd_std": 0.043989287611092664,
  "pgd_runtime_seconds": 1229.478091,
  "pgd_runtime_perf_seconds": 1229.478091,
  "orbit4_mean": 0.34696614779531953,
  "orbit4_std": 0.05477970233786359,
  "orbit5_mean": 0.36543417647480964,
  "orbit5_std": 0.048136837216557815,
  "clustering_mean": 0.14791199184954165,
  "clustering_std": 0.07419852001115881,
  "degree_mean": 0.16698475778102875,
  "degree_std": 0.0654222973265402,
  "spectral_mean": 0.2686200998723507,
  "spectral_std": 0.05979073159867868,
  "gin_mean": 0.2575075916945934,
  "gin_std": 0.06122565894397993
}