{
  "dataset": "sbm",
  "model": "GRAN",
  "subsample_size": 64,
  "num_bootstrap": 100,
  "pgd_mean": 0.4417265532910824,
  "pgd_std": 0.1383128024452371,
  "pgd_runtime_seconds": 1310.736115,
  "pgd_runtime_perf_seconds": 1310.736115,
  "orbit4_mean": 0.453055115044117,
  "orbit4_std": 0.11702949227901227,
  "orbit5_mean": 0.441318394690752,
  "orbit5_std": 0.11119034129782193,
  "clustering_mean": 0.31846695095300676,
  "clustering_std": 0.13866359455020144,
  "degree_mean": 0.4043169579654932,
  "degree_std": 0.16457461741734933,
  "spectral_mean": 0.08639680501073599,
  "spectral_std": 0.08791368614013938,
  "gin_mean": 0.45502717077732086,
  "gin_std": 0.10149954700883798
}