{
  "dataset": "planar",
  "model": "GRAN",
  "subsample_size": 4096,
  "num_bootstrap": 100,
  "pgd_mean": 0.9988413697481155,
  "pgd_std": 0.0007919301604170705,
  "pgd_runtime_seconds": 12221.148177,
  "pgd_runtime_perf_seconds": 12221.148177,
  "orbit4_mean": 0.9979020678997039,
  "orbit4_std": 0.0007350785461934641,
  "orbit5_mean": 0.9988413697481155,
  "orbit5_std": 0.0007919301604170705,
  "clustering_mean": 0.9949599707126617,
  "clustering_std": 0.0022839801760492135,
  "degree_mean": 0.9839890825748444,
  "degree_std": 0.003676138178918013,
  "spectral_mean": 0.9947151970863343,
  "spectral_std": 0.002057638554495445,
  "gin_mean": 0.9924026811122895,
  "gin_std": 0.0017694278152396348
}