{
  "dataset": "planar",
  "model": "AUTOGRAPH",
  "subsample_size": 32,
  "num_bootstrap": 100,
  "pgd_mean": 0.051577979046851394,
  "pgd_std": 0.08103547470995451,
  "pgd_runtime_seconds": 1138.042431,
  "pgd_runtime_perf_seconds": 1138.042431,
  "orbit4_mean": 0.054564350210130216,
  "orbit4_std": 0.07607893364120212,
  "orbit5_mean": 0.0589354127459228,
  "orbit5_std": 0.08601921061758061,
  "clustering_mean": 0.037998626753687856,
  "clustering_std": 0.06950556681625017,
  "degree_mean": 0.045859334170818326,
  "degree_std": 0.061941275743256,
  "spectral_mean": 0.05307012202218175,
  "spectral_std": 0.0794014727626687,
  "gin_mean": 0.04942293029278517,
  "gin_std": 0.06729724561471832
}