{
  "dataset": "planar",
  "model": "DIGRESS",
  "subsample_size": 128,
  "num_bootstrap": 100,
  "pgd_mean": 0.2875996880978346,
  "pgd_std": 0.10718956003564067,
  "pgd_runtime_seconds": 1227.070113,
  "pgd_runtime_perf_seconds": 1227.070113,
  "orbit4_mean": 0.2944497298449278,
  "orbit4_std": 0.0936220713318432,
  "orbit5_mean": 0.3117787466198206,
  "orbit5_std": 0.07900663343934428,
  "clustering_mean": 0.13355484763160347,
  "clustering_std": 0.07479601796362474,
  "degree_mean": 0.14342709768563508,
  "degree_std": 0.09023661597422827,
  "spectral_mean": 0.1903506039828062,
  "spectral_std": 0.07227019519346119,
  "gin_mean": 0.24392703622579576,
  "gin_std": 0.0967354916321739
}