{
  "dataset": "sbm",
  "model": "AUTOGRAPH",
  "subsample_size": 512,
  "num_bootstrap": 100,
  "pgd_mean": 0.02432467445265502,
  "pgd_std": 0.03427332922108868,
  "pgd_runtime_seconds": 2286.366649,
  "pgd_runtime_perf_seconds": 2286.366649,
  "orbit4_mean": 0.03133034041151404,
  "orbit4_std": 0.032638596465012853,
  "orbit5_mean": 0.024067798038013278,
  "orbit5_std": 0.0268610033471738,
  "clustering_mean": 0.01700782879255712,
  "clustering_std": 0.02264520816895662,
  "degree_mean": 0.027166708428412675,
  "degree_std": 0.031030005177056067,
  "spectral_mean": 0.012149974948260932,
  "spectral_std": 0.024438934701340193,
  "gin_mean": 0.030534705012105406,
  "gin_std": 0.03407332710755525
}