{
  "dataset": "lobster",
  "model": "ESGG",
  "subsample_size": 16,
  "num_bootstrap": 100,
  "pgd_mean": 0.34747533246874807,
  "pgd_std": 0.2246236205406665,
  "pgd_runtime_seconds": 2965.006057,
  "pgd_runtime_perf_seconds": 2965.006057,
  "orbit4_mean": 0.37058836087584496,
  "orbit4_std": 0.20876787964057802,
  "orbit5_mean": 0.4173674602806568,
  "orbit5_std": 0.19642111302730053,
  "clustering_mean": 1.698643816450651e-05,
  "clustering_std": 3.3881317890172014e-21,
  "degree_mean": 0.2335576172173023,
  "degree_std": 0.17103296206245244,
  "spectral_mean": 0.12046772614121437,
  "spectral_std": 0.12303849093664955,
  "gin_mean": 0.26867304623126986,
  "gin_std": 0.18464090246098908
}