{
  "dataset": "lobster",
  "model": "DIGRESS",
  "subsample_size": 512,
  "num_bootstrap": 100,
  "pgd_mean": 0.014004981918260455,
  "pgd_std": 0.021700839946723054,
  "pgd_runtime_seconds": 1674.704306,
  "pgd_runtime_perf_seconds": 1674.704306,
  "orbit4_mean": 0.018502952076960354,
  "orbit4_std": 0.02067796906744569,
  "orbit5_mean": 0.019293694063089787,
  "orbit5_std": 0.018947747038432928,
  "clustering_mean": 0.0031019740603221314,
  "clustering_std": 0.007971137456087189,
  "degree_mean": 0.008661493049003184,
  "degree_std": 0.014106256026756504,
  "spectral_mean": 0.011049974001944065,
  "spectral_std": 0.018471831545434123,
  "gin_mean": 0.012027312745340168,
  "gin_std": 0.01801011809943968
}