{
  "dataset": "sbm",
  "model": "GRAN",
  "subsample_size": 512,
  "num_bootstrap": 100,
  "pgd_mean": 0.6271279299259186,
  "pgd_std": 0.02667978173427065,
  "pgd_runtime_seconds": 2228.802517,
  "pgd_runtime_perf_seconds": 2228.802517,
  "orbit4_mean": 0.5938379257917404,
  "orbit4_std": 0.029538777607204542,
  "orbit5_mean": 0.6263709855079651,
  "orbit5_std": 0.025728569479903277,
  "clustering_mean": 0.4607112219929695,
  "clustering_std": 0.03840486516241694,
  "degree_mean": 0.5490886333584786,
  "degree_std": 0.0332889466397433,
  "spectral_mean": 0.3797336995601654,
  "spectral_std": 0.03811687437640751,
  "gin_mean": 0.6202746939659118,
  "gin_std": 0.03214200108141461
}