{
  "dataset": "sbm",
  "model": "ESGG",
  "subsample_size": 128,
  "num_bootstrap": 100,
  "pgd_mean": 0.976646483540535,
  "pgd_std": 0.024519875997412094,
  "pgd_runtime_seconds": 1239.306007,
  "pgd_runtime_perf_seconds": 1239.306007,
  "orbit4_mean": 0.8237654519081116,
  "orbit4_std": 0.04932848492291733,
  "orbit5_mean": 0.8634277719259262,
  "orbit5_std": 0.04093716803790262,
  "clustering_mean": 0.9573970425128937,
  "clustering_std": 0.024742277645752816,
  "degree_mean": 0.900700387954712,
  "degree_std": 0.02607256795939425,
  "spectral_mean": 0.9783369582891465,
  "spectral_std": 0.02251210258440997,
  "gin_mean": 0.952024752497673,
  "gin_std": 0.030935939438129986
}