{
  "dataset": "lobster",
  "model": "GRAN",
  "subsample_size": 8,
  "num_bootstrap": 100,
  "pgd_mean": 0.3444151610508561,
  "pgd_std": 0.264862675808655,
  "pgd_runtime_seconds": 4819.818202,
  "pgd_runtime_perf_seconds": 4819.818202,
  "orbit4_mean": 0.4287028189003468,
  "orbit4_std": 0.24772774395132222,
  "orbit5_mean": 0.43473943270742893,
  "orbit5_std": 0.2680536431186617,
  "clustering_mean": 0.03635586889638911,
  "clustering_std": 0.07964361499425952,
  "degree_mean": 0.32417526498436927,
  "degree_std": 0.21314999494520978,
  "spectral_mean": 0.2690238182991743,
  "spectral_std": 0.183151827071134,
  "gin_mean": 0.26609973900020123,
  "gin_std": 0.2385533703201429
}