{
  "dataset": "sbm",
  "model": "DIGRESS",
  "subsample_size": 64,
  "num_bootstrap": 100,
  "pgd_mean": 0.03263742212206125,
  "pgd_std": 0.05982644348075156,
  "pgd_runtime_seconds": 1300.098487,
  "pgd_runtime_perf_seconds": 1300.098487,
  "orbit4_mean": 0.05263054706156254,
  "orbit4_std": 0.06479842191479489,
  "orbit5_mean": 0.054480963312089445,
  "orbit5_std": 0.06742196917377605,
  "clustering_mean": 0.042369247628375885,
  "clustering_std": 0.05712425643548316,
  "degree_mean": 0.038210830073803666,
  "degree_std": 0.05934109632636719,
  "spectral_mean": 0.039616550020873546,
  "spectral_std": 0.06282643278213959,
  "gin_mean": 0.04758300521411002,
  "gin_std": 0.05666605697703496
}