{
  "dataset": "planar",
  "model": "AUTOGRAPH",
  "subsample_size": 8,
  "num_bootstrap": 100,
  "pgd_mean": 0.06588239572942257,
  "pgd_std": 0.12998420363303617,
  "pgd_runtime_seconds": 1114.858475,
  "pgd_runtime_perf_seconds": 1114.858475,
  "orbit4_mean": 0.09996507734060288,
  "orbit4_std": 0.14123018809206697,
  "orbit5_mean": 0.09833132512867451,
  "orbit5_std": 0.1507831729983506,
  "clustering_mean": 0.08260468658059836,
  "clustering_std": 0.12115254788890037,
  "degree_mean": 0.08819643477909267,
  "degree_std": 0.133250085281657,
  "spectral_mean": 0.0868045063316822,
  "spectral_std": 0.14760562868129082,
  "gin_mean": 0.0907462212536484,
  "gin_std": 0.13485715987692892
}