{
  "dataset": "lobster",
  "model": "DIGRESS",
  "subsample_size": 4096,
  "num_bootstrap": 100,
  "pgd_mean": 0.07650338687002659,
  "pgd_std": 0.011616101077343646,
  "pgd_runtime_seconds": 45680.880512,
  "pgd_runtime_perf_seconds": 45680.880512,
  "orbit4_mean": 0.0765573200955987,
  "orbit4_std": 0.008952795699035959,
  "orbit5_mean": 0.07860099010169506,
  "orbit5_std": 0.010539807511659756,
  "clustering_mean": 0.023373167598620057,
  "clustering_std": 0.008868032070952929,
  "degree_mean": 0.022990727291908115,
  "degree_std": 0.014279779701924976,
  "spectral_mean": 0.011469390601851046,
  "spectral_std": 0.014019474106397218,
  "gin_mean": 0.03975649159401655,
  "gin_std": 0.016404035583926824
}