{
  "sbm_small": {
    "val_loss": [
      1.483154296875,
      1.478759765625,
      1.47705078125,
      1.476806640625,
      1.478759765625,
      1.481201171875,
      1.48388671875,
      1.485107421875,
      1.48876953125,
      1.49169921875,
      1.4970703125,
      1.498291015625,
      1.50244140625,
      1.505859375,
      1.507568359375,
      1.511962890625,
      1.511474609375,
      1.51220703125,
      1.5126953125,
      1.5146484375,
      1.515625,
      1.5185546875,
      1.521240234375,
      1.517822265625,
      1.521484375,
      1.5185546875,
      1.52001953125,
      1.5205078125,
      1.5205078125,
      1.521484375,
      1.5224609375,
      1.521728515625,
      1.521728515625,
      1.520751953125,
      1.520263671875,
      1.520751953125,
      1.52197265625,
      1.5224609375,
      1.521484375,
      1.521240234375
    ],
    "vun": [
      0.4453125,
      0.54296875,
      0.607421875,
      0.6455078125,
      0.6826171875,
      0.671875,
      0.765625,
      0.8173828125,
      0.7822265625,
      0.861328125,
      0.8349609375,
      0.81640625,
      0.8037109375,
      0.8671875,
      0.8486328125,
      0.8642578125,
      0.841796875,
      0.88671875,
      0.8603515625,
      0.87109375,
      0.892578125,
      0.8994140625,
      0.8955078125,
      0.9091796875,
      0.904296875,
      0.8818359375,
      0.8759765625,
      0.9111328125,
      0.87890625,
      0.8837890625,
      0.8837890625,
      0.8974609375,
      0.8974609375,
      0.8955078125,
      0.888671875,
      0.8818359375,
      0.8916015625,
      0.8857421875,
      0.8935546875,
      0.90234375
    ],
    "steps": [
      0,
      1,
      2,
      3,
      4,
      5,
      6,
      7,
      8,
      9,
      10,
      11,
      12,
      13,
      14,
      15,
      16,
      17,
      18,
      19,
      20,
      21,
      22,
      23,
      24,
      25,
      26,
      27,
      28,
      29,
      30,
      31,
      32,
      33,
      34,
      35,
      36,
      37,
      38,
      39
    ]
  },
  "sbm_large": {
    "val_loss": [
      1.474853515625,
      1.468017578125,
      1.46484375,
      1.463623046875,
      1.462158203125,
      1.461181640625,
      1.460693359375,
      1.4599609375,
      1.458740234375,
      1.458984375,
      1.458251953125,
      1.457763671875,
      1.457763671875,
      1.45703125,
      1.457275390625,
      1.45654296875,
      1.45703125,
      1.456787109375,
      1.4560546875,
      1.45654296875,
      1.455322265625,
      1.455810546875,
      1.45458984375,
      1.455322265625,
      1.4541015625,
      1.455322265625,
      1.455078125,
      1.45458984375,
      1.45458984375,
      1.453125,
      1.455322265625,
      1.45458984375,
      1.455078125,
      1.4541015625,
      1.455078125,
      1.454833984375,
      1.4541015625,
      1.454345703125,
      1.454345703125,
      1.45361328125
    ],
    "vun": [
      0.623046875,
      0.58203125,
      0.609375,
      0.7216796875,
      0.7138671875,
      0.72265625,
      0.748046875,
      0.7255859375,
      0.685546875,
      0.751953125,
      0.7548828125,
      0.740234375,
      0.7568359375,
      0.75390625,
      0.77734375,
      0.798828125,
      0.7568359375,
      0.740234375,
      0.802734375,
      0.8154296875,
      0.82421875,
      0.7783203125,
      0.822265625,
      0.828125,
      0.857421875,
      0.8115234375,
      0.857421875,
      0.853515625,
      0.857421875,
      0.828125,
      0.8515625,
      0.84375,
      0.8515625,
      0.8798828125,
      0.865234375,
      0.8427734375,
      0.841796875,
      0.8564453125,
      0.853515625,
      0.8515625
    ],
    "steps": [
      0,
      1,
      2,
      3,
      4,
      5,
      6,
      7,
      8,
      9,
      10,
      11,
      12,
      13,
      14,
      15,
      16,
      17,
      18,
      19,
      20,
      21,
      22,
      23,
      24,
      25,
      26,
      27,
      28,
      29,
      30,
      31,
      32,
      33,
      34,
      35,
      36,
      37,
      38,
      39
    ]
  }
}