{
  "dataset": "lobster",
  "model": "GRAN",
  "pgs_mean": 0.7250516291300984,
  "pgs_std": 0.007566480704888597,
  "wl_mean": 0.7250516291300984,
  "wl_std": 0.007566480704888597,
  "shortest_path_mean": 0.5746023521844291,
  "shortest_path_std": 0.012665664279380436,
  "pyramid_match_mean": 0.5242517859555319,
  "pyramid_match_std": 0.006850190132326496
}