{
  "dataset": "lobster",
  "model": "DIGRESS",
  "pgs_mean": 0.01976735035085743,
  "pgs_std": 0.022774685928352377,
  "wl_mean": 0.0032519635404874756,
  "wl_std": 0.009755890621462426,
  "shortest_path_mean": 0.01521104043925434,
  "shortest_path_std": 0.02219944126461086,
  "pyramid_match_mean": 0.02781874425778289,
  "pyramid_match_std": 0.022954519060012727
}