{
  "dataset": "lobster",
  "model": "AUTOGRAPH",
  "pgs_mean": 0.0878562321168753,
  "pgs_std": 0.020679692577778998,
  "wl_mean": 0.0832416535241371,
  "wl_std": 0.018044152959689874,
  "shortest_path_mean": 0.06214804192530893,
  "shortest_path_std": 0.027371154137223987,
  "pyramid_match_mean": 0.09474079811981892,
  "pyramid_match_std": 0.010576931322776522
}