{
  "dataset": "planar",
  "model": "GRAN",
  "pgs_mean": 0.43112453141454515,
  "pgs_std": 0.003928590317116908,
  "wl_mean": 0.43112453141454515,
  "wl_std": 0.003928590317116908,
  "shortest_path_mean": 0.055266089442902566,
  "shortest_path_std": 0.0163329782686743,
  "pyramid_match_mean": 0.08109519764817323,
  "pyramid_match_std": 0.006564119253595499
}