{
  "dataset": "planar",
  "model": "DIGRESS",
  "pgs_mean": 0.09140836740291432,
  "pgs_std": 0.019001827315581296,
  "wl_mean": 0.0,
  "wl_std": 0.0,
  "shortest_path_mean": 0.08930860904669072,
  "shortest_path_std": 0.023385874553805426,
  "pyramid_match_mean": 0.06912006173995393,
  "pyramid_match_std": 0.011800429708812241
}