{
  "dataset": "planar",
  "model": "AUTOGRAPH",
  "pgs_mean": 0.06642478887901564,
  "pgs_std": 0.01061606216181276,
  "wl_mean": 0.07286452507023754,
  "wl_std": 0.009599145697704646,
  "shortest_path_mean": 0.05319852198986068,
  "shortest_path_std": 0.008431397650377386,
  "pyramid_match_mean": 0.05830630788737201,
  "pyramid_match_std": 0.006716563090736182
}