{
  "dataset": "proteins",
  "model": "AUTOGRAPH",
  "pgs_mean": 0.38204077024569427,
  "pgs_std": 0.03355418231223971,
  "wl_mean": 0.14086835611871446,
  "wl_std": 0.057342485902085294,
  "shortest_path_mean": 0.38204077024569427,
  "shortest_path_std": 0.03355418231223971,
  "pyramid_match_mean": 0.13226577034940407,
  "pyramid_match_std": 0.05213272458991782
}