{
  "dataset": "proteins",
  "model": "DIGRESS",
  "pgs_mean": 0.3863631859120732,
  "pgs_std": 0.024239612347819,
  "wl_mean": 0.03500512127283102,
  "wl_std": 0.038792909618886026,
  "shortest_path_mean": 0.3863631859120732,
  "shortest_path_std": 0.024239612347819,
  "pyramid_match_mean": 0.011582124127523023,
  "pyramid_match_std": 0.018800741954101516
}