{
  "dataset": "proteins",
  "model": "GRAN",
  "pgs_mean": 0.5355877372006426,
  "pgs_std": 0.031313726223986094,
  "wl_mean": 0.5355877372006426,
  "wl_std": 0.031313726223986094,
  "shortest_path_mean": 0.4050972037346436,
  "shortest_path_std": 0.034676094903244095,
  "pyramid_match_mean": 0.4851995264055572,
  "pyramid_match_std": 0.028839179737255964
}