{
  "dataset": "sbm",
  "model": "AUTOGRAPH",
  "pgs_mean": 0.02292384448456399,
  "pgs_std": 0.02569363986916161,
  "wl_mean": 0.005499596636446396,
  "wl_std": 0.01261901225104386,
  "shortest_path_mean": 0.029992816359953545,
  "shortest_path_std": 0.023563225021807167,
  "pyramid_match_mean": 0.01508416272214035,
  "pyramid_match_std": 0.016369205148266237
}