{
  "dataset": "sbm",
  "model": "GRAN",
  "pgs_mean": 0.46687527443098,
  "pgs_std": 0.01228648706705268,
  "wl_mean": 0.46687527443098,
  "wl_std": 0.01228648706705268,
  "shortest_path_mean": 0.32385319719938155,
  "shortest_path_std": 0.01074035432050851,
  "pyramid_match_mean": 0.45896045577032585,
  "pyramid_match_std": 0.011827501457921186
}