{
  "dataset": "sbm",
  "model": "DIGRESS",
  "pgs_mean": 0.0868860391278474,
  "pgs_std": 0.025042373792813478,
  "wl_mean": 0.09095653030963628,
  "wl_std": 0.023737265925123836,
  "shortest_path_mean": 0.04393829064985764,
  "shortest_path_std": 0.025544747007520123,
  "pyramid_match_mean": 0.07958604150724966,
  "pyramid_match_std": 0.01753799499382908
}