{
  "dataset": "planar",
  "model": "GRAN",
  "pgs_standard_mean": 0.9925654888153076,
  "pgs_standard_std": 0.010591065170562176,
  "pgs_concatenated_mean": 0.9900869965553284,
  "pgs_concatenated_std": 0.006424517654360969
}