{
  "dataset": "planar",
  "model": "GRAN",
  "pgs_standard_mean": 0.9405094265937806,
  "pgs_standard_std": 0.02976277294496925,
  "pgs_concatenated_mean": 0.951183658838272,
  "pgs_concatenated_std": 0.024118576835267105
}