{
  "dataset": "proteins",
  "model": "AUTOGRAPH",
  "pgs_standard_mean": 0.5539052829146385,
  "pgs_standard_std": 0.11942709780521604,
  "pgs_concatenated_mean": 0.8637092292308808,
  "pgs_concatenated_std": 0.0374836313347884
}