{
  "dataset": "proteins",
  "model": "GRAN",
  "pgs_standard_mean": 0.8374813735485077,
  "pgs_standard_std": 0.057751299082158224,
  "pgs_concatenated_mean": 0.9171156883239746,
  "pgs_concatenated_std": 0.03284001549203255
}