{
  "dataset": "proteins",
  "model": "ESGG",
  "pgs_standard_mean": 0.7777238428592682,
  "pgs_standard_std": 0.05136331820061594,
  "pgs_concatenated_mean": 0.9938245594501496,
  "pgs_concatenated_std": 0.002022735316269814
}