{
  "dataset": "sbm",
  "model": "GRAN",
  "pgs_standard_mean": 0.6877518713474273,
  "pgs_standard_std": 0.011109317118594331,
  "pgs_concatenated_mean": 0.7787210702896118,
  "pgs_concatenated_std": 0.008772477131558971
}