{
  "dataset": "sbm",
  "model": "GRAN",
  "pgs_standard_mean": 0.6715508282184601,
  "pgs_standard_std": 0.014480578603029634,
  "pgs_concatenated_mean": 0.9119183123111725,
  "pgs_concatenated_std": 0.004127004861990446
}